http://www.everydayhealth.com/womens-health/yeast-infections/index.aspx , 0
http://www.everydayhealth.com/news/heat-waves-could-worsen-copd-symptoms/ , 0
http://www.everydayhealth.com/anemia/anemia-basics.aspx , 0
http://www.everydayhealth.com/cancer/humor-therapy-and-cancer.aspx , 0
http://www.everydayhealth.com/depression/whos-at-risk-for-postpartum-depression.aspx , 0
http://www.everydayhealth.com/crohns-disease/finding-clinical-trials-for-crohns.aspx , 0
http://www.everydayhealth.com/heart-disease/dvt/index.aspx , 0
http://www.everydayhealth.com/news/for-heart-attack-survivors-more-exercise-isnt-always-better/ , 0
http://www.everydayhealth.com/heart-health/0212/silent-atrial-fibrillation-may-be-behind-stroke.aspx , 0
http://www.everydayhealth.com/gerd/understanding/symptoms-of-reflux.aspx , 0
http://www.everydayhealth.com/heart-health/heart-disease-and-diabetes.aspx , 0
http://www.everydayhealth.com/news/hepatitis-c-could-become-rare-disease-twenty-years/ , 0
http://www.everydayhealth.com/anxiety/anxiety-and-depression.aspx , 0
http://www.everydayhealth.com/cancer/chemotherapy-and-your-immune-system.aspx , 0
http://www.everydayhealth.com/cancer/grief-and-the-cancer-caregiver.aspx , 0
http://www.everydayhealth.com/diabetes/teeth-matter-too.aspx , 0
http://www.everydayhealth.com/heart-health/cholesterol-lowering-medications.aspx , 0
http://www.everydayhealth.com/diabetes/diabetic-emergencies.aspx , 0
http://www.everydayhealth.com/diabetes/type2/treating/oral-medications.aspx , 0
http://www.everydayhealth.com/cancer/understanding/complementary-and-alternative-medicine-in-cancer-treatment.aspx , 0
http://www.everydayhealth.com/diabetes/diabetes-screening-guidelines.aspx , 0
http://www.everydayhealth.com/sexual-health/dr-laura-berman-sex-during-period.aspx , 0
http://www.everydayhealth.com/senior-health/heart-healthy-habits-for-seniors.aspx , 0
http://www.everydayhealth.com/diabetes/1126/fda-opens-door-to-wider-avandia-prescribing.aspx , 0
http://www.everydayhealth.com/heart-health/heart-scan.aspx , 0
http://www.everydayhealth.com/news/diet-changes-can-alter-gut-bacteria/ , 0
http://www.everydayhealth.com/depression/coping-with-depression-and-insomnia.aspx , 0
http://www.everydayhealth.com/digestive-health/foods-that-cause-excessive-gas.aspx , 0
http://www.everydayhealth.com/ankylosing-spondylitis/who-gets-ankylosing-spondylitis.aspx , 0
http://www.everydayhealth.com/gerd/understanding.aspx , 0
http://www.everydayhealth.com/adhd/what-is-adhd.aspx , 0
http://www.everydayhealth.com/conditions/minimize-crohns-flares-with-corticosteroids/ , 0
http://www.everydayhealth.com/cancer/is-a-cancer-clinical-trial-right-for-you.aspx , 0
http://www.everydayhealth.com/digestive-health/ulcer/index.aspx , 0
http://www.everydayhealth.com/addiction/addiction-basics.aspx , 0
http://www.everydayhealth.com/copd/copd-cough-whats-in-it.aspx , 0
http://www.everydayhealth.com/digestive-health/constipation-causes.aspx , 0
http://www.everydayhealth.com/colitis-specialist/polyps-or-appendicitis.aspx , 0
http://www.everydayhealth.com/specialists/arthritis/kitridou/qa/an-NSAID-primer.aspx , 0
http://www.everydayhealth.com/meningitis/meningitis-basics.aspx , 0
http://www.everydayhealth.com/cold-and-flu/what-happened-to-sars.aspx , 0
http://www.everydayhealth.com/conditions/get-your-kids-quit-smoking/ , 0
http://www.everydayhealth.com/cold-flu/bird-flu-one-mutation-away-from-a-potential-pandemic-2764.aspx , 0
http://www.everydayhealth.com/adhd-awareness/does-technology-cause-adhd.aspx , 0
http://www.everydayhealth.com/type-2-diabetes/insulin-injections-for-type-2-diabetes.aspx , 0
http://www.everydayhealth.com/cancer/understanding/defining-cancer.aspx , 0
http://www.everydayhealth.com/ankylosing-spondylitis/get-better-sleep-with-ankylosing-spondylitis.aspx , 0
http://www.everydayhealth.com/adhd/symptoms-adhd.aspx , 0
http://www.everydayhealth.com/diabetes/diabetes-during-pregnancy-can-be-deadly-for-your-child-2850.aspx , 0
http://www.everydayhealth.com/heart-health/how-doctors-diagnose-atrial-fibrillation.aspx , 0
http://www.everydayhealth.com/cold-and-flu/0620/cdc-flu-shots-averted-millions-of-cases.aspx , 0
http://www.everydayhealth.com/pain-management/headache/index.aspx , 0
http://www.everydayhealth.com/diabetes/managing-your-diabetes.aspx , 0
http://www.everydayhealth.com/chronic-fatigue-syndrome/chronic-fatigue-syndrome-basics.aspx , 0
http://www.everydayhealth.com/diabetes/preventing-hypoglycemia.aspx , 0
http://www.everydayhealth.com/crohns-disease/top-tips-for-dining-out-with-crohns-disease.aspx , 0
http://www.everydayhealth.com/leukemia/fighting-depression-after-a-leukemia-diagnosis.aspx , 0
http://www.everydayhealth.com/depression/depression-in-older-adults.aspx , 0
http://www.everydayhealth.com/depression/understanding/what-is-major-depression.aspx , 0
http://www.everydayhealth.com/adhd/living-with/parenting-an-adhd-child.aspx , 0
http://www.everydayhealth.com/cancer/chemotherapy-support/chemotherapy-101.aspx , 0
http://www.everydayhealth.com/depression/understanding-atypical-depression.aspx , 0
http://www.everydayhealth.com/cancer/nutrition-for-cancer-patients.aspx , 0
http://www.everydayhealth.com/crohns-disease/crohns-caregiving.aspx , 0
http://www.everydayhealth.com/depression/lack-of-energy-with-depression.aspx , 0
http://www.everydayhealth.com/diabetes/the-importance-of-exercise.aspx , 0
http://www.everydayhealth.com/diabetes/a-team-approach-to-managing-diabetes.aspx , 0
http://www.everydayhealth.com/depression/what-is-depression.aspx , 0
http://www.everydayhealth.com/add-adhd/decoding-attention-deficit-disorder-add-or-adhd.aspx , 0
http://www.everydayhealth.com/womens-health/incontinence/index.aspx , 0
http://www.everydayhealth.com/colitis-specialist/colonoscopy-frequency.aspx , 0
http://www.everydayhealth.com/depression/depression-in-children.aspx , 0
http://www.everydayhealth.com/digestive-health/lactose-intolerance.aspx , 0
http://www.everydayhealth.com/crohns-disease/crohns-management.aspx , 0
http://www.everydayhealth.com/news/certain-sedatives-tied-breathing-problems-older-copd-patients/ , 0
http://www.everydayhealth.com/adhd/diet-and-adhd.aspx , 0
http://www.everydayhealth.com/heart-health/7-reasons-you-may-be-at-risk-for-atrial-fibrillation.aspx , 0
http://www.everydayhealth.com/diet-nutrition/vitamins-meds.aspx , 0
http://www.everydayhealth.com/cancer/understanding/treatment-methods.aspx , 0
http://www.everydayhealth.com/news/drug-resistant-superbug-increasing-southeast-us-hospitals/ , 0
http://www.everydayhealth.com/cancer/head-and-neck/index.aspx , 0
http://www.everydayhealth.com/news/foreclosures-tied-to-higher-suicide-risk/ , 0
http://www.everydayhealth.com/digestive-health/hemorrhoids.aspx , 0
http://www.everydayhealth.com/diabetes/how-exercise-affects-glucose.aspx , 0
http://www.everydayhealth.com/peripheral-artery-disease/what-you-should-know-about-peripheral-artery-disease.aspx , 0
http://www.everydayhealth.com/news/is-anxiety-hereditary/ , 0
http://www.everydayhealth.com/digestive-health/abnormal-stool.aspx , 0
http://www.everydayhealth.com/digestive-awareness/what-to-eat-when-you-have-diarrhea.aspx , 0
http://www.everydayhealth.com/foot-health/foot-health-basics.aspx , 0
http://www.everydayhealth.com/news/how-to-boost-heart-health-with-springs-fresh-produce/ , 0
http://www.everydayhealth.com/depression/a-step-by-step-guide-to-depression-recovery.aspx , 0
http://www.everydayhealth.com/cancer/cancer-and-attitudes.aspx , 0
http://www.everydayhealth.com/adhd/recognizing-the-types-of-adhd.aspx , 0
http://www.everydayhealth.com/depression/related-conditions/depression-and-pain.aspx , 0
http://www.everydayhealth.com/crohns-disease/five-tips-for-those-newly-diagnosed-with-crohn's.aspx , 0
http://www.everydayhealth.com/news/standing-tall-helgi-olafsons-life-with-ankylosing-spondylitis/ , 0
http://www.everydayhealth.com/cancer/understanding/symptoms.aspx , 0
http://www.everydayhealth.com/copd/the-lung-flute-new-copd-treatment-could-help-you-breathe-easier-4608.aspx , 0
http://www.everydayhealth.com/crohns-disease/cannabis-for-crohns-disease.aspx , 0
http://www.everydayhealth.com/cold-and-flu/0204/beware-fake-flu-treatments-fda-warns.aspx , 0
http://www.everydayhealth.com/ankylosing-spondylitis/my-ankylosing-spondylitis-story-a-diagnosis-delayed.aspx , 0
http://www.everydayhealth.com/heart-health/supplements.aspx , 0
http://www.everydayhealth.com/digestive-health/gas/index.aspx , 0
http://www.everydayhealth.com/gallbladder/gallbladder-basics.aspx , 0
http://www.everydayhealth.com/diabetes/nerve-damage-and-diabetes.aspx , 0
http://www.everydayhealth.com/crohns-disease/crohns-disease-medications.aspx , 0
http://www.everydayhealth.com/diabetes/treating-low-blood-sugar.aspx , 0
http://www.everydayhealth.com/conditions/protect-your-heart-from-ankylosing-spondylitis/ , 0
http://www.everydayhealth.com/appendicitis/appendix/ , 0
http://www.everydayhealth.com/epilepsy/index.aspx , 0
http://www.everydayhealth.com/multiple-myeloma/basics.aspx , 0
http://www.everydayhealth.com/cold-and-flu/0603/whooping-cough-cases-rise-as-parents-opt-out-of-vaccine.aspx , 0
http://www.everydayhealth.com/depression/understanding/real-men-dont-get-help.aspx , 0
http://www.everydayhealth.com/headache-and-migraine/headache-medications-to-avoid.aspx , 0
http://www.everydayhealth.com/arthritis/inflammatory-arthritis/ankylosing-spondylitis.aspx , 0
http://www.everydayhealth.com/digestive-health/diarrhea-treatment.aspx , 0
http://www.everydayhealth.com/news/your-stomach-bug-may-well-norovirus/ , 0
http://www.everydayhealth.com/diabetes/diabetes-and-sugar-substitutes.aspx , 0
http://www.everydayhealth.com/digestive-health/constipation-in-kids.aspx , 0
http://www.everydayhealth.com/heart-health/daily-life-with-atrial-fibrillation.aspx , 0
http://www.everydayhealth.com/cancer/a-guide-for-the-cancer-caregiver.aspx , 0
http://www.everydayhealth.com/cancer/avoiding-cancer-stress-on-the-job.aspx , 0
http://www.everydayhealth.com/sleep/sleep-apnea.aspx , 0
http://www.everydayhealth.com/heart-health/1025/two-treatments-for-atrial-fibrillation-are-equally-effective.aspx , 0
http://www.everydayhealth.com/digestive-health/gerd/living/3-ways-to-prevent-heartburn-flareandndashups.aspx , 0
http://www.everydayhealth.com/news/simon-says-play-child-treat-adhd-symptoms/ , 0
http://www.everydayhealth.com/conditions/best-supplements-copd/ , 0
http://www.everydayhealth.com/adhd/adult-adhd/diagnosing-adhd-in-adults.aspx , 0
http://www.everydayhealth.com/digestive-health/ibs/index.aspx , 0
http://www.everydayhealth.com/news/how-mri-can-predict-heart-attacks-and-stroke/ , 0
http://www.everydayhealth.com/ankylosing-spondylitis/stand-up-straight-ankylosing-spondylitis-and-good-posture.aspx , 0
http://www.everydayhealth.com/crohns-disease/marnina-and-seth-cooking-with-crohns.aspx , 0
http://www.everydayhealth.com/news/antibiotic-resistance-among-foodborne-illness-germs-mixed-bag/ , 0
http://www.everydayhealth.com/crohns-disease/does-crohns-run-in-your-family.aspx , 0
http://www.everydayhealth.com/diabetes/monitoring-your-blood-sugar-levels.aspx , 0
http://www.everydayhealth.com/eczema/eczema-basics.aspx , 0
http://www.everydayhealth.com/healthy-living/depression-symptoms.aspx , 0
http://www.everydayhealth.com/crohns-disease/crohns-complementary-alternative-treatment.aspx , 0
http://www.everydayhealth.com/crohns-disease/basics.aspx , 0
http://www.everydayhealth.com/cold-and-flu/0620/study-reveals-how-new-respiratory-virus-spreads.aspx , 0
http://www.everydayhealth.com/heart-health/prevention.aspx , 0
http://www.everydayhealth.com/depression/treating/therapy.aspx , 0
http://www.everydayhealth.com/adhd-awareness/the-rise-of-adhd.aspx , 0
http://www.everydayhealth.com/news/getting-your-life-back-after-stroke/ , 0
http://www.everydayhealth.com/heart-health/heart-attack.aspx , 0
http://www.everydayhealth.com/digestive-health/treatment-for-excessive-gas.aspx , 0
http://www.everydayhealth.com/womens-health/osteoporosis/index.aspx , 0
http://www.everydayhealth.com/eating-disorders/eating-disorders-basics.aspx , 0
http://www.everydayhealth.com/depression/types/postpartum-depression.aspx , 0
http://www.everydayhealth.com/mesothelioma/mesothelioma-basics.aspx , 0
http://www.everydayhealth.com/cancer/emotional-impact-of-cancer-diagnosis.aspx , 0
http://www.everydayhealth.com/cancer/understanding-cancer-stages.aspx , 0
http://www.everydayhealth.com/heart-health/living-with-atrial-fibrillation-marcie-wilson.aspx , 0
http://www.everydayhealth.com/cancer/cancer-cure-hope.aspx , 0
http://www.everydayhealth.com/brain-tumor/brain-tumor-symptoms.aspx , 0
http://www.everydayhealth.com/copd/pulmonary-rehabilitation.aspx , 0
http://www.everydayhealth.com/news/heart-medication-digoxin-linked-higher-risk-death-some/ , 0
http://www.everydayhealth.com/news/h1n1-hitting-younger-adults-hard-this-flu-season/ , 0
http://www.everydayhealth.com/crohns-disease/the-best-dairy-alternatives-for-crohns-disease.aspx , 0
http://www.everydayhealth.com/diabetes/protecting-your-eyes.aspx , 0
http://www.everydayhealth.com/adhd/adult-adhd/adult-adhd-treatment.aspx , 0
http://www.everydayhealth.com/cancer/when-a-child-has-cancer.aspx , 0
http://www.everydayhealth.com/adhd/adhd-and-relationships.aspx , 0
http://www.everydayhealth.com/cancer/money-matters-cancer-and-health-insurance.aspx , 0
http://www.everydayhealth.com/digestive-health/mom-my-belly-hurts-common-digestive-issues-in-children.aspx , 0
http://www.everydayhealth.com/news/fda-approves-new-kind-of-insomnia-drug/ , 0
http://www.everydayhealth.com/sanjay-gupta/pin-up-model-reboots-her-immune-system.aspx , 0
http://www.everydayhealth.com/cancer/sexuality-during-cancer-treatment.aspx , 0
http://www.everydayhealth.com/diabetes/drugmaker-recalls-millions-of-diabetes-testing-strips.aspx , 0
http://www.everydayhealth.com/depression/how-exercise-helps-mdd.aspx , 0
http://www.everydayhealth.com/sleep/insomnia.aspx , 0
http://www.everydayhealth.com/cancer/when-cancer-changes-your-appearance.aspx , 0
http://www.everydayhealth.com/ovarian-cancer/ovarian-cancer-causes-and-risk-factors.aspx , 0
http://www.everydayhealth.com/depression/understanding/what-is-dysthymia.aspx , 0
http://www.everydayhealth.com/liver-cancer/liver-cancer-basics.aspx , 0
http://www.everydayhealth.com/copd/genetic-copd-understanding.aspx , 0
http://www.everydayhealth.com/heart-health/risk-factors.aspx , 0
http://www.everydayhealth.com/heart-health/women-and-heart-disease.aspx , 0
http://www.everydayhealth.com/depression/pros-and-cons-of-two-controversial-depression-treatments.aspx , 0
http://www.everydayhealth.com/heart-health/things-atrial-fibrillation-experts-want-you-to-know.aspx , 0
http://www.everydayhealth.com/news/diet-tied-to-better-breathing-in-copd-patients/ , 0
http://www.everydayhealth.com/cancer/cancer-research-where-funding-goes.aspx , 0
http://www.everydayhealth.com/copd/0719/copd-tied-to-tiny-brain-bleeds-study-finds.aspx , 0
http://www.everydayhealth.com/diabetes/understanding-hypoglycemia-low-blood-sugar.aspx , 0
http://www.everydayhealth.com/crohns-disease/caring-for-childhood-crohns-disease.aspx , 0
http://www.everydayhealth.com/heart-health/calcium-channel-blocker.aspx , 0
http://www.everydayhealth.com/news/less-educated-smokers-greatest-risk-stroke/ , 0
http://www.everydayhealth.com/digestive-health/gas/a-gas-primer.aspx , 0
http://www.everydayhealth.com/ankylosing-spondylitis/a-healthy-diet-for-ankylosing-spondylitis.aspx , 0
http://www.everydayhealth.com/heart-health/researchers-identify-a-new-atrial-fibrillation-risk-factor-6491.aspx , 0
http://www.everydayhealth.com/depression/drugs.aspx , 0
http://www.everydayhealth.com/news/are-you-risk-heat-stroke/ , 0
http://www.everydayhealth.com/cancer/united-in-hope.aspx , 0
http://www.everydayhealth.com/copd/breaking-down-definition-copd.aspx , 0
http://www.everydayhealth.com/news/coaching-may-help-people-with-diabetes-battle-depression-disease-better/ , 0
http://www.everydayhealth.com/cold-and-flu/bipolar-disorder-risk-for-babies-born-to-moms-who-had-flu-8773.aspx , 0
http://www.everydayhealth.com/heart-health/treating-heart-attack.aspx , 0
http://www.everydayhealth.com/cancer/cancer-glossary.aspx , 0
http://www.everydayhealth.com/sanjay-gupta/managing-a-migraine-brain.aspx , 0
http://www.everydayhealth.com/depression/depression-and-your-sex-life.aspx , 0
http://www.everydayhealth.com/heart-health/eat-healthy-foods.aspx , 0
http://www.everydayhealth.com/digestive-health/more-than-just-cramps-digestive-disorders-and-pregnancy.aspx , 0
http://www.everydayhealth.com/sexual-health/better-sex/his-and-her-guide-to-oral-stimulation.aspx , 0
http://www.everydayhealth.com/tuberculosis/basics.aspx , 0
http://www.everydayhealth.com/adhd-children/family-travel-tips.aspx , 0
http://www.everydayhealth.com/testicular-cancer/basics.aspx , 0
http://www.everydayhealth.com/depression/drug-side-effects.aspx , 0
http://www.everydayhealth.com/alternative-health/the-basics.aspx , 0
http://www.everydayhealth.com/cancer/end-of-life-issues-for-cancer-patients.aspx , 0
http://www.everydayhealth.com/arthritis/osteoarthritis/index.aspx , 0
http://www.everydayhealth.com/digestive-health/treatment-for-heartburn-and-gerd.aspx , 0
http://www.everydayhealth.com/constipation/constipation-tips.aspx , 0
http://www.everydayhealth.com/diabetes/spotting-the-signs-of-hypoglycemia.aspx , 0
http://www.everydayhealth.com/digestive-health/diarrhea/travelers-diarrhea.aspx , 0
http://www.everydayhealth.com/gestational-diabetes/oral-medications-for-gestational-diabetes.aspx , 0
http://www.everydayhealth.com/cold-and-flu/companies-should-pay-you-to-stay-home-with-the-flu-study-says.aspx , 0
http://www.everydayhealth.com/heart-health/chest-pain-information.aspx , 0
http://www.everydayhealth.com/news/how-to-prevent-hepatitis-c-infection/ , 0
http://www.everydayhealth.com/news/some-jobs-harder-on-the-heart-than-others/ , 0
http://www.everydayhealth.com/cancer/chemotherapy-side-effects.aspx , 0
http://www.everydayhealth.com/news/meredith-vieira-balancing-act/ , 0
http://www.everydayhealth.com/digestive-health/diarrhea/index.aspx , 0
http://www.everydayhealth.com/crohns-disease/thirteen-supplements-for-fighting-crohns-disease.aspx , 0
http://www.everydayhealth.com/rosacea/rosacea-basics.aspx , 0
http://www.everydayhealth.com/news/cpr-app-saving-lives-one-text-at-a-time/ , 0
http://www.everydayhealth.com/colitis-specialist/colonoscopy-frequency.aspx?xid=RSS_Crohn's%20Disease , 0
http://www.everydayhealth.com/pancreatic-cancer/basics.aspx , 0
http://www.everydayhealth.com/pain-management/headache/cluster-headache.aspx , 0
http://www.everydayhealth.com/news/not-all-drugs-are-tested-alike/ , 0
http://www.everydayhealth.com/news/diabetes-may-be-bigger-threat-female-heart/ , 0
http://www.everydayhealth.com/depression/depression-and-obesity.aspx , 0
http://www.everydayhealth.com/autism/autism-basics.aspx , 0
http://www.everydayhealth.com/heart-health/recognizing-symptoms-of-atrial-fibrillation.aspx , 0
http://www.everydayhealth.com/celiac-disease/index.aspx , 0
http://www.everydayhealth.com/copd/new-drug-shows-promise-for-copd-and-asthma-5388.aspx , 0
http://www.everydayhealth.com/heart-health/the-link-between-atrial-fibrillation-and-obesity.aspx , 0
http://www.everydayhealth.com/copd/ways-to-protect-your-lungs-during-pregnancy.aspx , 0
http://www.everydayhealth.com/depression/treating/alternative-treatments.aspx , 0
http://www.everydayhealth.com/adhd/adhd-research.aspx , 0
http://www.everydayhealth.com/cold-and-flu/0716/chinas-bird-flus-drug-resistance-worries-experts.aspx , 0
http://www.everydayhealth.com/crohns-disease/simple-ways-to-explain-crohns-disease-to-others.aspx , 0
http://www.everydayhealth.com/urinary-tract-infection/urinary-tract-infection-basics.aspx , 0
http://www.everydayhealth.com/news/ebola-patient-flown-to-us-for-treatment/ , 0
http://www.everydayhealth.com/news/employees-benefit-from-natural-light/ , 0
http://www.everydayhealth.com/cancer/radiation-therapy-for-cancer-treatment.aspx , 0
http://www.everydayhealth.com/news/obesity-may-raise-risk-copd/ , 0
http://www.everydayhealth.com/news/fda-approves-new-type-2-diabetes-drug/ , 0
http://www.everydayhealth.com/adhd/adult-adhd/tips/adhd-coach.aspx , 0
http://www.everydayhealth.com/cancer/life-after-cancer.aspx , 0
http://www.everydayhealth.com/news/afib-heart-condition-depression-vicious-cycle/ , 0
http://www.everydayhealth.com/news/myths-and-facts-about-dietary-fat-and-your-heart/ , 0
http://www.everydayhealth.com/news/should-your-adhd-child-join-a-friendship-group/ , 0
http://www.everydayhealth.com/conditions/copd-myths-that-can-make-you-sicker/ , 0
http://www.everydayhealth.com/dental-health/101.aspx , 0
http://www.everydayhealth.com/ankylosing-spondylitis/ankylosing-spondylitis-treatment.aspx , 0
http://www.everydayhealth.com/conditions/how-copd-changes-end-of-life-care/ , 0
http://www.everydayhealth.com/adhd/adhd-treatment-and-diagnosis.aspx , 0
http://www.everydayhealth.com/news/patients-want-diabetes-friendly-meals-menu/ , 0
http://www.everydayhealth.com/diabetes/monitoring-carbohydrates.aspx , 0
http://www.everydayhealth.com/conditions/ankylosing-spondylitis/pool-exercises-for-as/ , 0
http://www.everydayhealth.com/acne.aspx , 0
http://www.everydayhealth.com/digestive-health/heartburn-and-gerd.aspx , 0
http://www.everydayhealth.com/brain-tumor/brain-tumor-basics.aspx , 0
http://www.everydayhealth.com/conditions/how-physical-therapy-helps-ankylosing-spondylitis/ , 0
http://www.everydayhealth.com/news/study-links-poor-sleep-suicide-risk/ , 0
http://www.everydayhealth.com/cancer/exercise-and-cancer-treatment.aspx , 0
http://www.everydayhealth.com/shingles/shingles-basics.aspx , 0
http://www.everydayhealth.com/cold-flu/beauty-sos-for-cold-symptoms.aspx , 0
http://www.everydayhealth.com/news/finding-peer-support-during-hepatitis-c-infection/ , 0
http://www.everydayhealth.com/heart-disease/avoiding-common-pitfalls.aspx , 0
http://www.everydayhealth.com/news/popular-chrons-colitis-drugs-not-linked-to-short-term-cancer-risk/ , 0
http://www.everydayhealth.com/news/the-cost-of-copd-and-the-affordable-care-act/ , 0
http://www.everydayhealth.com/skin-cancer/types-of-skin-cancer.aspx , 0
http://www.everydayhealth.com/news/overcoming-hepatitis-c-after-liver-transplant-davids-story/ , 0
http://www.everydayhealth.com/colitis-specialist/polyps-or-appendicitis.aspx?xid=RSS_Crohn's%20Disease , 0
http://www.everydayhealth.com/copd/copd-never-too-late-to-quit-smoking.aspx , 0
http://www.everydayhealth.com/diet-and-nutrition/0404/breakfast-calories-key-to-total-intake-study-finds.aspx , 0
http://www.everydayhealth.com/conditions/common-crohns-side-effect-you-should-aware-of/ , 0
http://www.everydayhealth.com/depression/preventing.aspx , 0
http://www.everydayhealth.com/diet-nutrition/flat-belly-myth.aspx , 0
http://www.everydayhealth.com/ankylosing-spondylitis/ankylosing-spondylitis-diagnosis.aspx , 0
http://www.everydayhealth.com/cervical-cancer/basics.aspx , 0
http://www.everydayhealth.com/copd/1009/advanced-image-analysis-maps-copd-severity.aspx , 0
http://www.everydayhealth.com/cancer/cancer-and-diet-questions.aspx , 0
http://www.everydayhealth.com/heart-health/heart-surgery.aspx , 0
http://www.everydayhealth.com/news/gut-microbes-differ-obese-diabetic-people/ , 0
http://www.everydayhealth.com/heart-disease/is-it-a-heart-attack.aspx , 0
http://www.everydayhealth.com/parkinsons-disease/parkinsons-disease-basics.aspx , 0
http://www.everydayhealth.com/senior-health/stroke/index.aspx , 0
http://www.everydayhealth.com/adhd/adult-adhd/adhd-in-adults.aspx , 0
http://www.everydayhealth.com/cancer/cancer-and-family-members.aspx , 0
http://www.everydayhealth.com/news/obamacare-best-thing-happen-people-with-adhd/ , 0
http://www.everydayhealth.com/smoking-cessation/index.aspx , 0
http://www.everydayhealth.com/conditions/water-exercises-for-arthritis/ , 0
http://www.everydayhealth.com/arthritis/index.aspx , 0
http://www.everydayhealth.com/pms/pms-basics.aspx , 0
http://www.everydayhealth.com/cancer/deciding-on-a-cancer-treatment-plan.aspx , 0
http://www.everydayhealth.com/headache-migraine/migraine-auras.aspx , 0
http://www.everydayhealth.com/news/women-blacks-hit-harder-heart-disease-risk-factors/ , 0
http://www.everydayhealth.com/appendicitis/ , 0
http://www.everydayhealth.com/copd/copd-medications.aspx , 0
http://www.everydayhealth.com/diabetes/doing-your-research.aspx , 0
http://www.everydayhealth.com/heart-health/cardio-exercise-routine.aspx , 0
http://www.everydayhealth.com/headache-migraine/migraine-pain-diagnosis.aspx , 0
http://www.everydayhealth.com/digestive-health/five-home-remedies-for-constipation.aspx , 0
http://www.everydayhealth.com/pneumonia.aspx , 0
http://www.everydayhealth.com/depression/winter-blues.aspx , 0
http://www.everydayhealth.com/news/one-womans-kitchen-cure-digestive-disease/ , 0
http://www.everydayhealth.com/cold-flu/1009/the-best-way-to-treat-a-cold.aspx , 0
http://www.everydayhealth.com/depression/the-link-between-depression-and-diabetes.aspx , 0
http://www.everydayhealth.com/type-2-diabetes/pvd-and-type-2-diabetes.aspx , 0
http://www.everydayhealth.com/specialists/heart/agatston/qa/advice-on-heart-disease-prevention/index.aspx , 0
http://www.everydayhealth.com/cold-and-flu/h7n9-bird-flu-shows-resistance-to-tamiflu-study-says.aspx , 0
http://www.everydayhealth.com/depression/treating.aspx , 0
http://www.everydayhealth.com/news/snorting-caffeine-powder-could-damage-your-heart/ , 0
http://www.everydayhealth.com/emotional-health/schizophrenia/index.aspx , 0
http://www.everydayhealth.com/adhd/adult-adhd.aspx , 0
http://www.everydayhealth.com/crohns-disease/anatomy-of-a-crohns-flare.aspx , 0
http://www.everydayhealth.com/news/forty-percent-of-americans-will-develop-diabetes/ , 0
http://www.everydayhealth.com/thyroid-cancer/thyroid-cancer-basics.aspx , 0
http://www.everydayhealth.com/news/doctors-may-miss-out-recommending-aspirin-therapy/ , 0
http://www.everydayhealth.com/news/have-heart-how-to-keep-beat-healthy-with-exercise/ , 0
http://www.everydayhealth.com/fibromyalgia/fibromyalgia-101.aspx , 0
http://www.everydayhealth.com/heart-health/aspirin-and-heart-attack-risk.aspx , 0
http://www.everydayhealth.com/esophageal-cancer/basics.aspx , 0
http://www.everydayhealth.com/depression/symptoms.aspx , 0
http://www.everydayhealth.com/headache-migraine/headache-relief-meditation.aspx , 0
http://www.everydayhealth.com/news/gabrielle-union-age-defying-beauty-rules/ , 0
http://www.everydayhealth.com/heart-health/atrial-fibrillation-treatment-options.aspx , 0
http://www.everydayhealth.com/cold-and-flu/0614/saliva-may-improve-with-age-for-flu-protection.aspx , 0
http://www.everydayhealth.com/cancer/chemotherapy-a-cancer-treatment-standard.aspx , 0
http://www.everydayhealth.com/lymphoma/lymphoma-basics.aspx , 0
http://www.everydayhealth.com/erectile-dysfunction/erectile-dysfunction-and-type-2-diabetes.aspx , 0
http://www.everydayhealth.com/news/exercise-may-spur-more-varied-gut-microbes/ , 0
http://www.everydayhealth.com/swine-flu.aspx , 0
http://www.everydayhealth.com/news/no-tv-obesity-ancient-people-still-had-heart-disease/ , 0
http://www.everydayhealth.com/diverticulitis/ , 0
http://www.everydayhealth.com/ankylosing-spondylitis/keeping-your-eyes-healthy-with-ankylosing-spondylitis.aspx , 0
http://www.everydayhealth.com/news/are-doctors-appropriately-treating-flu-patients/ , 0
http://www.everydayhealth.com/news/how-to-keep-your-heart-fit-with-atrial-fibrillation/ , 0
http://www.everydayhealth.com/cancer/biological-therapy-for-cancer-treatment.aspx , 0
http://www.everydayhealth.com/brain-tumor/brain-tumor-risk-factors.aspx , 0
http://www.everydayhealth.com/cancer/finding-the-right-cancer-pain-relief.aspx , 0
http://www.everydayhealth.com/ankylosing-spondylitis/massage-therapy-for-ankylosing-spondylitis.aspx , 0
http://www.everydayhealth.com/diabetes/future-insulin-delivery-systems.aspx , 0
http://www.everydayhealth.com/cancer/8-common-cancer-myths.aspx , 0
http://www.everydayhealth.com/digestive-health/constipation/complications-of-constipation.aspx , 0
http://www.everydayhealth.com/cancer/do-cell-phones-cause-cancer.aspx , 0
http://www.everydayhealth.com/heart-health/atrial-fibrillation-stroke-connection.aspx , 0
http://www.everydayhealth.com/cancer/when-surgery-is-the-best-treatment.aspx , 0
http://www.everydayhealth.com/adhd/adhd-and-discipline.aspx , 0
http://www.everydayhealth.com/cancer/can-you-really-prevent-cancer.aspx , 0
http://www.everydayhealth.com/cancer/cancer-treatment-decisions.aspx , 0
http://www.everydayhealth.com/news/hepatitis-c-screening-must-for-baby-boomers/ , 0
http://www.everydayhealth.com/adhd/what-causes-adhd.aspx , 0
http://www.everydayhealth.com/cold-flu/tips-to-shorten-cold-duration.aspx , 0
http://www.everydayhealth.com/depression/drugs/pristiq.aspx , 1
http://www.everydayhealth.com/arthritis/inflammatory-arthritis/ask-your-doctor-about-ankylosing-spondylitis.aspx , 1
http://www.everydayhealth.com/digestive-health/diverticulitis.aspx , 1
http://www.everydayhealth.com/family-health/index.aspx , 1
http://www.everydayhealth.com/digestive-health/symptoms-and-diagnosis.aspx , 1
http://www.everydayhealth.com/heart-health/heart-drug-interactions.aspx , 1
http://www.everydayhealth.com/diabetes/long-term-complications.aspx , 1
http://www.everydayhealth.com/depression/caregiving.aspx , 1
http://www.everydayhealth.com/heart-health/anti-arrhythmics.aspx , 1
http://www.everydayhealth.com/digestive-health/what-is-heartburn.aspx , 1
http://www.everydayhealth.com/digestive-health/other-digestive-symptoms.aspx , 1
http://www.everydayhealth.com/depression/drugs/wellbutrin.aspx , 1
http://www.everydayhealth.com/sexual-health/birth-control-pill-selection.aspx , 1
http://www.everydayhealth.com/heart-health/atherosclerosis.aspx , 1
http://www.everydayhealth.com/adhd/concerta.aspx , 1
http://www.everydayhealth.com/adhd/medications-to-treat-adhd.aspx , 1
http://www.everydayhealth.com/bone-cancer/bone-cancer-basics.aspx , 1
http://www.everydayhealth.com/digestive-health/gas/understanding-excessive-gas.aspx , 1
http://www.everydayhealth.com/arthritis/inflammatory-arthritis/diagnosing-and-treating-ankylosing-spondylitis.aspx , 1
http://www.everydayhealth.com/crohns-disease/managing-crohns-disease-bad-habits-to-avoid.aspx , 1
http://www.everydayhealth.com/heart-health/nutrition.aspx , 1
http://www.everydayhealth.com/depression/managing.aspx , 1
http://www.everydayhealth.com/emotional-health/adhd/understanding/index.aspx , 1
http://www.everydayhealth.com/skin-cancer/skin-cancer-information.aspx , 1
http://www.everydayhealth.com/depression/types/seasonal-affective-disorder.aspx , 1
http://www.everydayhealth.com/depression/related-conditions/bipolar-disorder.aspx , 1
http://www.everydayhealth.com/senior-health/index.aspx , 1
http://www.everydayhealth.com/depression/related-conditions.aspx , 1
http://www.everydayhealth.com/heart-health/index.aspx , 1
http://www.everydayhealth.com/heart-health/understanding/index.aspx , 1
http://www.everydayhealth.com/food/index.aspx , 1
http://www.everydayhealth.com/heart-health/atrial-fibrillation.aspx , 1
http://www.everydayhealth.com/adhd/adhd-and-other-conditions.aspx , 1
http://www.everydayhealth.com/pain-management/index.aspx , 1
http://www.everydayhealth.com/green-health/daily-living.aspx , 1
http://www.everydayhealth.com/diabetes/index.aspx , 1
http://www.everydayhealth.com/digestive-health/ulcerative-colitis.aspx , 1
http://www.everydayhealth.com/type-1-diabetes/type-1-diabetes-signs.aspx , 1
http://www.everydayhealth.com/everyday-health-apps.aspx , 1
http://www.everydayhealth.com/heart-health/what-is-a-heart-attack.aspx , 1
http://www.everydayhealth.com/crohns-disease/crohns-treatment.aspx , 1
http://www.everydayhealth.com/heart-health/antiplatelet.aspx , 1
http://www.everydayhealth.com/heart-health/arrhythmia.aspx , 1
http://www.everydayhealth.com/adhd-awareness/top-ten-theories-what-causes-adhd.aspx , 1
http://www.everydayhealth.com/adhd/adhd-in-preschoolers.aspx , 1
http://www.everydayhealth.com/adhd/adult-adhd/adult-adhd.aspx , 1
http://www.everydayhealth.com/lung-cancer/lung-cancer-basics.aspx , 1
http://www.everydayhealth.com/privacy-policy.aspx , 1
http://www.everydayhealth.com/digestive-health/related-digestive-conditions.aspx , 1
http://www.everydayhealth.com/adhd-awareness/the-rise-of-adhd-is-technology-to-blame.aspx , 1
http://www.everydayhealth.com/diabetes-type-1/insulin-therapy-for-type-1-diabetes.aspx , 1
http://www.everydayhealth.com/adhd/adhd-and-bipolar-disorder.aspx , 1
http://www.everydayhealth.com/heart-health/angiotensin-ii.aspx , 1
http://www.everydayhealth.com/community/blogs.aspx , 1
http://www.everydayhealth.com/depression/related-conditions/anxiety-disorders.aspx , 1
http://www.everydayhealth.com/cold-flu/cold-flu-treatment.aspx , 1
http://www.everydayhealth.com/adhd/adderall.aspx , 1
http://www.everydayhealth.com/heart-health/diuretics.aspx , 1
http://www.everydayhealth.com/cancer/learning-about-new-cancer-treatments.aspx , 1
http://www.everydayhealth.com/heart-health/anticoagulants.aspx , 1
http://www.everydayhealth.com/cold-flu/cold-flu-management.aspx , 1
http://www.everydayhealth.com/depression/related-conditions/depression-and-cancer.aspx , 1
http://www.everydayhealth.com/healthy-recipes/recipes.aspx , 1
http://www.everydayhealth.com/emotional-health/bipolar/index.aspx , 1
http://www.everydayhealth.com/peripheral-artery-disease/pad-awareness-page.aspx , 1
http://www.everydayhealth.com/digestive-health/pancreatitis.aspx , 1
http://www.everydayhealth.com/rheumatic-diseases/treatment-of-ankylosing-spondylitis.aspx , 1
http://www.everydayhealth.com/ankylosing-spondylitis/basics.aspx , 1
http://www.everydayhealth.com/heart-healthy-nutrition.aspx , 1
http://www.everydayhealth.com/depression/understanding/medications-for-depression.aspx , 1
http://www.everydayhealth.com/digestive-health/diarrhea/treating-diarrhea.aspx , 1
http://www.everydayhealth.com/heart-health/anti-hypertensives.aspx , 1
http://www.everydayhealth.com/heart-health/congenital-heart-conditions.aspx , 1
http://www.everydayhealth.com/depression/diagnosing.aspx , 1
http://www.everydayhealth.com/depression/drugs/tricyclic-antidepressants.aspx , 1
http://www.everydayhealth.com/adhd/adhd-in-children.aspx , 1
http://www.everydayhealth.com/healthtalk/index.aspx , 1
http://www.everydayhealth.com/arthritis/rheumatoid-arthritis/index.aspx , 1
http://www.everydayhealth.com/adhd/adhd-diet.aspx , 1
http://www.everydayhealth.com/depression/drugs/other-depression-drugs.aspx , 1
http://www.everydayhealth.com/depression/types.aspx , 1
http://www.everydayhealth.com/specialreport/living-with-crohns-disease/basics-of-crohns-disease.aspx , 1
http://www.everydayhealth.com/bladder-cancer/bladder-cancer-basics.aspx , 1
http://www.everydayhealth.com/ulcerative-colitis/ulcerative-colitis-basics.aspx , 1
http://www.everydayhealth.com/community/discussions.aspx , 1
http://www.everydayhealth.com/pulmonary-hypertension/pulmonary-hypertension-awareness.aspx , 1
http://www.everydayhealth.com/digestive-health/crohns-disease.aspx , 1
http://www.everydayhealth.com/heart-disease/index.aspx , 1
http://www.everydayhealth.com/adhd/adhd-diagnosis.aspx , 1
http://www.everydayhealth.com/sleep/101.aspx , 1
http://www.everydayhealth.com/asthma/index.aspx , 1
http://www.everydayhealth.com/type-1-diabetes/diagnosing-type-1-diabetes.aspx , 1
http://www.everydayhealth.com/adhd/other-adhd-drugs.aspx , 1
http://www.everydayhealth.com/digestive-health/stomach-aches-and-other-pains.aspx , 1
http://www.everydayhealth.com/heart-health/ace-inhibitors.aspx , 1
http://www.everydayhealth.com/digestive-health/index.aspx , 1
http://www.everydayhealth.com/heart-health/life-after-heart-attack.aspx , 1
http://www.everydayhealth.com/allergies/index.aspx , 1
http://www.everydayhealth.com/heart-health/related-conditions.aspx , 1
http://www.everydayhealth.com/heart-health/heart-failure.aspx , 1
http://www.everydayhealth.com/digestive-health/constipation-during-pregnancy.aspx , 1
http://www.everydayhealth.com/depression/drugs/effexor.aspx , 1
http://www.everydayhealth.com/depression/drug-side-effects/weight-gain.aspx , 1
http://www.everydayhealth.com/depression/drugs/prozac.aspx , 1
http://www.everydayhealth.com/depression/drugs/zoloft.aspx , 1
http://www.everydayhealth.com/prostate-cancer/prostate-cancer-basics.aspx , 1
http://www.everydayhealth.com/adhd/webcasts/is-it-a-symptom-of-adhd-or-a-personality-trait-transcript-1.aspx , 1
http://www.everydayhealth.com/digestive-health/digestive-health-articles.aspx , 1
http://www.everydayhealth.com/copd/copd-management.aspx , 1
http://www.everydayhealth.com/depression/drugs/lexapro.aspx , 1
http://www.everydayhealth.com/adhd/strattera.aspx , 1
http://www.everydayhealth.com/digestive-health/diarrhea/understanding/index.aspx , 1
http://www.everydayhealth.com/heart-health/beta-blockers.aspx , 1
http://www.everydayhealth.com/about_liebowitz.aspx , 1
http://www.everydayhealth.com/heart-health/heart-disease-and-stroke.aspx , 1
http://www.everydayhealth.com/healthy-living/index.aspx , 1
http://www.everydayhealth.com/weight/calories.aspx , 1
http://www.everydayhealth.com/heart-health/basics.aspx , 1
http://www.everydayhealth.com/digestive-health/nausea-and-vomiting.aspx , 1
http://www.everydayhealth.com/crohns-disease/index.aspx , 1
http://www.everydayhealth.com/depression/finding-the-right-depression-therapist.aspx , 1
http://www.everydayhealth.com/leukemia/leukemia-basics.aspx , 1
http://www.everydayhealth.com/diet-nutrition/101.aspx , 1
http://www.everydayhealth.com/digestive-health/food-diet-and-digestion.aspx , 1
http://www.everydayhealth.com/diabetes/recognizing-the-symptoms-of-diabetes.aspx , 1
http://www.everydayhealth.com/depression/drugs/celexa.aspx , 1
http://www.everydayhealth.com/cold-flu/index.aspx , 1
http://www.everydayhealth.com/depression/understanding.aspx , 1
http://www.everydayhealth.com/ankylosing-spondylitis/living-with-ankylosing-spondylitis.aspx , 1
http://www.everydayhealth.com/depression/depression-in-seniors.aspx , 1
http://www.everydayhealth.com/pregnancy/101.aspx , 1
http://www.everydayhealth.com/breast-cancer/understanding.aspx , 1
http://www.everydayhealth.com/digestive-health/colon-health.aspx , 1
http://www.everydayhealth.com/adhd/webcasts/the-challenges-of-diagnosing-adhd-transcript-1.aspx , 1
http://www.everydayhealth.com/heart-disease/living/index.aspx , 1
http://www.everydayhealth.com/heart-disease/cholesterol/index.aspx , 1
http://www.everydayhealth.com/adhd/adhd-symptoms.aspx , 1
http://www.everydayhealth.com/adhd/living-with-adhd.aspx , 1
http://www.everydayhealth.com/depression/understanding/depression-treatment.aspx , 1
http://www.everydayhealth.com/health-center/heart-disease-should-i-have-bypass-surgery.aspx , 1
http://www.everydayhealth.com/depression/drugs/cymbalta.aspx , 1
http://www.everydayhealth.com/copd/copd-treatment.aspx , 1
http://www.everydayhealth.com/diabetes/diet-the-foundation-of-diabetes-treatment.aspx , 1
http://www.everydayhealth.com/adhd/adhd-and-depression.aspx , 1
http://www.everydayhealth.com/heart-health/heart-disease-tests.aspx , 1
http://www.everydayhealth.com/family-health/kids-health/index.aspx , 1
http://www.everydayhealth.com/digestive-health/digestive-health-expert-answers.aspx , 1
http://www.everydayhealth.com/heart-health/reduce-heart-disease-risk-factors.aspx , 1
http://www.everydayhealth.com/heart-health/heart-medication-side-effects.aspx , 1
http://www.everydayhealth.com/Search/CommunitySearch.aspx , 1
http://www.everydayhealth.com/digestive-health/constipation/index.aspx , 1
http://www.everydayhealth.com/specialists/general/liebowitz/index.aspx , 1
http://www.everydayhealth.com/fitness/basics.aspx , 1
http://www.everydayhealth.com/depression/drugs/paxil.aspx , 1
http://www.everydayhealth.com/pain-management/back-pain/index.aspx , 1
http://www.everydayhealth.com/heart-health/treatment.aspx , 1
http://www.everydayhealth.com/depression/drug-side-effects/effects-on-sleep.aspx , 1
http://www.everydayhealth.com/ovarian-cancer/ovarian-cancer-basics.aspx , 1
http://www.everydayhealth.com/depression/drugs/remeron.aspx , 1
http://www.everydayhealth.com/headache-and-migraine/headache-migraine-management.aspx , 1
http://www.everydayhealth.com/hypertension/understanding.aspx , 1
http://www.everydayhealth.com/columns/therese-borchard-sanity-break/?p=1992 , 2
http://www.everydayhealth.com/columns/bonnie-taub-dix-nutrition-intuition/?p=727 , 2
http://www.everydayhealth.com/forums/chronic-conditions , 2
http://www.everydayhealth.com/columns/white-seeber-grogan-the-remedy-chicks/?p=617 , 2
http://www.everydayhealth.com/columns/life-with-chronic-pain , 2
http://www.everydayhealth.com/groups/digestive-health/ad.doubleclick.net/N4213/ad/everydayhealth/;ugc=0;pos=top;;sz=195x90;tile=2;ord=1762445232 , 2
http://www.everydayhealth.com/forums/add-adhd/add-adhd-treatment-issues , 2
http://www.everydayhealth.com/health-questions/coumadin/i-take-coumadin-because-of-atrial-fibrillation-will-i-ever-able-to , 2
http://www.everydayhealth.com/columns/lisa-aro-living-a-distracted-life/author/laro , 2
http://www.everydayhealth.com/groups/managing-pain/ad.doubleclick.net/N4213/ad/everydayhealth/;ugc=0;pos=top;;sz=195x90;tile=2;ord=1762445232 , 2
http://www.everydayhealth.com/columns/jeff-emmerson-living-with-adult-adhd/?p=358 , 2
http://www.everydayhealth.com/forums/add-adhd/add-adhd-kids , 2
http://www.everydayhealth.com/columns/jeff-emmerson-living-with-adult-adhd/?p=325 , 2
http://www.everydayhealth.com/columns/stupid-cancer-blog , 2
http://www.everydayhealth.com/columns/jared-bunch-rhythm-of-life , 2
http://www.everydayhealth.com/forums/everyday-health-grief-and-loss , 2
http://www.everydayhealth.com/columns/kathy-ellen-kups-life-with-breast-cancer// , 2
http://www.everydayhealth.com/columns/voices-of-experience/?p=741 , 2
http://www.everydayhealth.com/columns/my-health-story/?p=2137 , 2
http://www.everydayhealth.com/columns/lisa-aro-living-a-distracted-life/?p=653 , 2
http://www.everydayhealth.com/columns/jared-bunch-rhythm-of-life/author/jbunch , 2
http://www.everydayhealth.com/columns/health-answers/?p=609 , 2
http://www.everydayhealth.com/columns/type-two-and-you/?p=142 , 2
http://www.everydayhealth.com/columns/health-answers/?p=708 , 2
http://www.everydayhealth.com/groups/digestive-health/ad.doubleclick.net/n4213/ad/everydayhealth/;ugc=0;pos=top;;sz=195x90;tile=2;ord=1762445232 , 2
http://www.everydayhealth.com/columns/therese-borchard-sanity-break , 2
http://www.everydayhealth.com/columns/health-answers/?p=1474 , 2
http://www.everydayhealth.com/forums/arthritis , 2
http://www.everydayhealth.com/columns/my-health-story/?p=1080 , 2
http://www.everydayhealth.com/columns/lisa-aro-living-a-distracted-life , 2
http://www.everydayhealth.com/columns/jared-bunch-rhythm-of-life/?p=690 , 2
http://www.everydayhealth.com/columns/lynda-shrager-the-organized-caregiver/?p=738 , 2
http://www.everydayhealth.com/groups/add-adhd/ad.doubleclick.net/N4213/ad/everydayhealth/;ugc=0;pos=top;;sz=195x90;tile=2;ord=1762445232 , 2
http://www.everydayhealth.com/columns/my-health-story/?p=610 , 2
http://www.everydayhealth.com/forums/condition-resource-listings , 2
http://www.everydayhealth.com/forums/add-adhd/add-adhd-adults , 2
http://www.everydayhealth.com/columns/johannah-sakimura-nutrition-sleuth/?p=900 , 2
http://www.everydayhealth.com/columns/my-health-story/?p=1825 , 2
http://www.everydayhealth.com/columns/lynda-shrager-the-organized-caregiver/?p=708 , 2
http://www.everydayhealth.com/columns/type-two-and-you/author/tbelluci , 2
http://www.everydayhealth.com/columns/johannah-sakimura-nutrition-sleuth/?p=882 , 2
http://www.everydayhealth.com/groups/managing-pain/ad.doubleclick.net/n4213/ad/everydayhealth/;ugc=0;pos=top;;sz=195x90;tile=2;ord=1762445232 , 2
http://www.everydayhealth.com/columns/lynda-shrager-the-organized-caregiver , 2
http://www.everydayhealth.com/columns/health-answers/?p=550 , 2
http://www.everydayhealth.com/columns/therese-borchard-sanity-break/author/tborchard , 2
http://www.everydayhealth.com/columns/lynda-shrager-the-organized-caregiver/?p=632 , 2
http://www.everydayhealth.com/drugs/all-drugs , 2
http://www.everydayhealth.com/solutions/rheumatoid-arthritis-treatment-management , 2
http://www.everydayhealth.com/columns/shilpi-agarwal-your-holistic-health-guide , 2
http://www.everydayhealth.com/groups/add-adhd/ad.doubleclick.net/n4213/ad/everydayhealth/;ugc=0;pos=top;;sz=195x90;tile=2;ord=1762445232 , 2
http://www.everydayhealth.com/columns/health-answers , 2
http://www.everydayhealth.com/columns/suzette-lipscomb-breast-cancer-the-second-time// , 2
http://www.everydayhealth.com/columns/therese-borchard-sanity-break/?p=1981 , 2
http://www.everydayhealth.com/columns/lisa-aro-living-a-distracted-life/?p=730 , 2
http://www.everydayhealth.com/columns/my-health-story/?p=1217 , 2
http://www.everydayhealth.com/forums/emotional-health , 2
http://www.everydayhealth.com/columns/lisa-aro-living-a-distracted-life/?p=751 , 2
http://www.everydayhealth.com/columns/health-answers/?p=1446 , 2
http://www.everydayhealth.com/columns/my-cancer-story/?p=23 , 2
http://www.everydayhealth.com/columns/my-health-story/?p=969 , 2
http://www.everydayhealth.com/columns/my-cancer-story/?p=460 , 2
http://www.everydayhealth.com/columns/therese-borchard-sanity-break/?p=1985 , 2
http://www.everydayhealth.com/columns/lisa-aro-living-a-distracted-life/?p=685 , 2
http://www.everydayhealth.com/columns/paging-dr-gupta/?p=109 , 2
http://www.everydayhealth.com/health-center/n-2.aspx , 3
http://www.everydayhealth.com/health-center/e-2.aspx , 3
http://www.everydayhealth.com/health-center/t-2.aspx , 3
http://www.everydayhealth.com/health-center/l.aspx , 3
http://www.everydayhealth.com/health-center/o.aspx , 3
http://www.everydayhealth.com/health-center/d.aspx , 3
http://www.everydayhealth.com/health-center/a-2.aspx , 3
http://www.everydayhealth.com/health-center/h-2.aspx , 3
http://www.everydayhealth.com/health-center/v.aspx , 3
http://www.everydayhealth.com/health-center/e.aspx , 3
http://www.everydayhealth.com/health-center/p.aspx , 3
http://www.everydayhealth.com/health-center/r.aspx , 3
http://www.everydayhealth.com/health-center/c-2.aspx , 3
http://www.everydayhealth.com/health-center/d-2.aspx , 3
http://www.everydayhealth.com/health-center/g-2.aspx , 3
http://www.everydayhealth.com/health-center/n.aspx , 3
http://www.everydayhealth.com/health-center/b-2.aspx , 3
http://www.everydayhealth.com/health-center/w-2.aspx , 3
http://www.everydayhealth.com/health-center/x.aspx , 3
http://www.everydayhealth.com/health-center/s.aspx , 3
http://www.everydayhealth.com/health-center/v-2.aspx , 3
http://www.everydayhealth.com/health-center/f-2.aspx , 3
http://www.everydayhealth.com/health-center/q.aspx , 3
http://www.everydayhealth.com/health-center/u-2.aspx , 3
http://www.everydayhealth.com/health-center/i.aspx , 3
http://www.everydayhealth.com/health-center/y.aspx , 3
http://www.everydayhealth.com/health-center/m.aspx , 3
http://www.everydayhealth.com/health-center/r-2.aspx , 3
http://www.everydayhealth.com/health-center/w.aspx , 3
http://www.everydayhealth.com/health-center/k.aspx , 3
http://www.everydayhealth.com/health-center/c.aspx , 3
http://www.everydayhealth.com/health-center/k-2.aspx , 3
http://www.everydayhealth.com/health-center/u.aspx , 3
http://www.everydayhealth.com/health-center/h.aspx , 3
http://www.everydayhealth.com/health-center/g.aspx , 3
http://www.everydayhealth.com/health-center/i-2.aspx , 3
http://www.everydayhealth.com/health-center/b.aspx , 3
http://www.everydayhealth.com/health-center/p-2.aspx , 3
http://www.everydayhealth.com/health-center/j.aspx , 3
http://www.everydayhealth.com/health-center/t.aspx , 3
http://www.everydayhealth.com/health-center/l-2.aspx , 3
http://www.everydayhealth.com/health-center/m-2.aspx , 3
http://www.everydayhealth.com/health-center/a.aspx , 3
http://www.everydayhealth.com/health-center/f.aspx , 3
http://www.everydayhealth.com/health-center/o-2.aspx , 3
http://www.everydayhealth.com/conditions/crohns-disease , 4
http://www.everydayhealth.com/conditions/low-testosterone , 4
http://www.everydayhealth.com/conditions/gestational-diabetes , 4
http://www.everydayhealth.com/conditions/adhd , 4
http://www.everydayhealth.com/conditions/gout , 4
http://www.everydayhealth.com/conditions/neck-pain , 4
http://www.everydayhealth.com/conditions/ankylosing-spondylitis , 4
http://www.everydayhealth.com/conditions/erectile-dysfunction , 4
http://www.everydayhealth.com/conditions/alzheimers-disease , 4
http://www.everydayhealth.com/conditions/asthma , 4
http://www.everydayhealth.com/conditions/breast-cancer , 4
http://www.everydayhealth.com/conditions/senior-health , 4
http://www.everydayhealth.com/conditions/high-cholesterol , 4
http://www.everydayhealth.com/conditions/ulcerative-colitis , 4
http://www.everydayhealth.com/conditions/prostate-cancer , 4
http://www.everydayhealth.com/conditions/diabetes , 4
http://www.everydayhealth.com/conditions/bipolar-disorder , 4
http://www.everydayhealth.com/conditions/allergy , 4
http://www.everydayhealth.com/conditions/type-2-diabetes , 4
http://www.everydayhealth.com/conditions/hypertension , 4
http://www.everydayhealth.com/conditions/cold-and-flu , 4
http://www.everydayhealth.com/conditions/sexual-health , 4
http://www.everydayhealth.com/conditions/hiv-aids , 4
http://www.everydayhealth.com/conditions/heart-health , 4
http://www.everydayhealth.com/conditions/back-pain , 4
http://www.everydayhealth.com/conditions/hepatitis/hepatitis-c , 4
http://www.everydayhealth.com/conditions/digestive-health , 4
http://www.everydayhealth.com/conditions/psoriasis , 4
http://www.everydayhealth.com/conditions/menopause , 4
http://www.everydayhealth.com/conditions/pain-management , 4
http://www.everydayhealth.com/conditions/hip-pain , 4
http://www.everydayhealth.com/conditions/copd , 4
http://www.everydayhealth.com/conditions/psoriatic-arthritis , 4
http://www.everydayhealth.com/conditions/depression , 4
http://www.everydayhealth.com/conditions/rheumatoid-arthritis , 4
http://www.everydayhealth.com/conditions/lung-cancer , 4
http://www.everydayhealth.com/conditions/thyroid-conditions , 4
http://www.everydayhealth.com/conditions/knee-pain , 4
http://www.everydayhealth.com/conditions/womens-health , 4
http://www.everydayhealth.com/conditions/type-1-diabetes , 4
http://www.everydayhealth.com/conditions/mens-health , 4
http://www.everydayhealth.com/conditions/multiple-sclerosis , 4
http://www.everydayhealth.com/conditions/hepatitis , 4
http://www.everydayhealth.com/heart-health/heart-healthy-habits-for-atrial-fibrillation.aspx , 5
http://www.everydayhealth.com/emotional-health/anxiety/index.aspx , 5
http://www.everydayhealth.com/cancer/care-for-the-cancer-caregiver.aspx , 5
http://www.everydayhealth.com/cancer/the-caregivers-role-on-the-cancer-treatment-team.aspx , 5
http://www.everydayhealth.com/depression/how-making-friends-can-help-depression.aspx , 5
http://www.everydayhealth.com/autoimmune-disorders/index.aspx , 5
http://www.everydayhealth.com/adhd/adhd-in-school.aspx , 5
http://www.everydayhealth.com/diabetes/using-glucose-meters.aspx , 5
http://www.everydayhealth.com/diabetes/healthy-eating-away-from-home.aspx , 5
http://www.everydayhealth.com/diabetes/targeting-fats.aspx , 5
http://www.everydayhealth.com/heart-health/diagnosis.aspx , 5
http://www.everydayhealth.com/adhd/adult-adhd/tips/take-control-of-your-life.aspx , 5
http://www.everydayhealth.com/digestive-health/treatment-for-constipation.aspx , 5
http://www.everydayhealth.com/sleep/medications-that-affect-sleep.aspx , 5
http://www.everydayhealth.com/ear-nose-throat/specialist.aspx , 5
http://www.everydayhealth.com/leukemia/what-is-chronic-lymphocytic-leukemia.aspx , 5
http://www.everydayhealth.com/adhd/adhd-in-teens.aspx , 5
http://www.everydayhealth.com/adhd/alternative-treatments-for-adhd.aspx , 5
http://www.everydayhealth.com/diabetes/strategies-for-staying-healthy.aspx , 5
http://www.everydayhealth.com/add-adhd/tips-for-organizing-adhd-medical-records.aspx , 5
http://www.everydayhealth.com/add-adhd/saving-money-on-adhd-treatment.aspx , 5
http://www.everydayhealth.com/diabetes/regular-walking-protects-against-heart-disease.aspx , 5
http://www.everydayhealth.com/ulcerative-colitis/imaging-tests-for-ulcerative-colitis.aspx , 5
http://www.everydayhealth.com/arthritis/inflammatory-arthritis/index.aspx , 5
http://www.everydayhealth.com/adhd/adhd-at-work.aspx , 5
http://www.everydayhealth.com/skin-beauty/skin-care-101.aspx , 5
http://www.everydayhealth.com/heart-health/heart-medications.aspx , 5
http://www.everydayhealth.com/diabetes/diabetes-testing-guide.aspx , 5
http://www.everydayhealth.com/adhd/adhd-drugs.aspx , 5
http://www.everydayhealth.com/adhd/adhd-drug-side-effects.aspx , 5
http://www.everydayhealth.com/adhd/adhd-and-treatment.aspx , 5
http://www.everydayhealth.com/uterine-cancer/basics.aspx , 5
http://www.everydayhealth.com/conditions/everyday-health-apps/ , 5
http://www.everydayhealth.com/ulcerative-colitis/imaging-tests-for-ulcerative-colitis.aspx?xid=RSS_Crohn's%20Disease , 5
http://www.everydayhealth.com/diabetes/your-dietitian-a-valuable-ally.aspx , 5
http://www.everydayhealth.com/adhd/child-adhd-questions-to-ask-your-doctor.aspx , 5
http://www.everydayhealth.com/depression/clean-house-when-youre-depressed.aspx , 5
http://www.everydayhealth.com/bone-cancer/bone-cancer-symptoms.aspx , 5
http://www.everydayhealth.com/cancer/your-cancer-treatment-team.aspx , 5
http://www.everydayhealth.com/lupus/understanding/different-types-of-lupus.aspx , 5
http://www.everydayhealth.com/copd/copd-caregiving.aspx , 5
http://www.everydayhealth.com/diet-nutrition/apple-cider-vinegar-myth.aspx , 5
http://www.everydayhealth.com/pictures/how-to-steer-clear-of-side-effects-from-blood-thinners/ , 6
http://www.everydayhealth.com/adhd-pictures/cant-focus-try-these-simple-adhd-concentration-tips.aspx , 6
http://www.everydayhealth.com/pictures/ways-prevent-manic-episodes/ , 6
http://www.everydayhealth.com/pictures/heart-healthy-perks-dark-chocolate/ , 6
http://www.everydayhealth.com/cold-flu-pictures/apps-that-help-you-fight-the-flu.aspx , 6
http://www.everydayhealth.com/adhd-summer-activities-photos/summer-activities-for-kids-with-adhd.aspx , 6
http://www.everydayhealth.com/cancer-photos/top-foods-to-fight-cancer.aspx , 6
http://www.everydayhealth.com/pictures/signs-aging-could-mean-you-have-diabetes/ , 6
http://www.everydayhealth.com/heart-health-pictures/10-ways-to-help-manage-atrial-fibrillation.aspx , 6
http://www.everydayhealth.com/pictures/hot-weather-drinks-low-alcohol/ , 6
http://www.everydayhealth.com/pictures/gestational-diabetes-dos-donts/ , 6
http://www.everydayhealth.com/pictures/things-raw-foodies-know-that-you-dont/ , 6
http://www.everydayhealth.com/pictures/how-protect-your-heart-in-heat/ , 6
http://www.everydayhealth.com/pictures/yoga-poses-for-arthritis-relief/ , 6
http://www.everydayhealth.com/pictures/promising-non-antidepressant-therapies-depression/ , 6
http://www.everydayhealth.com/heart-health-pictures/essential-facts-about-atrial-fibrillation.aspx , 6
http://www.everydayhealth.com/food-pictures/ten-minute-meals-under-ten-dollars.aspx , 6
http://www.everydayhealth.com/copd-pictures/copd-related-health-problems-to-watch-out-for.aspx , 6
http://www.everydayhealth.com/depression-pictures/different-types-of-depression.aspx , 6
http://www.everydayhealth.com/pictures/ways-avoid-serotonin-syndrome/ , 6
http://www.everydayhealth.com/adhd-photos/9-time-management-tips-for-adult-adhd.aspx , 6
http://www.everydayhealth.com/pictures/easy-ways-to-take-your-blood-pressure/ , 6
http://www.everydayhealth.com/headache-pictures/8-foods-that-trigger-headaches.aspx , 6
http://www.everydayhealth.com/diabetes-pictures/low-carb-swaps-for-family-favorites.aspx , 6
http://www.everydayhealth.com/copd-pictures/at-home-copd-exercises-to-help-you-breathe.aspx , 6
http://www.everydayhealth.com/pictures/how-to-navigate-the-heart-mind-connection/ , 6
http://www.everydayhealth.com/photogallery/soda-alternatives.aspx , 6
http://www.everydayhealth.com/diabetes/photos/9-warning-signs-of-type-2-diabetes.aspx , 6
http://www.everydayhealth.com/pictures/surprising-sex-hazards-how-avoid-them/ , 6
http://www.everydayhealth.com/headache-migraine-pictures/8-home-remedies-for-headaches-and-migraines.aspx , 6
http://www.everydayhealth.com/adhd-pictures/favorite-fitness-tips-for-adults-with-adhd.aspx , 6
http://www.everydayhealth.com/cold-flu-pictures/never-get-sick-work.aspx , 6
http://www.everydayhealth.com/skin-and-beauty-photos/how-to-identify-common-bug-bites.aspx , 6
http://www.everydayhealth.com/cancer-pictures/supplements-that-may-fight-cancer-0216.aspx , 6
http://www.everydayhealth.com/pictures/ways-to-ease-unemployment-blues/ , 6
http://www.everydayhealth.com/pictures/summer-foods-for-depression/ , 6
http://www.everydayhealth.com/digestive-health-pictures/10-foods-that-help-relieve-constipation.aspx , 6
http://www.everydayhealth.com/pictures/unexpected-uses-antidepressants/ , 6
http://www.everydayhealth.com/cancer/photos/8-caregiving-ideas-to-help-patients.aspx , 6
http://www.everydayhealth.com/high-cholesterol-pictures/ten-high-cholesterol-foods-to-avoid.aspx , 6
http://www.everydayhealth.com/columns/health-answers/how-you-can-reduce-your-risk-of-atherosclerosis/ , 7
http://www.everydayhealth.com/columns/my-cancer-story/mothers-death-colon-cancer-stigma/ , 7
http://www.everydayhealth.com/columns/therese-borchard-sanity-break/secret-living-with-treatment-resistant-depression/ , 7
http://www.everydayhealth.com/columns/health-answers/takes-a-licking-keeps-on-ticking-5-heart-health-tips-from-a-cardiologist/ , 7
http://www.everydayhealth.com/columns/lynda-shrager-the-organized-caregiver/how-i-survived-breast-cancer-one-bite-at-a-time/ , 7
http://www.everydayhealth.com/columns/health-answers/lauging-chocolate-flossing-tips-for-preventing-heart-attack-and-stroke/ , 7
http://www.everydayhealth.com/columns/jeff-emmerson-living-with-adult-adhd/depressed-with-adhd/ , 7
http://www.everydayhealth.com/columns/therese-borchard-sanity-break/what-causes-depression-new-theories/ , 7
http://www.everydayhealth.com/columns/johannah-sakimura-nutrition-sleuth/the-myth-of-the-mediterranean-diet/ , 7
http://www.everydayhealth.com/columns/bonnie-taub-dix-nutrition-intuition/secrets-naturally-slim-people/ , 7
http://www.everydayhealth.com/columns/voices-of-experience/beyond-tears-translating-grief-into-suicide-prevention/ , 7
http://www.everydayhealth.com/columns/my-health-story/lighting-the-way-for-ccfa-two-inspiring-women-with-an-unlikely-connection-to-crohns-and-colitis/ , 7
http://www.everydayhealth.com/columns/lisa-aro-living-a-distracted-life/ways-get-ahead-adhd-anxiety/ , 7
http://www.everydayhealth.com/columns/johannah-sakimura-nutrition-sleuth/real-reason-scale-wont-budge/ , 7
http://www.everydayhealth.com/columns/jeff-emmerson-living-with-adult-adhd/questions-that-pop-up-when-youre-told-you-have-adhd/ , 7
http://www.everydayhealth.com/columns/lisa-aro-living-a-distracted-life/dear-lisa-ling-you-have-adhd-heres-whats-next/ , 7
http://www.everydayhealth.com/columns/lisa-aro-living-a-distracted-life/eight-personalities-eight-kinds-coping-mechanisms-for-adhd/ , 7
http://www.everydayhealth.com/columns/health-answers/what-you-need-know-about-blood-clots/ , 7
http://www.everydayhealth.com/columns/my-health-story/julia-allens-experience-with-heart-disease-and-go-red/ , 7
http://www.everydayhealth.com/columns/lisa-aro-living-a-distracted-life/getting-ready-for-school-to-start/ , 7
http://www.everydayhealth.com/columns/therese-borchard-sanity-break/whats-the-meaning-of-your-life/ , 7
http://www.everydayhealth.com/columns/paging-dr-gupta/how-can-you-tell-if-someones-depressed/ , 7
http://www.everydayhealth.com/columns/lynda-shrager-the-organized-caregiver/top-travel-tips-for-people-with-arthritis/ , 7
http://www.everydayhealth.com/columns/recipe-of-the-day/bored-with-burgers-3-grill-easy-recipes-to-please-a-crowd/ , 7
http://www.everydayhealth.com/columns/jared-bunch-rhythm-of-life/dementia-prevention-there-is-no-time-like-the-present-to-start-to-reduce-your-risk/ , 7
http://www.everydayhealth.com/columns/lynda-shrager-the-organized-caregiver/one-day-two-diagnoses-twenty-years-life-lessons/ , 7
http://www.everydayhealth.com/columns/health-answers/toxic-household-items-should-throw-away-now/ , 7
http://www.everydayhealth.com/columns/my-cancer-story/in-my-mothers-image-what-lies-beneath-mastectomy-bra/ , 7
http://www.everydayhealth.com/columns/type-two-and-you/post-detox-dealing-with-the-pendulum-swing/ , 7
http://www.everydayhealth.com/columns/white-seeber-grogan-the-remedy-chicks/tips-to-stop-swimmers-ear-before-it-starts/ , 7
http://www.everydayhealth.com/columns/my-health-story/we-are-not-going-to-let-you-die-heart-disease-at-fifteen-new-life-in-my-twenties/ , 7
http://www.everydayhealth.com/columns/my-health-story/my-dental-vacation-mexico-mercedes-mouth-hyundai-budget/ , 7
http://www.everydayhealth.com/columns/my-health-story/heart-heart-mothers-death-saved-life/ , 7
http://www.everydayhealth.com/columns/health-answers/tune-up-your-heart-in-30-days/ , 7
http://www.everydayhealth.com/columns/my-health-story/year-of-no-sugar-one-family-grand-adventure/ , 7
http://www.everydayhealth.com/emotional-health/index.aspx , 8
http://www.everydayhealth.com/kids-health/kids-health-articles.aspx , 8
http://www.everydayhealth.com/cold-flu/cold-flu-articles.aspx , 8
http://www.everydayhealth.com/diet-nutrition/allarticles.aspx , 8
http://www.everydayhealth.com/pet-health/pet-health-articles.aspx , 8
http://www.everydayhealth.com/healthy-travel/all-articles.aspx , 8
http://www.everydayhealth.com/longevity/articles.aspx , 8
http://www.everydayhealth.com/depression/all-articles.aspx , 8
http://www.everydayhealth.com/college-health/college-health-articles.aspx , 8
http://www.everydayhealth.com/cancer/index.aspx , 8
http://www.everydayhealth.com/green-health/allarticles.aspx , 8
http://www.everydayhealth.com/heart-health/heart-health-expert-answers.aspx , 8
http://www.everydayhealth.com/heart-health/articles.aspx , 8
http://www.everydayhealth.com/bladder-cancer/bladder-cancer-articles.aspx , 8
http://www.everydayhealth.com/vision-center/allarticles.aspx , 8
http://www.everydayhealth.com/copd/copd-articles.aspx , 8
http://www.everydayhealth.com/crohns-disease/crohns-disease-expert-answers.aspx , 8
http://www.everydayhealth.com/adhd/specialist-answers.aspx , 8
http://www.everydayhealth.com/crohns-disease/crohns-articles.aspx , 8
http://www.everydayhealth.com/stop-smoking/stop-smoking-articles.aspx , 8
http://www.everydayhealth.com/healthy-home/allarticles.aspx , 8
http://www.everydayhealth.com/depression/all-specialist-answers.aspx , 8
http://www.everydayhealth.com/adhd/articles.aspx , 8
http://www.everydayhealth.com/fitness/articles.aspx , 8
http://www.everydayhealth.com/columns/white-seeber-grogan-the-remedy-chicks/ , 9
http://www.everydayhealth.com/columns/my-cancer-story/page/2/ , 9
http://www.everydayhealth.com/columns/suzette-lipscomb-breast-cancer-the-second-time/ , 9
http://www.everydayhealth.com/columns/jared-bunch-rhythm-of-life/ , 9
http://www.everydayhealth.com/columns/johannah-sakimura-nutrition-sleuth/ , 9
http://www.everydayhealth.com/columns/type-two-and-you/ , 9
http://www.everydayhealth.com/columns/reena-pande-healthy-hearts-strong-women/page/2/ , 9
http://www.everydayhealth.com/columns/stupid-cancer-blog/ , 9
http://www.everydayhealth.com/columns/my-health-story/ , 9
http://www.everydayhealth.com/columns/my-health-story/page/2/ , 9
http://www.everydayhealth.com/columns/white-seeber-grogan-the-remedy-chicks/page/2/ , 9
http://www.everydayhealth.com/columns/life-with-chronic-pain/ , 9
http://www.everydayhealth.com/columns/recipe-of-the-day/ , 9
http://www.everydayhealth.com/columns/reena-pande-healthy-hearts-strong-women/ , 9
http://www.everydayhealth.com/columns/bill-abraham-heart-disease-prevention/page/2/ , 9
http://www.everydayhealth.com/columns/bill-abraham-heart-disease-prevention/ , 9
http://www.everydayhealth.com/columns/johannah-sakimura-nutrition-sleuth/page/2/ , 9
http://www.everydayhealth.com/columns/my-cancer-story/ , 9
http://www.everydayhealth.com/columns/paging-dr-gupta/ , 9
http://www.everydayhealth.com/columns/paging-dr-gupta/page/2/ , 9
http://www.everydayhealth.com/columns/jared-bunch-rhythm-of-life/page/2/ , 9
http://www.everydayhealth.com/health-report/atrial-fibrillation-and-stroke.aspx , 10
http://www.everydayhealth.com/health-report/healthier-living-with-copd.aspx , 10
http://www.everydayhealth.com/health-report/cs-type-2-diabetes-live-better-guide.aspx , 10
http://www.everydayhealth.com/health-report/schizophrenia-caregiver-guide.aspx , 10
http://www.everydayhealth.com/health-report/crohns-disease-recipes-management.aspx , 10
http://www.everydayhealth.com/health-report/exocrine-pancreatic-insufficiency.aspx , 10
http://www.everydayhealth.com/health-report/living-with-multiple-sclerosis.aspx , 10
http://www.everydayhealth.com/health-report/major-depression-resource-center.aspx , 10
http://www.everydayhealth.com/health-report/hepatitis-c-living-well.aspx , 10
http://www.everydayhealth.com/health-report/ulcerative-colitis-treatment-management.aspx , 10
http://www.everydayhealth.com/health-report/managing-child-allergies.aspx , 10
http://www.everydayhealth.com/health-report/psoriasis-treatment-management.aspx , 10
http://www.everydayhealth.com/health-report/treating-ankylosing-spondylitis.aspx , 10
http://www.everydayhealth.com/health-report/psoriatic-arthritis-treatment.aspx , 10
http://www.everydayhealth.com/health-report/low-testosterone-guide.aspx , 10
http://www.everydayhealth.com/health-report/copd.aspx , 10
http://www.everydayhealth.com/health-report/crohns-disease-treatment-management.aspx , 10
http://www.everydayhealth.com/conditions/massages-for-arthritis-pain/ , 11
http://www.everydayhealth.com/depression/webcasts/are-you-depressed-the-link-between-depression-and-chronic-illness.aspx , 11
http://www.everydayhealth.com/colitis/specialists/do-i-have-diverticulitis-or-colitis.aspx?xid=RSS_Crohn's%20Disease , 11
http://www.everydayhealth.com/colitis/specialists/do-i-have-diverticulitis-or-colitis.aspx , 11
http://www.everydayhealth.com/adhd/specialists/different-symptoms-for-girls-and-women.aspx , 11
http://www.everydayhealth.com/copd/best-and-worst-states-for-copd.aspx , 11
http://www.everydayhealth.com/ankylosing-spondylitis/how-to-retrofit-your-workspace-with-ankylosing-spondylitis.aspx , 11
http://www.everydayhealth.com/adhd/webcasts/the-challenges-of-diagnosing-adhd.aspx , 11
http://www.everydayhealth.com/colitis-specialist/fistula.aspx , 11
http://www.everydayhealth.com/colon-cancer/colon-cancer-basics.aspx , 11
http://www.everydayhealth.com/adhd/webcasts/is-it-a-symptom-of-adhd-or-a-personality-trait.aspx , 11
http://www.everydayhealth.com/colitis-specialist/fistula.aspx?xid=RSS_Crohn's%20Disease , 11
http://www.everydayhealth.com/adhd/webcasts/depression-an-unwelcome-side-effect-of-adhd.aspx , 11
http://www.everydayhealth.com/news/steps-to-overcoming-depression-from-hepatitis-c/ , 11
http://www.everydayhealth.com/leukemia/specialists/does-cll-trigger-abnormal-heartbeats.aspx , 11
http://www.everydayhealth.com/health-center/Sys.UI , 12
http://www.everydayhealth.com/health-center/MM/dd/yyyy , 12
http://www.everydayhealth.com/health-report/healthy-aging-guide.aspx , 12
http://www.everydayhealth.com/health-report/your-daughter-and-adhd.aspx , 12
http://www.everydayhealth.com/health-report/mm/dd/yyyy , 12
http://www.everydayhealth.com/health-center/heart-problems-living-with-a-pacemaker-or-icd.aspx , 12
http://www.everydayhealth.com/health-report/sys.ui , 12
http://www.everydayhealth.com/health-report/m/d/yyyy , 12
http://www.everydayhealth.com/health-report/rheumatoid-arthritis-treatment-management.aspx , 12
http://www.everydayhealth.com/health-report/opera/ , 12
http://www.everydayhealth.com/health-center/0-9.aspx , 12
http://www.everydayhealth.com/quizzes/hepatitis-a-b-c-myths-and-facts.aspx , 12
http://www.everydayhealth.com/health-center/Opera/ , 12
http://www.everydayhealth.com/health-center/M/d/yyyy , 12
http://www.everydayhealth.com/copd/copd-expert-answers.aspx , 13
http://www.everydayhealth.com/cold-flu/cold-flu-expert-answers.aspx , 13
http://www.everydayhealth.com/lifestyle/healthy-living/ , 13
http://www.everydayhealth.com/kidney-cancer/kidney-cancer-basics.aspx , 13
http://www.everydayhealth.com/lifestyle/healthy-recipes/ , 13
http://www.everydayhealth.com/videos/landing.aspx , 13
http://www.everydayhealth.com/newsletter-subscriptions , 13
http://www.everydayhealth.com/infographics/mers-virus-watch/ , 13
http://www.everydayhealth.com/newsletter-subscriptions/ , 13
http://www.everydayhealth.com/lifestyle/food/ , 13
http://www.everydayhealth.com/flu/map/ , 13
http://www.everydayhealth.com/lifestyle/beauty/ , 13
http://www.everydayhealth.com/conditions/pregnancy/ , 13
http://www.everydayhealth.com/conditions/depression/archive , 14
http://www.everydayhealth.com/conditions/copd/archive , 14
http://www.everydayhealth.com/conditions/heart-health/archive , 14
http://www.everydayhealth.com/conditions/diabetes/archive , 14
http://www.everydayhealth.com/conditions/digestive-health/archive , 14
http://www.everydayhealth.com/conditions/ankylosing-spondylitis/archive , 14
http://www.everydayhealth.com/conditions/atrial-fibrillation/archive , 14
http://www.everydayhealth.com/conditions/adhd/archive , 14
http://www.everydayhealth.com/conditions/cold-and-flu/archive , 14
http://www.everydayhealth.com/conditions/crohns-disease/archive , 14
http://www.everydayhealth.com/health-report/anaphylaxis-severe-allergy-guide.aspx , 15
http://www.everydayhealth.com/health-report/angioplasty-recovery-guide.aspx , 15
http://www.everydayhealth.com/health-report/managing-multiple-sclerosis-mind-and-body.aspx , 15
http://www.everydayhealth.com/health-report/managing-type-1-diabetes.aspx , 15
http://www.everydayhealth.com/health-report/asthma-management-guide.aspx , 15
http://www.everydayhealth.com/health-report/managing-cholesterol.aspx , 15
http://www.everydayhealth.com/health-report/hiv-health.aspx , 15
http://www.everydayhealth.com/health-report/bipolar-depression.aspx , 15
http://www.everydayhealth.com/health-questions/atrial-fibrillation/what-is-the-normal-pt-inr-for-a-patient-who-has-atrial-fibrillation , 16
http://www.everydayhealth.com/health-questions/atrial-fibrillation/which-drugs-are-useful-for-atrial-fibrillation , 16
http://www.everydayhealth.com/health-questions/heart-disease/why-must-i-continue-taking-coumadin-if-my-atrial-fibrillation-has-been , 16
http://www.everydayhealth.com/health-questions/antidepressants/can-antidepressant-medications-make-you-fat , 16
http://www.everydayhealth.com/health-questions/atrial-fibrillation/is-there-an-alternative-treatment-to-atenolol-for-atrial-fibrillation , 16
http://www.everydayhealth.com/health-questions/arrhythmia/are-there-drugs-to-treat-arrhythmia , 16
http://www.everydayhealth.com/health-questions/high-blood-pressure/why-are-beta-blockers-prescribed-for-high-blood-pressure , 16
http://www.everydayhealth.com/health-questions/constipation/are-there-any-medications-that-i-can-take-for-constipation-during , 16
http://www.everydayhealth.com/health-center/other-conditions-with-symptoms-similar-to-atrial-fibrillation-info.aspx , 17
http://www.everydayhealth.com/health-center/z.aspx , 17
http://www.everydayhealth.com/health-center/taking-care-of-yourself-while-raising-a-child-with-attention-deficit-hyperactivity-disorder-adhd-info.aspx , 17
http://www.everydayhealth.com/health-center/impact-of-atrial-fibrillation-on-daily-life-info.aspx , 17
http://www.everydayhealth.com/health-center/j-2.aspx , 17
http://www.everydayhealth.com/health-center/myths-about-preventing-heart-disease-info.aspx , 17
http://www.everydayhealth.com/cold-flu/preventing-cold-and-flu.aspx , 18
http://www.everydayhealth.com/diabetes/damage-to-the-feet-and-legs.aspx , 18
http://www.everydayhealth.com/cancer/avoid-post-chemo-infections.aspx , 18
http://www.everydayhealth.com/adhd/adult-adhd-and-marriage.aspx , 18
http://www.everydayhealth.com/cancer/know-the-most-common-types-of-cancer.aspx , 18
http://www.everydayhealth.com/copd/things-you-should-know-about-copd.aspx , 18
http://www.everydayhealth.com/drugs/class/diuretics , 19
http://www.everydayhealth.com/drugs/class/tricyclic-antidepressants , 19
http://www.everydayhealth.com/drugs/class/antihypertensive-combinations , 19
http://www.everydayhealth.com/drugs/class/anticoagulants , 19
http://www.everydayhealth.com/columns/type-two-and-you/author/tbelluci/ , 20
http://www.everydayhealth.com/columns/white-seeber-grogan-the-remedy-chicks/author/bgrogan/ , 20
http://www.everydayhealth.com/columns/johannah-sakimura-nutrition-sleuth/author/johannahsakimura/ , 20
http://www.everydayhealth.com/columns/johannah-sakimura-nutrition-sleuth/author/johannahsakimura/page/2/ , 20
http://www.everydayhealth.com/health-center/digoxin-for-atrial-fibrillation.aspx , 21
http://www.everydayhealth.com/health-center/calcium-channel-blockers-for-atrial-fibrillation.aspx , 21
http://www.everydayhealth.com/health-center/beta-blockers-for-atrial-fibrillation.aspx , 21
http://www.everydayhealth.com/health-center/biologics-for-ankylosing-spondylitis.aspx , 21
http://www.everydayhealth.com/blog/breast-cancer-second-time-around/ , 22
http://www.everydayhealth.com/blog/stupid-cancer-blog , 22
http://www.everydayhealth.com/blog/life-with-chronic-pain , 22
http://www.everydayhealth.com/blog/life-with-breast-cancer/ , 22
http://www.everydayhealth.com/groups/managing-pain/home , 23
http://www.everydayhealth.com/groups/digestive-health/home , 23
http://www.everydayhealth.com/groups/add-adhd/home , 23
http://www.everydayhealth.com/health-report/type-2-diabetes-treatment-diet-exercise.aspx , 24
http://www.everydayhealth.com/health-report/healthy-living-with-hypothyroidism.aspx , 24
http://www.everydayhealth.com/health-report/guide-to-managing-ra.aspx , 24
http://content.everydayhealth.com/robots.txt , 25
http://content.everydayhealth.com/favicon.ico , 25
http://www.everydayhealth.com/publicsite/recipes/viewall.aspx?filterletter=a , 26
http://www.everydayhealth.com/publicsite/recipes/viewall.aspx?showvaluedatas=diabetic&filterletter=a , 26
http://www.everydayhealth.com/health-center/type-1-diabetes-symptoms.aspx , 27
http://www.everydayhealth.com/health-center/diverticulitis.aspx , 27
http://www.everydayhealth.com/ad-policy.aspx , 28
http://www.everydayhealth.com/privacyterms/ , 28
http://www.everydayhealth.com/newsletter-subscriptions/signup , 29
http://www.everydayhealth.com/newsletter-subscriptions/signup/ , 29
http://www.everydayhealth.com/forums/condition-resource-listings.html , 30
http://www.everydayhealth.com/forums/everyday-health-grief-and-loss.html , 30
http://www.everydayhealth.com/health-report/dvt/dvt-awareness.aspx , 31
http://www.everydayhealth.com/ownyouradhd , 31
http://www.everydayhealth.com/conditions/atrial-fibrillation , 32
http://www.everydayhealth.com/conditions/sleep , 32
http://www.everydayhealth.com/quizzes/difference-between-adhd-anxiety.aspx , 33
http://www.everydayhealth.com/quizzes/do-need-antibiotics.aspx , 33
http://www.everydayhealth.com/symptom-checker , 34
http://www.everydayhealth.com/drugs/valsartan , 35
http://www.everydayhealth.com/drugs/all-drugs/ , 36
http://www.everydayhealth.com/health-center/exercise-and-atrial-fibrillation-info.aspx , 37
http://www.everydayhealth.com/health-report/major-depression-resource-center/sanjay-gupta-depression-in-the-workplace.aspx , 38
http://www.everydayhealth.com/ , 39
http://www.everydayhealth.com/drugs/all-drugs/?page=2 , 40
http://www.everydayhealth.com/health-center/atrial-fibrillation.aspx , 41
http://content.everydayhealth.com/everydayhealth/cs/v14adhdtweenquiz/widget.html , 42
http://www.everydayhealth.com/health-report/sponsors.aspx , 43
http://www.everydayhealth.com/bios/ed-zimney.aspx , 44
http://www.everydayhealth.com/solutions/rheumatoid-arthritis-treatment-management/ , 45
http://www.everydayhealth.com/toolkit/index.aspx , 46
http://www.everydayhealth.com/health-center/common-topics.aspx , 47
http://www.everydayhealth.com/calorie-counter.aspx , 48
http://www.everydayhealth.com/solutions/tools/hiv-health/hiv-quiz.html , 49
http://www.everydayhealth.com/health-questions/conditions , 50
http://www.everydayhealth.com/quizzes/index.aspx , 51
http://www.everydayhealth.com/publicsite/funnel/register.aspx , 52
http://www.everydayhealth.com/health-center/history-and-physical-exam-for-atrial-fibrillation.aspx , 53
http://www.everydayhealth.com/specialreport/adhd/lifestyle-factors-that-can-affect-adhd.aspx , 54
http://www.everydayhealth.com/health-center/health-professionals-who-treat-coronary-artery-disease-info.aspx , 55
http://www.everydayhealth.com/groups/ , 56
http://www.everydayhealth.com/publicsite/depression/riskquiz/questions.aspx?qi=179C07F0-9504-4167-9356-D61013D8269D , 57
http://www.everydayhealth.com/health-report/hypertension-awareness.aspx , 58
http://www.everydayhealth.com/publicsite/specialists/index.aspx , 59
http://www.everydayhealth.com/food-pictures/7-ways-improve-your-health-in-60-seconds.aspx , 60
http://www.everydayhealth.com/authors/richard-liebowitz/ , 61
http://www.everydayhealth.com/columns/ , 62
http://www.everydayhealth.com/publicsite/ask_dr_richard_liebowitz.aspx , 63
http://www.everydayhealth.com/publicsite/depression/riskquiz/questions.aspx , 64
http://www.everydayhealth.com/drugs/ , 65
