http://www.healthcentral.com/obesity/c/276918/170258/chicken-roasted-vegetables/ , 0
http://www.healthcentral.com/multiple-sclerosis/c/19065/165770/ms-complementary , 0
http://www.healthcentral.com/depression/c/4182/170790/dad-depressed , 0
http://www.healthcentral.com/asthma/c/52325/136498/eating-fat-trigger/ , 0
http://www.healthcentral.com/breast-cancer/c/78/170985/breast-pain-ways , 0
http://www.healthcentral.com/cold-flu/c/3989/170170/recommended-vaccination/ , 0
http://www.healthcentral.com/heart-disease/c/45112/105557/breakfast , 0
http://www.healthcentral.com/cold-flu/c/906496/160737/truth-antibiotics-myth/ , 0
http://www.healthcentral.com/obesity/c/276918/171038/minutes-running-years-life/ , 0
http://www.healthcentral.com/autism/c/656089/137484/visit-questions , 0
http://www.healthcentral.com/multiple-sclerosis/c/255251/169387/option-people-ms/ , 0
http://www.healthcentral.com/autism/c/656089/137484/visit-questions/ , 0
http://www.healthcentral.com/obesity/c/276918/170865/avoiding-vacation-weight/ , 0
http://www.healthcentral.com/diet-exercise/c/59238/169610/gaining-menopause , 0
http://www.healthcentral.com/obesity/c/59238/169946/latest-obesity-headlines , 0
http://www.healthcentral.com/heart-disease/c/45112/113376/motivation/ , 0
http://www.healthcentral.com/sexual-health/c/1443/168293/managing-hepatitis , 0
http://www.healthcentral.com/breast-cancer/c/78/169587/breast-everyday-chemicals , 0
http://www.healthcentral.com/asthma/c/58313/76509/asthma-medication/ , 0
http://www.healthcentral.com/asthma/c/52325/151047/24-things-asthma/ , 0
http://www.healthcentral.com/migraine/c/123/170902/migraine-suggestion-injection/ , 0
http://www.healthcentral.com/sexual-health/c/906496/168337/myth-fact-hepatitis , 0
http://www.healthcentral.com/diet-exercise/c/59238/169736/healthy-grocer/ , 0
http://www.healthcentral.com/rheumatoid-arthritis/c/80106/164355/10-questions-ra , 0
http://www.healthcentral.com/autism/c/656089/137474/autism-gravity , 0
http://www.healthcentral.com/skin-care/c/1443/170473/treating-common-bug-bites/ , 0
http://www.healthcentral.com/asthma/c/52325/143507/obesity-asthma , 0
http://www.healthcentral.com/autism/c/656089/137471/autistic-kids , 0
http://www.healthcentral.com/autism/c/353552/137666/community-share/ , 0
http://www.healthcentral.com/autism/c/656089/137478/autism-art-window , 0
http://www.healthcentral.com/ibd/c/11407/164530/doctor-crohn-disease-treatments , 0
http://www.healthcentral.com/bipolar/c/15/171035/robin-williams-laughter-died , 0
http://www.healthcentral.com/heart-disease/c/45112/106676/soda-taxed , 0
http://www.healthcentral.com/alzheimers/c/62/170874/preserve-function-improve/ , 0
http://www.healthcentral.com/copd/c/11407/170038/understanding-copd-doctor/ , 0
http://www.healthcentral.com/autism/c/656089/137472/announces-funding/ , 0
http://www.healthcentral.com/obesity/c/59238/169946/latest-obesity-headlines/ , 0
http://www.healthcentral.com/asthma/c/58313/154307/control-survival/ , 0
http://www.healthcentral.com/heart-disease/c/45112/103401/questions , 0
http://www.healthcentral.com/anxiety/c/4182/139356/understanding/ , 0
http://www.healthcentral.com/autism/c/656089/137410/beliefs-research/ , 0
http://www.healthcentral.com/heart-disease/c/45112/110534/taking-care/ , 0
http://www.healthcentral.com/cold-flu/c/3989/169552/eastern-respiratory-syndrome/ , 0
http://www.healthcentral.com/migraine/c/123/167463/chronic-essential-information/ , 0
http://www.healthcentral.com/sexual-health/c/1443/168477/hepatitis-overview/ , 0
http://www.healthcentral.com/sexual-health/c/906496/168337/myth-fact-hepatitis/ , 0
http://www.healthcentral.com/migraine/c/123/170931/heating-cooling-migraine-heat , 0
http://www.healthcentral.com/obesity/c/59238/169584/worried-cancer-assess-weight/ , 0
http://www.healthcentral.com/diet-exercise/c/59238/169926/improve-key-questions/ , 0
http://www.healthcentral.com/migraine/c/11407/167630/migraine-treatment-options/ , 0
http://www.healthcentral.com/autism/c/656089/137473/autism-research/ , 0
http://www.healthcentral.com/cholesterol/c/42538/161996/inflammatory-diet-health , 0
http://www.healthcentral.com/diet-exercise/c/59238/169610/gaining-menopause/ , 0
http://www.healthcentral.com/asthma/c/58313/76509/asthma-medication , 0
http://www.healthcentral.com/multiple-sclerosis/c/19065/164360/report-relapses , 0
http://www.healthcentral.com/autism/c/84292/137686/max-introduction , 0
http://www.healthcentral.com/obesity/c/276918/170685/unemployment-linked-obesity/ , 0
http://www.healthcentral.com/autism/c/84292/137686/max-introduction/ , 0
http://www.healthcentral.com/bipolar/c/15/170915/buddhism-mainstream-practical , 0
http://www.healthcentral.com/breast-cancer/c/78/169709/oil-prevent-breast-cancer , 0
http://www.healthcentral.com/diet-exercise/c/59238/169911/options-school-lunches/ , 0
http://www.healthcentral.com/obesity/c/59238/169928/risk-food-addiction/ , 0
http://www.healthcentral.com/breast-cancer/c/78/169383/research-roundup-cancer , 0
http://www.healthcentral.com/migraine/c/123/167137/complementary-aromatherapy/ , 0
http://www.healthcentral.com/sexual-health/c/1443/168133/progression-hepatitis , 0
http://www.healthcentral.com/sexual-health/c/906496/168707/hepatitis-8-things/ , 0
http://www.healthcentral.com/anxiety/c/4182/170989/ocd-men-anxiety-depression , 0
http://www.healthcentral.com/multiple-sclerosis/c/19065/167422/identifying-ms , 0
http://www.healthcentral.com/breast-cancer/c/78/170428/maintaining-healthy-40s/ , 0
http://www.healthcentral.com/autism/c/656089/137480/autism-diagnosis/ , 0
http://www.healthcentral.com/cold-flu/c/3989/170829/borne-initially-masquerading/ , 0
http://www.healthcentral.com/migraine/c/123/170895/understanding-characteristics , 0
http://www.healthcentral.com/asthma/c/58313/154307/control-survival , 0
http://www.healthcentral.com/anxiety/c/4182/170980/sleep-anxiety-depression , 0
http://www.healthcentral.com/migraine/c/123/170837/migraine-migraine-symptoms/ , 0
http://www.healthcentral.com/heart-disease/c/45112/112239/overweight/ , 0
http://www.healthcentral.com/autism/c/656089/137470/communication/ , 0
http://www.healthcentral.com/ibd/c/11407/169093/manage-crohn-flares , 0
http://www.healthcentral.com/autism/c/656089/137479/return-tms-lab , 0
http://www.healthcentral.com/heart-disease/c/45112/110534/taking-care , 0
http://www.healthcentral.com/breast-cancer/c/78/170145/banishing-stigma-cancer , 0
http://www.healthcentral.com/anxiety/c/4182/139356/understanding , 0
http://www.healthcentral.com/cholesterol/c/42538/159989/educating-behaviors-risk/ , 0
http://www.healthcentral.com/autism/c/656089/137475/brain-plasticity , 0
http://www.healthcentral.com/depression/c/4182/170944/depression-helper , 0
http://www.healthcentral.com/bipolar/c/15/170963/bipolar-dilemma , 0
http://www.healthcentral.com/migraine/c/123/170831/migraine-medications-question/ , 0
http://www.healthcentral.com/breast-cancer/c/78/171096/underarm-lump-ways , 0
http://www.healthcentral.com/asthma/c/58313/72302/sensitivity-thought/ , 0
http://www.healthcentral.com/cold-flu/c/215658/168191/public-transit-making-sick/ , 0
http://www.healthcentral.com/ibd/c/8534/133725/crohn-disease-symptoms/ , 0
http://www.healthcentral.com/breast-cancer/c/78/169587/breast-everyday-chemicals/ , 0
http://www.healthcentral.com/obesity/c/59238/170639/brother-mother-influencing , 0
http://www.healthcentral.com/skin-care/c/1443/147015/stress-psoriasis , 0
http://www.healthcentral.com/sexual-health/c/1443/167963/diagnosing-hepatitis/ , 0
http://www.healthcentral.com/migraine/c/123/170831/migraine-medications-question , 0
http://www.healthcentral.com/anxiety/c/4182/171119/hotspots-anxiety-disorders , 0
http://www.healthcentral.com/cholesterol/c/7986/17940/myths-facts/ , 0
http://www.healthcentral.com/depression/c/674/170562/myths-male-depression/ , 0
http://www.healthcentral.com/asthma/c/52325/136498/eating-fat-trigger , 0
http://www.healthcentral.com/migraine/c/123/170982/migraines-migraine-question , 0
http://www.healthcentral.com/heart-disease/c/45112/106676/soda-taxed/ , 0
http://www.healthcentral.com/asthma/c/58313/89474/asthma-checklist/ , 0
http://www.healthcentral.com/heart-disease/c/45112/110867/5-celebrity , 0
http://www.healthcentral.com/sexual-health/c/906496/167772/hepatitis-treatments , 0
http://www.healthcentral.com/breast-cancer/c/78/169774/livebold-cancer-step-time , 0
http://www.healthcentral.com/obesity/c/276918/171070/running-injury/ , 0
http://www.healthcentral.com/heart-disease/c/45112/109269/insurance , 0
http://www.healthcentral.com/migraine/c/123/170902/migraine-suggestion-injection , 0
http://www.healthcentral.com/autism/c/656089/137481/psychological/ , 0
http://www.healthcentral.com/alzheimers/c/62/170686/alzheimer-lifestyle-related , 0
http://www.healthcentral.com/migraine/c/123/170837/migraine-migraine-symptoms , 0
http://www.healthcentral.com/epilepsy/c/67813/169316/epilepsy-mood-sleep , 0
http://www.healthcentral.com/sexual-health/c/906496/167804/boomers-healthcentral/ , 0
http://www.healthcentral.com/asthma/c/52325/143507/obesity-asthma/ , 0
http://www.healthcentral.com/asthma/c/58313/89474/asthma-checklist , 0
http://www.healthcentral.com/autism/c/656089/137482/summary-tms-posts/ , 0
http://www.healthcentral.com/alzheimers/c/62/170686/alzheimer-lifestyle-related/ , 0
http://www.healthcentral.com/copd/c/962/169281/chronic-understanding-differences/ , 0
http://www.healthcentral.com/heart-disease/c/45112/109269/insurance/ , 0
http://www.healthcentral.com/ibd/c/2623/160051/ibd-friendly-recipes/ , 0
http://www.healthcentral.com/migraine/c/123/171042/migraines-helpful-reducing , 0
http://www.healthcentral.com/sexual-health/c/1443/168477/hepatitis-overview , 0
http://www.healthcentral.com/heart-disease/c/45112/103401/questions/ , 0
http://www.healthcentral.com/diet-exercise/c/59238/169736/healthy-grocer , 0
http://www.healthcentral.com/diet-exercise/c/59238/169453/good-healthy-memorial/ , 0
http://www.healthcentral.com/migraine/c/123/170796/migraine-healthcentral-july , 0
http://www.healthcentral.com/heart-disease/c/45112/113376/motivation , 0
http://www.healthcentral.com/rheumatoid-arthritis/c/80106/159268/ra/ , 0
http://www.healthcentral.com/multiple-sclerosis/c/255251/169387/option-people-ms , 0
http://www.healthcentral.com/multiple-sclerosis/c/19065/165767/risk-necessarily , 0
http://www.healthcentral.com/autism/c/656089/137474/autism-gravity/ , 0
http://www.healthcentral.com/asthma/c/58313/98419/asthma-holidays/ , 0
http://www.healthcentral.com/obesity/c/276918/169263/controlling-emotional-loss/ , 0
http://www.healthcentral.com/migraine/c/123/170931/heating-cooling-migraine-heat/ , 0
http://www.healthcentral.com/autism/c/656089/137471/autistic-kids/ , 0
http://www.healthcentral.com/breast-cancer/c/78/170004/progress-research-roundup , 0
http://www.healthcentral.com/heart-disease/c/45112/110867/5-celebrity/ , 0
http://www.healthcentral.com/multiple-sclerosis/c/255251/168135/ms-workplace , 0
http://www.healthcentral.com/autism/c/656089/137470/communication , 0
http://www.healthcentral.com/autism/c/656089/137478/autism-art-window/ , 0
http://www.healthcentral.com/breast-cancer/c/78/170004/progress-research-roundup/ , 0
http://www.healthcentral.com/skin-care/c/67813/164421/psoriasis-treatment-green/ , 0
http://www.healthcentral.com/breast-cancer/c/78/169383/research-roundup-cancer/ , 0
http://www.healthcentral.com/heart-disease/c/45112/112239/overweight , 0
http://www.healthcentral.com/adhd/c/1443/171133/school-college-student-organized , 0
http://www.healthcentral.com/autism/c/656089/137480/autism-diagnosis , 0
http://www.healthcentral.com/cholesterol/c/42538/161082/types-rice-heart-health/ , 0
http://www.healthcentral.com/breast-cancer/c/78/170428/maintaining-healthy-40s , 0
http://www.healthcentral.com/diet-exercise/c/59238/169926/improve-key-questions , 0
http://www.healthcentral.com/migraine/c/123/167752/migraines-matter-lesions , 0
http://www.healthcentral.com/depression/c/4182/171037/men-expression-depression , 0
http://www.healthcentral.com/autism/c/656089/137479/return-tms-lab/ , 0
http://www.healthcentral.com/multiple-sclerosis/c/255251/166713/ms-healthcentra , 0
http://www.healthcentral.com/cholesterol/c/42538/161082/types-rice-heart-health , 0
http://www.healthcentral.com/asthma/c/58313/98419/asthma-holidays , 0
http://www.healthcentral.com/autism/c/656089/137475/brain-plasticity/ , 0
http://www.healthcentral.com/autism/c/656089/137481/psychological , 0
http://www.healthcentral.com/rheumatoid-arthritis/c/80106/164355/10-questions-ra/ , 0
http://www.healthcentral.com/obesity/c/59238/169584/worried-cancer-assess-weight , 0
http://www.healthcentral.com/breast-cancer/c/78/169774/livebold-cancer-step-time/ , 0
http://www.healthcentral.com/diet-exercise/c/59238/169453/good-healthy-memorial , 0
http://www.healthcentral.com/autism/c/353552/137667/talk , 0
http://www.healthcentral.com/obesity/c/59238/169928/risk-food-addiction , 0
http://www.healthcentral.com/cholesterol/c/42538/162638/middle-high-cholesterol/ , 0
http://www.healthcentral.com/asthma/c/58313/158298/asthma-controlled/ , 0
http://www.healthcentral.com/depression/c/4182/171118/depression-powerlessness , 0
http://www.healthcentral.com/skin-cancer/c/1443/171058/viagra-increase-cancer , 0
http://www.healthcentral.com/adhd/c/1443/171010/preparing-back-school , 0
http://www.healthcentral.com/autism/c/656089/137472/announces-funding , 0
http://www.healthcentral.com/asthma/c/58313/72302/sensitivity-thought , 0
http://www.healthcentral.com/heart-disease/c/45112/105557/breakfast/ , 0
http://www.healthcentral.com/autism/c/353552/137666/community-share , 0
http://www.healthcentral.com/obesity/c/59238/170639/brother-mother-influencing/ , 0
http://www.healthcentral.com/ibd/c/11407/164666/smoking-crohn-disease/ , 0
http://www.healthcentral.com/breast-cancer/c/78/170749/eating-10-healthy-breasts , 0
http://www.healthcentral.com/obesity/c/276918/170863/fail-avoiding-carrot-stick/ , 0
http://www.healthcentral.com/autism/c/656089/137482/summary-tms-posts , 0
http://www.healthcentral.com/diet-exercise/c/59238/169911/options-school-lunches , 0
http://www.healthcentral.com/multiple-sclerosis/c/255251/169091/sclerosis-avoid/ , 0
http://www.healthcentral.com/heart-disease/c/45112/109183/patients , 0
http://www.healthcentral.com/migraine/c/123/170796/migraine-healthcentral-july/ , 0
http://www.healthcentral.com/autism/c/656089/137410/beliefs-research , 0
http://www.healthcentral.com/autism/c/656089/137473/autism-research , 0
http://www.healthcentral.com/sexual-health/c/906496/168720/talking-hepatitis/ , 0
http://www.healthcentral.com/cholesterol/c/42538/159989/educating-behaviors-risk , 0
http://www.healthcentral.com/diet-exercise/c/59238/169888/broadway-inspires-hard , 0
http://www.healthcentral.com/cholesterol/c/42538/161996/inflammatory-diet-health/ , 0
http://www.healthcentral.com/autism/c/353552/137667/talk/ , 0
http://www.healthcentral.com/migraine/c/123/155417/migraine-children , 0
http://www.healthcentral.com/asthma/c/52325/151047/24-things-asthma , 0
http://www.healthcentral.com/multiple-sclerosis/c/255251/167617/ms-healthcentral , 0
http://www.healthcentral.com/heart-disease/c/45112/114816/confirmed , 0
http://www.healthcentral.com/anxiety/c/4182/170905/overcoming-worry-anxiety , 0
http://www.healthcentral.com/depression/c/4182/171043/thinking-therapy-questions , 0
http://www.healthcentral.com/diet-exercise/c/59238/169888/broadway-inspires-hard/ , 0
http://www.healthcentral.com/migraine/c/123/170895/understanding-characteristics/ , 0
http://www.healthcentral.com/multiple-sclerosis/c/19065/167422/identifying-ms/ , 0
http://www.healthcentral.com/asthma/c/58313/158298/asthma-controlled , 0
http://www.healthcentral.com/migraine/c/123/171044/simplifying-traveling-tsa-pre , 0
http://www.healthcentral.com/heart-disease/c/45112/114816/confirmed/ , 0
http://www.healthcentral.com/anxiety/c/4182/171099/anxiety-interpretations , 0
http://www.healthcentral.com/skin-care , 1
http://www.healthcentral.com/cholesterol/r/medications , 1
http://www.healthcentral.com/sleep-disorders/drug-information.html , 1
http://www.healthcentral.com/diabetes/r/medications , 1
http://www.healthcentral.com/adhd/r/medications , 1
http://www.healthcentral.com/rheumatoid-arthritis , 1
http://www.healthcentral.com/cold-flu , 1
http://www.healthcentral.com/acid-reflux/r/medications , 1
http://www.healthcentral.com/osteoarthritis/r/medications , 1
http://www.healthcentral.com/migraine/c/906496/169778/6-common-epilepsy-myths/ , 1
http://healthcentral.com/breast-cancer/cf/quizzes/do-you-know-your-breast-cancer-symptoms , 1
http://www.healthcentral.com/schizophrenia , 1
http://www.healthcentral.com/bipolar/r/medications , 1
http://www.healthcentral.com/sleep-disorders/r/medications , 1
http://www.healthcentral.com/multiple-sclerosis , 1
http://www.healthcentral.com/sexual-health/r/medications , 1
http://www.healthcentral.com/rheumatoid-arthritis/r/medications , 1
http://www.healthcentral.com/sexual-health , 1
http://www.healthcentral.com/colon-cancer , 1
http://www.healthcentral.com/heart-disease/r/medications , 1
http://www.healthcentral.com/genital-herpes , 1
http://www.healthcentral.com/epilepsy , 1
http://www.healthcentral.com/rheumatoid-arthritis/arthritis-checkup-193351.html , 1
http://www.healthcentral.com/migraine , 1
http://www.healthcentral.com/chronic-pain/r/medications , 1
http://www.healthcentral.com/symptom-checker/ , 1
http://www.healthcentral.com/obesity , 1
http://www.healthcentral.com/cholesterol , 1
http://www.healthcentral.com/diabetes , 1
http://www.healthcentral.com/osteoporosis/r/medications , 1
http://www.healthcentral.com/diet-exercise/quizzes-251185.html , 1
http://www.healthcentral.com/menopause , 1
http://www.healthcentral.com/cholesterol/bmi-1688-143.html , 1
http://www.healthcentral.com/anxiety/r/medications , 1
http://www.healthcentral.com/allergy , 1
http://www.healthcentral.com/sleep-disorders/drug-information-24484-25.html , 1
http://www.healthcentral.com/prostate , 1
http://www.healthcentral.com/breast-cancer/r/medications , 1
http://www.healthcentral.com/heart-disease , 1
http://www.healthcentral.com/incontinence , 1
http://www.healthcentral.com/depression , 1
http://www.healthcentral.com/skin-cancer , 1
http://www.healthcentral.com/erectile-dysfunction/r/medications , 1
http://www.healthcentral.com/diet-exercise/r/medications , 1
http://www.healthcentral.com/acid-reflux , 1
http://www.healthcentral.com/skin-cancer/r/medications , 1
http://www.healthcentral.com/diet-exercise , 1
http://www.healthcentral.com/ibd , 1
http://www.healthcentral.com/colon-cancer/r/medications , 1
http://www.healthcentral.com/autism , 1
http://www.healthcentral.com/cholesterol/question-answer-28152-64.html , 1
http://www.healthcentral.com/menopause/r/medications , 1
http://www.healthcentral.com/multiple-sclerosis/r/medications , 1
http://www.healthcentral.com/bipolar , 1
http://www.healthcentral.com/erectile-dysfunction , 1
http://www.healthcentral.com/cold-flu/r/medications , 1
http://www.healthcentral.com/incontinence/r/medications , 1
http://www.healthcentral.com/chronic-pain , 1
http://www.healthcentral.com/depression/r/medications , 1
http://www.healthcentral.com/adhd , 1
http://healthcentral.com/robots.txt , 1
http://www.healthcentral.com/anxiety , 1
http://healthcentral.com/ , 1
http://www.healthcentral.com/stop-smoking/ , 1
http://www.healthcentral.com/migraine/r/medications , 1
http://www.healthcentral.com/alzheimers , 1
http://www.healthcentral.com/copd , 1
http://www.healthcentral.com/osteoporosis , 1
http://www.healthcentral.com/sleep-disorders , 1
http://www.healthcentral.com/osteoarthritis , 1
http://www.healthcentral.com/healthcare08/ , 1
http://www.healthcentral.com/obesity/r/medications , 1
http://www.healthcentral.com/copd/r/medications , 1
http://www.healthcentral.com/asthma , 1
http://www.healthcentral.com/about/media-kit/why-healthcentral/ , 1
http://www.healthcentral.com/alzheimers/r/medications , 1
http://www.healthcentral.com/asthma/r/medications , 1
http://www.healthcentral.com/ibd/r/medications , 1
http://www.healthcentral.com/genital-herpes/r/medications , 1
http://www.healthcentral.com/high-blood-pressure/r/medications , 1
http://www.healthcentral.com/about , 1
http://www.healthcentral.com/high-blood-pressure , 1
http://www.healthcentral.com/migraine/c/67813/169779/epilepsy-infographic/ , 1
http://www.healthcentral.com/caregiver/ , 1
http://www.healthcentral.com/allergy/r/medications , 1
http://www.healthcentral.com/schizophrenia/r/medications , 1
http://www.healthcentral.com/breast-cancer , 1
http://www.healthcentral.com/prostate/r/medications , 1
http://www.healthcentral.com/migraine/c/67813/169316/epilepsy-mood-sleep/ , 1
http://www.healthcentral.com/skin-care/r/medications , 1
http://www.healthcentral.com/migraine/cf/slideshows/10-ways-for-migraineurs-to-sneak-in-some-exercise , 2
http://www.healthcentral.com/copd/cf/slideshows/5-new-developments-in-asthma-copd-research , 2
http://www.healthcentral.com/anxiety/cf/slideshows/10-things-you-need-to-know-about-anxiety-medication , 2
http://www.healthcentral.com/copd/cf/slideshows/how-eat-healthy-copd , 2
http://www.healthcentral.com/ibd/cf/slideshows/10-questions-ask-your-doctor-about-crohns-disease , 2
http://www.healthcentral.com/cold-flu/cf/slideshows/10-facts-about-treating-the-common-cold , 2
http://www.healthcentral.com/cold-flu/cf/slideshows/7-everyday-items-you-should-avoid-sharing , 2
http://www.healthcentral.com/cold-flu/cf/slideshows/10-ways-to-prep-for-cold-and-flu-season-now , 2
http://www.healthcentral.com/sexual-health/cf/slideshows/5-ways-talk-loved-ones-about-hepatitis-c , 2
http://www.healthcentral.com/rheumatoid-arthritis/cf/slideshows/holiday-health-tips , 2
http://www.healthcentral.com/depression/cf/slideshows/7-tips-to-overcome-post-vacation-depression , 2
http://www.healthcentral.com/copd/cf/slideshows/8-ways-to-improve-quality-of-life-with-copd , 2
http://www.healthcentral.com/skin-cancer/cf/slideshows/10-sunscreen-mistakes-you%E2%80%99re-probably-making , 2
http://www.healthcentral.com/skin-cancer/cf/slideshows/how-to-choose-and-use-a-sunscreen , 2
http://www.healthcentral.com/cholesterol/cf/slideshows/organic-foods-to-buy , 2
http://www.healthcentral.com/multiple-sclerosis/cf/slideshows/8-ways-manage-fatigue-ms , 2
http://www.healthcentral.com/obesity/cf/slideshows/seven-myths-about-obesity , 2
http://www.healthcentral.com/alzheimers/cf/slideshows/7-ways-communicate-declining-elders , 2
http://www.healthcentral.com/migraine/cf/slideshows/6-epilepsy-myths-1 , 2
http://www.healthcentral.com/copd/cf/slideshows/6-tips-traveling-copd , 2
http://www.healthcentral.com/multiple-sclerosis/cf/slideshows/8-ways-reduce-stress-ms , 2
http://www.healthcentral.com/diet-exercise/cf/slideshows/10-weight-loss-rants , 2
http://www.healthcentral.com/sexual-health/cf/slideshows/timeline-hepatitis-c , 2
http://www.healthcentral.com/cold-flu/cf/slideshows/6-tips-to-avoid-the-office-cold , 2
http://www.healthcentral.com/sexual-health/cf/slideshows/6-facts-about-progression-hepatitis-c , 2
http://www.healthcentral.com/obesity/cf/slideshows/8-ways-fight-childhood-obesity , 2
http://www.healthcentral.com/cholesterol/cf/slideshows/foods-that-can-raise-your-good-cholesterol-level , 2
http://www.healthcentral.com/cholesterol/cf/slideshows/8-foods-that-lower-cholesterol , 2
http://www.healthcentral.com/migraine/cf/slideshows/five-causes-epilepsy , 2
http://www.healthcentral.com/sexual-health/cf/slideshows/6-facts-about-sex-and-hepatitis-c , 2
http://www.healthcentral.com/alzheimers/cf/slideshows/the-history-of-alzheimer-s-disease , 2
http://www.healthcentral.com/skin-care/cf/slideshows/9-tips-spring-cleaning-your-makeup , 2
http://www.healthcentral.com/asthma/cf/slideshows/why-humidity-and-cold-air-trigger-asthma , 2
http://www.healthcentral.com/migraine/cf/slideshows/12-tips-for-living-well-with-migraines , 2
http://www.healthcentral.com/epilepsy/d/slideshows/8-tips-epilepsy-caregivers , 2
http://www.healthcentral.com/cholesterol/cf/slideshows/checklist-to-lower-your-cholesterol , 2
http://www.healthcentral.com/prostate/cf/slideshows/8-reasons-to-love-your-dog , 2
http://www.healthcentral.com/copd/cf/slideshows/10-signs-you-may-have-copd-flare , 2
http://www.healthcentral.com/diet-exercise/cf/slideshows/top-10-powerhouse-vegetables , 2
http://www.healthcentral.com/copd/cf/slideshows/5-things-know-about-e-cigarettes , 2
http://www.healthcentral.com/cold-flu/cf/slideshows/10-tips-prevent-food-poisoning , 2
http://www.healthcentral.com/alzheimers/cf/slideshows/10-summer-mini-vacations-caregivers-who-cant-get-away , 2
http://www.healthcentral.com/diet-exercise/cf/slideshows/8-foods-eat-healthy-teeth , 2
http://www.healthcentral.com/cholesterol/cf/slideshows/5-facts-about-table-sugar-and-high-fructose-corn-syrup , 2
http://www.healthcentral.com/sexual-health/cf/slideshows/8-ways-prevent-spread-hepatitis-c , 2
http://www.healthcentral.com/diet-exercise/cf/slideshows/10-ways-stay-shape-vacation , 2
http://www.healthcentral.com/skin-care/cf/slideshows/11-skin-care-tips-for-athletes , 2
http://www.healthcentral.com/multiple-sclerosis/cf/slideshows/7-stretches-and-exercises-improve-balance-ms , 2
http://www.healthcentral.com/cold-flu/cf/slideshows/8-tips-food-and-water-safety-international-travelers , 2
http://www.healthcentral.com/sexual-health/cf/slideshows/8-myths-about-hepatitis-c , 2
http://www.healthcentral.com/skin-care/cf/slideshows/8-things-i-wish-i-d-known-about-psoriasis , 2
http://www.healthcentral.com/skin-care/cf/slideshows/top-10-ways-to-live-with-psoriasis , 2
http://www.healthcentral.com/cholesterol/cf/slideshows/five-things-you-need-to-know-about-low-carb-dieting , 2
http://www.healthcentral.com/cold-flu/cf/slideshows/5-things-with-unexpected-germ-killing-power , 2
http://www.healthcentral.com/copd/cf/slideshows/5-signs-you-need-go-er-your-copd , 2
http://www.healthcentral.com/sexual-health/cf/slideshows/6-hepatitis-c-terms-you-should-know , 2
http://www.healthcentral.com/obesity/cf/slideshows/8-foods-you-never-knew-had-sugar-them , 2
http://www.healthcentral.com/obesity/cf/slideshows/6-things-you-think-you-know-about-weight-loss-but-don-t , 2
http://www.healthcentral.com/cholesterol/cf/slideshows/8-restaurant-meals-that-are-bad-for-your-heart , 2
http://www.healthcentral.com/asthma/cf/slideshows/5-ways-pets-influence-your-health , 2
http://www.healthcentral.com/skin-care/cf/slideshows/6-conditions-linked-to-psoriasis , 2
http://www.healthcentral.com/skin-care/cf/slideshows/top-10-ways-live-psoriasis , 2
http://www.healthcentral.com/diabetes/c/17/170713/trouble-protein-diabetes/ , 3
http://www.healthcentral.com/bipolar/c/15/170770/lives-night-sky-ruminations , 3
http://www.healthcentral.com/bipolar/c/15/170615/peak-experiences/ , 3
http://www.healthcentral.com/bipolar/c/15/170879/relationships-reassuring-normal , 3
http://www.healthcentral.com/diabetes/c/17/170946/3-reasons-people-diabetes-jog , 3
http://www.healthcentral.com/autism/c/1443/170949/children-outgrow-autism/ , 3
http://www.healthcentral.com/autism/c/1443/171045/early-signs-autism/ , 3
http://www.healthcentral.com/skin-cancer/c/1443/170957/child-school-sun-smart , 3
http://www.healthcentral.com/diabetes/c/17/170344/exercise-people-diabetes , 3
http://www.healthcentral.com/skin-care/c/1443/171046/back-school-head-lice , 3
http://www.healthcentral.com/bipolar/c/15/170753/helping-bipolar-begins-reality/ , 3
http://www.healthcentral.com/bipolar/c/15/171136/robin-williams-truth , 3
http://www.healthcentral.com/diabetes/c/17/170674/great-yogurts-people-diabetes/ , 3
http://www.healthcentral.com/diabetes/c/17/170434/reasons-diabetes-organic-food , 3
http://www.healthcentral.com/diabetes/c/17/171078/mindful-diabetes-stress-a1c , 3
http://www.healthcentral.com/diabetes/c/17/170344/exercise-people-diabetes/ , 3
http://www.healthcentral.com/asthma/c/58313/66948/tobacco-tobacco/ , 3
http://www.healthcentral.com/depression/c/15/170772/antidepressant-short-answer/ , 3
http://www.healthcentral.com/diabetes/c/17/170811/dreamfields-people-diabetes/ , 3
http://www.healthcentral.com/diabetes/c/17/170811/dreamfields-people-diabetes , 3
http://www.healthcentral.com/autism/c/84292/137688/message/ , 3
http://www.healthcentral.com/alzheimers/c/62/166420/fish-preserve-brain-cells/ , 3
http://www.healthcentral.com/anxiety/c/1443/171023/anxiety-working-child-teacher , 3
http://www.healthcentral.com/alzheimers/c/62/166420/fish-preserve-brain-cells , 3
http://www.healthcentral.com/asthma/c/58313/110175/asthma-severity/ , 3
http://www.healthcentral.com/autism/c/84292/137688/message , 3
http://www.healthcentral.com/sexual-health/c/1443/168294/coinfection-hepatitis , 3
http://www.healthcentral.com/bipolar/c/15/170615/peak-experiences , 3
http://www.healthcentral.com/diabetes/c/17/170535/negotiate-diabetes-drugs/ , 3
http://www.healthcentral.com/autism/c/1443/171045/early-signs-autism , 3
http://www.healthcentral.com/diabetes/c/17/170535/negotiate-diabetes-drugs , 3
http://www.healthcentral.com/diabetes/c/17/170434/reasons-diabetes-organic-food/ , 3
http://www.healthcentral.com/diabetes/c/17/170343/exercise-people-diabetes/ , 3
http://www.healthcentral.com/copd/c/52325/170677/copd-action-plan/ , 3
http://www.healthcentral.com/diabetes/c/17/170945/3-reasons-people-diabetes-jog/ , 3
http://www.healthcentral.com/asthma/c/58313/66948/tobacco-tobacco , 3
http://www.healthcentral.com/asthma/c/58313/62416/linked-nose-stomach , 3
http://www.healthcentral.com/asthma/c/58313/110175/asthma-severity , 3
http://www.healthcentral.com/diabetes/c/17/170674/great-yogurts-people-diabetes , 3
http://www.healthcentral.com/copd/c/52325/169890/heart-lungs-work/ , 3
http://www.healthcentral.com/diabetes/c/17/170945/3-reasons-people-diabetes-jog , 3
http://www.healthcentral.com/bipolar/c/15/170753/helping-bipolar-begins-reality , 3
http://www.healthcentral.com/diabetes/c/17/170713/trouble-protein-diabetes , 3
http://www.healthcentral.com/depression/c/15/170772/antidepressant-short-answer , 3
http://www.healthcentral.com/autism/c/1443/170949/children-outgrow-autism , 3
http://www.healthcentral.com/depression/c/15/170836/taking-holiday-health-depend , 3
http://www.healthcentral.com/diabetes/c/17/170343/exercise-people-diabetes , 3
http://www.healthcentral.com/asthma/c/58313/62416/linked-nose-stomach/ , 3
http://www.healthcentral.com/asthma/c/52325/170688/high-diets-asthma-children/ , 3
http://www.healthcentral.com/sexual-health/c/1443/171067/talking-college-child , 3
http://www.healthcentral.com/cholesterol//c/question/create , 4
http://www.healthcentral.com/profiles/c/0/subscribe/17 , 4
http://www.healthcentral.com/alzheimers/c/question/create , 4
http://www.healthcentral.com/copd/c/question/create , 4
http://www.healthcentral.com/profiles/c/0/compose/59238 , 4
http://www.healthcentral.com/profiles/c/0/compose/1443 , 4
http://www.healthcentral.com/migraine/cf/slideshows/9-ways-safeguard-your-home-epilepsy , 4
http://www.healthcentral.com/profiles/c/0/subscribe/1443 , 4
http://www.healthcentral.com/profiles/c/0/subscribe/58313 , 4
http://www.healthcentral.com/rheumatoid-arthritis/c/question/create , 4
http://www.healthcentral.com/migraine/c/question/create , 4
http://www.healthcentral.com/profiles/c/0/compose/4182 , 4
http://www.healthcentral.com/multiple-sclerosis/c/question/create , 4
http://www.healthcentral.com/profiles/c/0/compose/17 , 4
http://www.healthcentral.com/cold-flu/c/question/create , 4
http://www.healthcentral.com/epilepsy/c/create , 4
http://www.healthcentral.com/about/healthcentral-advertising-policy , 4
http://www.healthcentral.com/diet-exercise/cf/quizzes/which-activities-burn-more-calories , 4
http://www.healthcentral.com/profiles/c/0/compose/58313 , 4
http://www.healthcentral.com/profiles/c/0/subscribe/15 , 4
http://www.healthcentral.com/obesity/c/question/create , 4
http://www.healthcentral.com/profiles/c/sharing/facebook , 4
http://www.healthcentral.com/diet-exercise/c/question/create , 4
http://www.healthcentral.com/sohealth/feed/rss/ , 4
http://www.healthcentral.com/skin-cancer/c/question/create , 4
http://www.healthcentral.com/video/408/index.html , 4
http://www.healthcentral.com/profiles/c/0/subscribe/4182 , 4
http://www.healthcentral.com/sexual-health/c/question/create , 4
http://www.healthcentral.com/migraine/cf/slideshows/8-tips-epilepsy-caregivers , 4
http://www.healthcentral.com/epilepsy/c/question/create , 4
http://www.healthcentral.com/profiles/c/0/compose/15 , 4
http://www.healthcentral.com/sohealth/feed/ , 4
http://www.healthcentral.com/profiles/c/0/subscribe/78 , 4
http://www.healthcentral.com/anxiety/c/question/create , 4
http://www.healthcentral.com/profiles/c/sharing/twitter , 4
http://www.healthcentral.com/breast-cancer/cf/quizzes/do-you-know-your-breast-cancer-symptoms , 4
http://www.healthcentral.com/sohealth/feed/atom/ , 4
http://www.healthcentral.com/depression/c/question/create , 4
http://www.healthcentral.com/profiles/c/sharing/stumble , 4
http://www.healthcentral.com/skin-care/c/question/create , 4
http://www.healthcentral.com/profiles/c/0/subscribe/123 , 4
http://www.healthcentral.com/profiles/c/0/compose/78 , 4
http://www.healthcentral.com/asthma/c/question/create , 4
http://www.healthcentral.com/profiles/c/0/compose/45112 , 4
http://www.healthcentral.com/ibd/c/question/create , 4
http://www.healthcentral.com/profiles/c/0/subscribe/45112 , 4
http://www.healthcentral.com/profiles/c/0/compose/123 , 4
http://www.healthcentral.com/profiles/c/0/subscribe/59238 , 4
http://www.healthcentral.com/bipolar/c/role/1 , 5
http://www.healthcentral.com/rheumatoid-arthritis/c/role/3 , 5
http://www.healthcentral.com/schizophrenia/c/role/5 , 5
http://www.healthcentral.com/cholesterol/c/membership/2 , 5
http://www.healthcentral.com/sexual-health/c/role/5 , 5
http://www.healthcentral.com/adhd/c/all , 5
http://www.healthcentral.com/chronic-pain/c/role/1 , 5
http://www.healthcentral.com/menopause/c/role/5 , 5
http://www.healthcentral.com/diet-exercise/c/all , 5
http://www.healthcentral.com/diet-exercise/c/membership/2 , 5
http://www.healthcentral.com/chronic-pain/c/role/5 , 5
http://www.healthcentral.com/copd/c/all , 5
http://www.healthcentral.com/cholesterol/c/role/5 , 5
http://www.healthcentral.com/diabetes/c/role/1 , 5
http://www.healthcentral.com/breast-cancer/c/role/2 , 5
http://www.healthcentral.com/osteoporosis/c/role/5 , 5
http://www.healthcentral.com/heart-disease/c/role/6 , 5
http://www.healthcentral.com/adhd/c/membership/2 , 5
http://www.healthcentral.com/bipolar/c/role/3 , 5
http://www.healthcentral.com/genital-herpes/c/role/5 , 5
http://www.healthcentral.com/anxiety/c/role/1 , 5
http://www.healthcentral.com/sleep-disorders/c/membership/2 , 5
http://www.healthcentral.com/sleep-disorders/c/all , 5
http://www.healthcentral.com/depression/c/role/5 , 5
http://www.healthcentral.com/skin-care/c/role/5 , 5
http://www.healthcentral.com/cold-flu/c/all , 5
http://www.healthcentral.com/high-blood-pressure/c/role/5 , 5
http://www.healthcentral.com/diet-exercise/c/role/6 , 5
http://www.healthcentral.com/depression/c/role/1 , 5
http://www.healthcentral.com/adhd/c/role/5 , 5
http://www.healthcentral.com/obesity/c/role/6 , 5
http://www.healthcentral.com/skin-cancer/c/role/5 , 5
http://www.healthcentral.com/obesity/c/role/5 , 5
http://www.healthcentral.com/osteoarthritis/c/role/1 , 5
http://www.healthcentral.com/diabetes/c/role/6 , 5
http://www.healthcentral.com/cholesterol/c/all , 5
http://www.healthcentral.com/asthma/c/role/6 , 5
http://www.healthcentral.com/migraine/c/role/1 , 5
http://www.healthcentral.com/anxiety/c/role/5 , 5
http://www.healthcentral.com/diet-exercise/c/role/5 , 5
http://www.healthcentral.com/adhd/c/role/3 , 5
http://www.healthcentral.com/diet-exercise/h/where-does-carbohydrates-come-from.html , 6
http://www.healthcentral.com/cholesterol/h/how-to-remove-cholesterol-deposits-from-eyes.html , 6
http://www.healthcentral.com/sleep-disorders/h/what-causes-body-essential-tremors-while-sleeping.html , 6
http://www.healthcentral.com/diet-exercise/h/does-lactose-intolerance-cause-weight-gain.html , 6
http://www.healthcentral.com/cholesterol/h/does-fresh-garlic-lower-blood-pressure-and-lower-cholesterol.html , 6
http://www.healthcentral.com/cholesterol/h/cholesterol-function-in-human-body.html , 6
http://www.healthcentral.com/diet-exercise/h/can-bacteria-from-probiotics-cause-bad-breath.html , 6
http://www.healthcentral.com/sleep-disorders/h/what-causes-shaking-while-sleeping.html , 6
http://www.healthcentral.com/cholesterol/h/flush-free-niacin-to-lower-bad-cholesterol.html , 6
http://www.healthcentral.com/cholesterol/h/can-you-drink-coffee-when-fasting-for-a-cholesterol-test.html , 6
http://www.healthcentral.com/cholesterol/h/can-diet-lower-ldl-particle-number.html , 6
http://www.healthcentral.com/diet-exercise/h/is-there-a-special-diet-for-lymphedema.html , 6
http://www.healthcentral.com/sleep-disorders/h/i-cant-breathe-out-through-my-nose-at-night.html , 6
http://www.healthcentral.com/cholesterol/h/can-statin-cause-weight-gain.html , 6
http://www.healthcentral.com/cholesterol/h/what-is-ldl-direct.html , 6
http://www.healthcentral.com/cholesterol/h/a-weeks-menu-to-lower-triglycerides.html , 6
http://www.healthcentral.com/cholesterol/h/does-rice-increase-cholesterol-level.html , 6
http://www.healthcentral.com/cholesterol/h/is-simvastatin-generic-for-lipitor.html , 6
http://www.healthcentral.com/diet-exercise/h/does-eating-sugar-cause-cirrhosis-of-the-liver.html , 6
http://www.healthcentral.com/sleep-disorders/h/tips-on-stopping-nightmares-in-teens.html , 6
http://www.healthcentral.com/sleep-disorders/h/will-tramadol-help-me-sleep.html , 6
http://www.healthcentral.com/sleep-disorders/h/why-do-you-get-a-tension-headache-after-sleeping-too-much.html , 6
http://www.healthcentral.com/cholesterol/h/lipanthyl-fenofibrates.html , 6
http://www.healthcentral.com/cholesterol/h/will-taking-glucosamine-increase-cholesterol.html , 6
http://www.healthcentral.com/sleep-disorders/h/Zoloft--to--treat--insomnia.html , 6
http://www.healthcentral.com/sleep-disorders/h/melatonin-along-with-ambien-for-insomnia.html , 6
http://www.healthcentral.com/diet-exercise/h/natural-cures-for-cervical-polyps.html , 6
http://www.healthcentral.com/cholesterol/h/dry-roasted-peanuts--cholesterol.html , 6
http://www.healthcentral.com/sleep-disorders/h/vitamin-deficiency-causes-sleep-disorder.html , 6
http://www.healthcentral.com/sleep-disorders/h/pineal-gland-sleep-disorders-brain.html , 6
http://www.healthcentral.com/sleep-disorders/h/xanax-used-to-treat-sleep-disorder.html , 6
http://www.healthcentral.com/cholesterol/h/how-many-hours-should-i-fast-before-a-cholesterol-test.html , 6
http://www.healthcentral.com/cholesterol/h/what-does-cholesterol-level-of-145-mean.html , 6
http://www.healthcentral.com/cholesterol/h/simvastatin:-interactions-with-grapefruit.html , 6
http://www.healthcentral.com/diabetes/r/medications/ , 7
http://www.healthcentral.com/rheumatoid-arthritis/r/medications/ , 7
http://www.healthcentral.com/cholesterol/r/medications/ , 7
http://www.healthcentral.com/alzheimers/r/medications/ , 7
http://www.healthcentral.com/cold-flu/r/medications/ , 7
http://www.healthcentral.com/chronic-pain/r/medications/ , 7
http://www.healthcentral.com/diet-exercise/r/medications/ , 7
http://www.healthcentral.com/depression/r/medications/ , 7
http://www.healthcentral.com/high-blood-pressure/r/medications/ , 7
http://www.healthcentral.com/heart-disease/r/medications/ , 7
http://www.healthcentral.com/genital-herpes/r/medications/ , 7
http://www.healthcentral.com/skin-cancer/r/medications/ , 7
http://www.healthcentral.com/multiple-sclerosis/r/medications/ , 7
http://www.healthcentral.com/osteoarthritis/r/medications/ , 7
http://www.healthcentral.com/adhd/r/medications/ , 7
http://www.healthcentral.com/bipolar/r/medications/ , 7
http://www.healthcentral.com/osteoporosis/r/medications/ , 7
http://www.healthcentral.com/incontinence/r/medications/ , 7
http://www.healthcentral.com/menopause/r/medications/ , 7
http://www.healthcentral.com/anxiety/r/medications/ , 7
http://www.healthcentral.com/copd/r/medications/ , 7
http://www.healthcentral.com/obesity/r/medications/ , 7
http://www.healthcentral.com/ibd/r/medications/ , 7
http://www.healthcentral.com/asthma/r/medications/ , 7
http://www.healthcentral.com/breast-cancer/r/medications/ , 7
http://www.healthcentral.com/prostate/r/medications/ , 7
http://www.healthcentral.com/migraine/r/medications/ , 7
http://www.healthcentral.com/sexual-health/r/medications/ , 7
http://www.healthcentral.com/erectile-dysfunction/r/medications/ , 7
http://www.healthcentral.com/sleep-disorders/r/medications/ , 7
http://www.healthcentral.com/skin-care/r/medications/ , 7
http://www.healthcentral.com/acid-reflux/r/medications/ , 7
http://www.healthcentral.com/allergy/r/medications/ , 7
http://www.healthcentral.com/schizophrenia/r/medications/ , 7
http://www.healthcentral.com/videos/cf/multiple-sclerosis , 8
http://www.healthcentral.com/videos/cf/cholesterol , 8
http://www.healthcentral.com/videos/cf/incontinence , 8
http://www.healthcentral.com/videos/cf/sexual-health , 8
http://www.healthcentral.com/videos/cf/rheumatoid-arthritis , 8
http://www.healthcentral.com/videos/cf/asthma , 8
http://www.healthcentral.com/videos/cf/diet-exercise , 8
http://www.healthcentral.com/videos/cf/breast-cancer , 8
http://www.healthcentral.com/videos/cf/heart-disease , 8
http://www.healthcentral.com/videos/cf/chronic-pain , 8
http://www.healthcentral.com/videos/cf/migraine , 8
http://www.healthcentral.com/videos/cf/skin-care , 8
http://www.healthcentral.com/videos/cf/adhd , 8
http://www.healthcentral.com/videos/cf/allergy , 8
http://www.healthcentral.com/videos/cf/osteoarthritis , 8
http://www.healthcentral.com/videos/cf/autism/ , 8
http://www.healthcentral.com/videos/cf/alzheimers , 8
http://www.healthcentral.com/videos/cf/autism , 8
http://www.healthcentral.com/videos/cf/diabetes , 8
http://www.healthcentral.com/videos/cf/high-blood-pressure , 8
http://www.healthcentral.com/videos/cf/copd , 8
http://www.healthcentral.com/videos/cf/bipolar , 8
http://www.healthcentral.com/videos/cf/cold-flu , 8
http://www.healthcentral.com/videos/cf/depression , 8
http://www.healthcentral.com/videos/cf/caregiver , 8
http://www.healthcentral.com/videos/cf/caregiver/ , 8
http://www.healthcentral.com/videos/cf/sleep , 8
http://www.healthcentral.com/videos/cf/ibd , 8
http://www.healthcentral.com/videos/cf/sleep/ , 8
http://www.healthcentral.com/profiles/c/register , 9
http://www.healthcentral.com/profiles/c/17/album , 9
http://www.healthcentral.com/profiles/c/login , 9
http://www.healthcentral.com/obesity/c/general/introduction , 9
http://www.healthcentral.com/multiple-sclerosis/c/19065/167422/identifying-ms/comment , 9
http://www.healthcentral.com/migraine/c/123/167463/chronic-essential-information/comment , 9
http://www.healthcentral.com/profiles/c/78/album , 9
http://www.healthcentral.com/adhd/c/register , 9
http://www.healthcentral.com/autism/c/role/3 , 9
http://www.healthcentral.com/depression/c/general/related-conditions/adhd , 9
http://www.healthcentral.com/obesity/c/general/care , 9
http://www.healthcentral.com/diet-exercise/c/register , 9
http://www.healthcentral.com/cholesterol/c/register , 9
http://www.healthcentral.com/profiles/c/58313/album , 9
http://www.healthcentral.com/copd/c/general/treatment , 9
http://www.healthcentral.com/sleep-disorders/c/register , 9
http://www.healthcentral.com/profiles/c/1443/album , 9
http://www.healthcentral.com/diet-exercise/c/458275/170844/fermented-infographic/comment , 9
http://www.healthcentral.com/skin-care/c/1443/170473/treating-common-bug-bites/comment , 9
http://www.healthcentral.com/asthma/c/52325/170688/high-diets-asthma-children/comment , 9
http://www.healthcentral.com/asthma/c/general/care , 9
http://www.healthcentral.com/alzheimers/c/62/170874/preserve-function-improve/comment , 9
http://www.healthcentral.com/copd/c/general/diagnosis , 9
http://www.healthcentral.com/profiles/c/15/album , 9
http://www.healthcentral.com/skin-cancer/c/create , 9
http://www.healthcentral.com/depression/c/674/170562/myths-male-depression/comment , 9
http://www.healthcentral.com/asthma/c/general/treatment , 9
http://www.healthcentral.com/chronic-pain/ , 10
http://www.healthcentral.com/osteoarthritis/ , 10
http://www.healthcentral.com/diabetes/ , 10
http://www.healthcentral.com/migraine/ , 10
http://www.healthcentral.com/incontinence/ , 10
http://www.healthcentral.com/bipolar/ , 10
http://www.healthcentral.com/breast-cancer/ , 10
http://www.healthcentral.com/osteoporosis/ , 10
http://www.healthcentral.com/cold-flu/ , 10
http://www.healthcentral.com/adhd/ , 10
http://www.healthcentral.com/anxiety/ , 10
http://www.healthcentral.com/high-blood-pressure/ , 10
http://www.healthcentral.com/alzheimers/ , 10
http://www.healthcentral.com/genital-herpes/ , 10
http://www.healthcentral.com/obesity/ , 10
http://www.healthcentral.com/skin-cancer/ , 10
http://www.healthcentral.com/depression/ , 10
http://www.healthcentral.com/rheumatoid-arthritis/ , 10
http://www.healthcentral.com/skin-care/ , 10
http://www.healthcentral.com/multiple-sclerosis/ , 10
http://www.healthcentral.com/sexual-health/ , 10
http://www.healthcentral.com/erectile-dysfunction/ , 10
http://www.healthcentral.com/sleep-disorders/ , 10
http://www.healthcentral.com/schizophrenia/ , 10
http://www.healthcentral.com/diet-exercise/ , 10
http://www.healthcentral.com/menopause/ , 10
http://www.healthcentral.com/videos/cf/ibd/crohns-disease-foods-to-avoid , 11
http://www.healthcentral.com/breast-cancer/cf/quizzes/do-you-know-your-breast-cancer-symptoms/question-1/ , 11
http://www.healthcentral.com/dailydose/cf/2014/08/11/the_united_states_of_obesity , 11
http://www.healthcentral.com/videos/cf/migraine/epilepsy-6-common-myths/ , 11
http://www.healthcentral.com/allergy/allergy-quiz-3494-143.html , 11
http://www.healthcentral.com/skin-cancer/understanding-skin-cancer.html , 11
http://www.healthcentral.com/skin-cancer/tests.html , 11
http://www.healthcentral.com/videos/cf/rheumatoid-arthritis/rheumatoid-arthritis-myths?ap=2000 , 11
http://www.healthcentral.com/videos/cf/bipolar/bipolar-disorder-7-common-myths/ , 11
http://www.healthcentral.com/diet-exercise/cf/quizzes/which-activities-burn-more-calories/mowing-the-lawn-or-raking-the-lawn/ , 11
http://www.healthcentral.com/videos/cf/bipolar/bipolar-disorder-7-common-myths , 11
http://www.healthcentral.com/sleep-disorders/stress-test-3454-143.html , 11
http://www.healthcentral.com/cold-flu/prevention.html , 11
http://www.healthcentral.com/rheumatoid-arthritis/cf/quizzes/test-your-knowledge-of-rheumatoid-arthritis/ra-is-risk-factor-for-osteoporosis/ , 11
http://www.healthcentral.com/cholesterol/understanding-cholesterol.html , 11
http://www.healthcentral.com/videos/cf/migraine/epilepsy-6-common-myths , 11
http://www.healthcentral.com/skin-cancer/just-diagnosed.html , 11
http://www.healthcentral.com/dailydose/cf/2014/08/15/the_united_states_of_obesity , 11
http://www.healthcentral.com/videos/cf/ibd/crohns-disease-foods-to-avoid/ , 11
http://www.healthcentral.com/videos/cf/sexual-health/hepatitis-c-8-risks , 11
http://www.healthcentral.com/cholesterol/symptom-checker.html , 11
http://www.healthcentral.com/videos/cf/sexual-health/hepatitis-c-8-risks/ , 11
http://www.healthcentral.com/diet-exercise/carbohydrates-intake-3055-143.html , 11
http://www.healthcentral.com/diet-exercise/exercise.html , 11
http://www.healthcentral.com/dailydose/cf/2014/08/15/smokers_with_low_education_have_greater_risk_of_stroke?ic=2600 , 12
http://www.healthcentral.com/dailydose/cf/2014/08/11/astronauts_relied_on_sleeping_pills_in_space?ic=2599 , 12
http://www.healthcentral.com/dailydose/cf/2014/08/08/astronauts_relied_on_sleeping_pills_in_space , 12
http://www.healthcentral.com/dailydose/cf/2014/08/15/new_hampshire_declares_state_of_emergency_over_synthetic_pot?ic=2607 , 12
http://www.healthcentral.com/dailydose/cf/2014/08/15/smokers_with_low_education_have_greater_risk_of_stroke , 12
http://www.healthcentral.com/dailydose/cf/2014/08/15/new_hampshire_declares_state_of_emergency_over_synthetic_pot/comments , 12
http://www.healthcentral.com/dailydose/cf/2014/08/15/are_ramen_noodles_bad_for_your_heart?ic=2599 , 12
http://www.healthcentral.com/dailydose/cf/2014/08/15/new_hampshire_declares_state_of_emergency_over_synthetic_pot?ic=2600 , 12
http://www.healthcentral.com/dailydose/cf/2014/08/15/poor_sleep_raises_suicide_risk_in_older_adults , 12
http://www.healthcentral.com/dailydose/cf/2014/08/15/can_a_ticking_sound_speed_up_woman_s_biological_clock?ic=2609 , 12
http://www.healthcentral.com/dailydose/cf/2014/08/15/new_hampshire_declares_state_of_emergency_over_synthetic_pot?ic=2609 , 12
http://www.healthcentral.com/dailydose/cf/2014/08/15/new_hampshire_declares_state_of_emergency_over_synthetic_pot , 12
http://www.healthcentral.com/dailydose/cf/2014/08/15/are_ramen_noodles_bad_for_your_heart , 12
http://www.healthcentral.com/dailydose/cf/2014/08/15/can_a_ticking_sound_speed_up_woman_s_biological_clock , 12
http://www.healthcentral.com/dailydose/cf/2014/08/15/poor_sleep_raises_suicide_risk_in_older_adults?ic=2609 , 12
http://www.healthcentral.com/dailydose/cf/2014/08/15/are_ramen_noodles_bad_for_your_heart?ic=2609 , 12
http://www.healthcentral.com/dailydose/cf/2014/08/15/can_a_ticking_sound_speed_up_woman_s_biological_clock?ic=2599 , 12
http://www.healthcentral.com/dailydose/cf/2014/08/15/smokers_with_low_education_have_greater_risk_of_stroke?ic=2609 , 12
http://www.healthcentral.com/dailydose/cf/2014/08/15/smokers_with_low_education_have_greater_risk_of_stroke?ic=2607 , 12
http://www.healthcentral.com/dailydose/cf/2014/08/15/are_ramen_noodles_bad_for_your_heart/comments , 12
http://www.healthcentral.com/depression/c/general/treatment/alternative-treatments , 13
http://www.healthcentral.com/adhd/c/general/living-with/exercise , 13
http://www.healthcentral.com/adhd/c/general/introduction/glossary , 13
http://www.healthcentral.com/adhd/c/general/living-with/costs-and-insurance , 13
http://www.healthcentral.com/depression/c/general/diagnosis/assessments , 13
http://www.healthcentral.com/adhd/c/general/living-with/controlling-impulses , 13
http://www.healthcentral.com/adhd/c/general/introduction/adhd-in-adults , 13
http://www.healthcentral.com/adhd/c/general/introduction/symptoms , 13
http://www.healthcentral.com/adhd/c/general/diagnosis/when-to-see-a-doctor , 13
http://www.healthcentral.com/adhd/c/general/introduction/what-is-adhd , 13
http://www.healthcentral.com/adhd/c/general/diagnosis/complications-in-diagnosis , 13
http://www.healthcentral.com/adhd/c/general/living-with/diet , 13
http://www.healthcentral.com/adhd/c/general/diagnosis/adhd-tests , 13
http://www.healthcentral.com/depression/c/general/living-with/coping-at-work , 13
http://www.healthcentral.com/adhd/c/general/diagnosis/just-diagnosed-children , 13
http://www.healthcentral.com/depression/c/general/introduction/causes , 13
http://www.healthcentral.com/adhd/c/general/introduction/am-i-at-risk , 13
http://www.healthcentral.com/adhd/c/general/diagnosis/just-diagnosed-adults , 13
http://www.healthcentral.com/alzheimers/c/general/diagnosis , 14
http://www.healthcentral.com/anxiety/c/general/introduction , 14
http://www.healthcentral.com/obesity/c/general/living-with , 14
http://www.healthcentral.com/anxiety/c/general/treatment , 14
http://www.healthcentral.com/asthma/c/general/introduction , 14
http://www.healthcentral.com/alzheimers/c/general/caregiving , 14
http://www.healthcentral.com/alzheimers/c/general/related-conditions , 14
http://www.healthcentral.com/anxiety/c/general/related-conditions , 14
http://www.healthcentral.com/alzheimers/c/general/introduction , 14
http://www.healthcentral.com/anxiety/c/general/living-with , 14
http://www.healthcentral.com/alzheimers/c/general/treatment , 14
http://www.healthcentral.com/alzheimers/c/general/prevention , 14
http://www.healthcentral.com/obesity/c/general/related-conditions , 14
http://www.healthcentral.com/copd/c/general/living-with , 14
http://www.healthcentral.com/obesity/c/general/treatment , 14
http://www.healthcentral.com/asthma/c/general/living-with , 14
http://www.healthcentral.com/anxiety/c/general/diagnosis , 14
http://www.healthcentral.com/copd/c/general/introduction , 14
http://www.healthcentral.com/ency/408/007006prv.html , 15
http://www.healthcentral.com/cold-flu/c/create , 15
http://www.healthcentral.com/medications/r/medications/ , 15
http://www.healthcentral.com/profiles/c/create/ , 15
http://www.healthcentral.com/ency/408/guides/000055_15.html , 15
http://www.healthcentral.com/cholesterol//c/create , 15
http://www.healthcentral.com/profiles/c/create , 15
http://www.healthcentral.com/ency/408/guides/000055_10.html , 15
http://www.healthcentral.com/copd/c/create , 15
http://www.healthcentral.com/skin-care/c/create , 15
http://www.healthcentral.com/asthma/c/create , 15
http://www.healthcentral.com/cholesterol/c/create , 15
http://www.healthcentral.com/ency/408/007006.html , 15
http://www.healthcentral.com/medications/r/medications/?ic=2202 , 15
http://www.healthcentral.com/sleep-disorders/c/create , 15
http://www.healthcentral.com/diet-exercise/c/create , 15
http://www.healthcentral.com/obesity/c/create , 15
http://www.healthcentral.com/rheumatoid-arthritis/d/LBLN/living-with-ra/launch/ , 16
http://www.healthcentral.com/cholesterol/cf/slideshows , 16
http://www.healthcentral.com/multiple-sclerosis/d/LBLN/living-with-ms/reminders , 16
http://www.healthcentral.com/ibd/d/LBLN/living-with-crohns/launch/ , 16
http://www.healthcentral.com/multiple-sclerosis/d/LBLN/living-with-ms/launch/ , 16
http://www.healthcentral.com/multiple-sclerosis/d/LBLN/living-with-ms/launch , 16
http://www.healthcentral.com/skin-care/d/LBLN/living-with-psoriasis/launch/ , 16
http://www.healthcentral.com/ibd/d/LBLN/living-with-crohns/reminders , 16
http://www.healthcentral.com/migraine/d/tracker , 16
http://www.healthcentral.com/rheumatoid-arthritis/d/LBLN/living-with-ra/launch , 16
http://www.healthcentral.com/sexual-health/d/relationships/hepatitis-c , 16
http://www.healthcentral.com/sexual-health/d/mens-sexual-health/hepatitis-c , 16
http://www.healthcentral.com/skin-care/d/LBLN/living-with-psoriasis/launch , 16
http://www.healthcentral.com/ibd/d/LBLN/living-with-crohns/launch , 16
http://www.healthcentral.com/ibd/d/LBLN/living-with-crohns/completed , 16
http://www.healthcentral.com/epilepsy/ , 16
http://www.healthcentral.com/dailydose/cf/2014/08/01/medicare_is_born_july_30_1965 , 17
http://www.healthcentral.com/dailydose/cf/2014/07/28/medicare_is_born_july_30_1965 , 17
http://www.healthcentral.com/dailydose/cf/2014/08/04/first_use_of_electric_chair_aug_6_1890 , 17
http://www.healthcentral.com/dailydose/cf/2014/07/14/kissing_banned_july_16_1439 , 17
http://www.healthcentral.com/dailydose/cf/2014/08/11/aspirin_created_aug_10_1897/comments , 17
http://www.healthcentral.com/dailydose/cf/2014/08/15/aspirin_created_aug_10_1897/comments , 17
http://www.healthcentral.com/dailydose/cf/2014/08/15/aspirin_created_aug_10_1897?ic=2609 , 17
http://www.healthcentral.com/dailydose/cf/2014/07/07/seat_belt_patented_july_10_1962 , 17
http://www.healthcentral.com/dailydose/cf/2014/08/15/aspirin_created_aug_10_1897 , 17
http://www.healthcentral.com/dailydose/cf/2014/07/25/first_test_tube_baby_july_25_1978 , 17
http://www.healthcentral.com/dailydose/cf/2014/07/21/first_test_tube_baby_july_25_1978 , 17
http://www.healthcentral.com/dailydose/cf/2014/08/08/first_use_of_electric_chair_aug_6_1890 , 17
http://www.healthcentral.com/dailydose/cf/2014/07/18/kissing_banned_july_16_1439 , 17
http://www.healthcentral.com/dailydose/cf/2014/07/11/seat_belt_patented_july_10_1962 , 17
http://www.healthcentral.com/dailydose/cf/2014/08/11/aspirin_created_aug_10_1897 , 17
http://www.healthcentral.com/profiles/c/9692 , 18
http://www.healthcentral.com/profiles/c/59238 , 18
http://www.healthcentral.com/profiles/c/2385 , 18
http://www.healthcentral.com/profiles/c/52325 , 18
http://www.healthcentral.com/profiles/c/45112 , 18
http://www.healthcentral.com/profiles/c/15 , 18
http://www.healthcentral.com/profiles/c/17 , 18
http://www.healthcentral.com/profiles/c/19065 , 18
http://www.healthcentral.com/profiles/c/58313 , 18
http://www.healthcentral.com/profiles/c/2623 , 18
http://www.healthcentral.com/profiles/c/4182 , 18
http://www.healthcentral.com/profiles/c/674 , 18
http://www.healthcentral.com/profiles/c/458275 , 18
http://www.healthcentral.com/profiles/c/906496 , 18
http://www.healthcentral.com/profiles/c/50082 , 18
http://www.healthcentral.com/diet-exercise/c/458275/170844/fermented-infographic/ , 19
http://www.healthcentral.com/autism/c/353552/137681/share-thoughts/ , 19
http://www.healthcentral.com/sexual-health/c/458275/167861/hepatitis-infographic/ , 19
http://www.healthcentral.com/ibd/c/11407/165227/foods-avoid-crohn-disease/ , 19
http://www.healthcentral.com/epilepsy/c/906496/169778/6-common-epilepsy-myths , 19
http://www.healthcentral.com/autism/c/353552/137681/share-thoughts , 19
http://www.healthcentral.com/sexual-health/c/906496/168337/comments , 19
http://www.healthcentral.com/multiple-sclerosis/c/458275/167591/infographic , 19
http://www.healthcentral.com/epilepsy/c/67813/169779/epilepsy-infographic , 19
http://www.healthcentral.com/diet-exercise/c/458275/170844/fermented-infographic , 19
http://www.healthcentral.com/rheumatoid-arthritis/c/906496/165262/rheumatoid/ , 19
http://www.healthcentral.com/migraine/c/11407/167494/create-migraine-diary/ , 19
http://www.healthcentral.com/ibd/c/458275/164556/disease-affects-infographic , 19
http://www.healthcentral.com/ibd/c/2623/29200/miscellaneous , 20
http://www.healthcentral.com/breast-cancer/c/2385/12635/light-report/ , 20
http://www.healthcentral.com/diet-exercise/c/26240/37879/beneficial , 20
http://www.healthcentral.com/ibd/c/50082/55656/crohn-colon-cancer , 20
http://www.healthcentral.com/ibd/c/50082/16969/bowel-colon-cancer , 20
http://www.healthcentral.com/ibd/c/2623/124222/screening-researched/ , 20
http://www.healthcentral.com/ibd/c/2623/124222/screening-researched , 20
http://www.healthcentral.com/ibd/c/2623/29200/miscellaneous/ , 20
http://www.healthcentral.com/ibd/c/50082/16969/bowel-colon-cancer/ , 20
http://www.healthcentral.com/diet-exercise/c/26240/37879/beneficial/ , 20
http://www.healthcentral.com/ibd/c/50082/55656/crohn-colon-cancer/ , 20
http://www.healthcentral.com/breast-cancer/c/2385/12635/light-report , 20
http://www.healthcentral.com/colon-cancer/h/colon-cancer-center/what-is-colon-cancer.html , 21
http://www.healthcentral.com/colon-cancer/h/colon-cancer-center/colostomy-bag.html , 21
http://www.healthcentral.com/colon-cancer/h/colon-cancer-center/who-is-at-risk-for-colon-cancer.html , 21
http://www.healthcentral.com/colon-cancer/h/colon-cancer-center/screening-tests-and-diagnosis.html , 21
http://www.healthcentral.com/colon-cancer/h/colon-cancer-center/colon-cancer-recurrence.html , 21
http://www.healthcentral.com/colon-cancer/h/colon-cancer-center/what-are-the-symptoms-of-colon-cancer.html , 21
http://www.healthcentral.com/colon-cancer/h/colon-cancer-center/colon-cancer-prognosis.html , 21
http://www.healthcentral.com/colon-cancer/h/colon-cancer-center/colon-cancer-surgery.html , 21
http://www.healthcentral.com/colon-cancer/h/colon-cancer-center/medical-treatments.html , 21
http://www.healthcentral.com/colon-cancer/ , 21
http://www.healthcentral.com/skin-cancer/prevention.html , 22
http://www.healthcentral.com/skin-care/acne-treatment.html , 22
http://www.healthcentral.com/diet-exercise/ask-expert.html , 22
http://www.healthcentral.com/skin-cancer/skin-cancer-treatment.html , 22
http://www.healthcentral.com/videos/ , 22
http://www.healthcentral.com/cholesterol/lifestyle.html , 22
http://www.healthcentral.com/diet-exercise/index-1688-143.html , 22
http://www.healthcentral.com/skin-care/tanning.html , 22
http://www.healthcentral.com/skin-care/sunscreen.html , 22
http://www.healthcentral.com/sleep-disorders/trazodone.html , 22
http://www.healthcentral.com/medications/r/conditions/parkinsons , 23
http://www.healthcentral.com/medications/r/conditions/nausea-vomiting , 23
http://www.healthcentral.com/medications/r/conditions/other , 23
http://www.healthcentral.com/medications/r/conditions/eye-conditions , 23
http://www.healthcentral.com/medications/r/conditions/ear-nose-and-throat , 23
http://www.healthcentral.com/medications/r/conditions/epilepsy , 23
http://www.healthcentral.com/medications/r/conditions/bacterial-infection , 23
http://www.healthcentral.com/medications/r/conditions/oral-health , 23
http://www.healthcentral.com/medications/r/conditions/cancer , 23
http://www.healthcentral.com/colon-cancer/r/medications/ , 23
http://www.healthcentral.com/ibd/d/LBLN/living-with-crohns , 24
http://www.healthcentral.com/rheumatoid-arthritis/d/LBLN/living-with-ra , 24
http://www.healthcentral.com/sexual-health/d/quizzes/do-you-know-how-hepatitis-c-spread , 24
http://www.healthcentral.com/skin-care/d/LBLN/living-with-psoriasis , 24
http://www.healthcentral.com/sexual-health/d/quizzes/how-much-do-you-know-about-hepatitis-c , 24
http://www.healthcentral.com/migraine/d/understanding-migraines/taking-control , 24
http://www.healthcentral.com/multiple-sclerosis/d/LBLN/living-with-ms , 24
http://www.healthcentral.com/multiple-sclerosis/d/quizzes/faq-about-ms , 24
http://www.healthcentral.com/epilepsy/d/quizzes/true-or-false-epilepsy , 24
http://www.healthcentral.com/dailydose/ , 25
http://www.healthcentral.com/dailydose/cf/2014/08/14?ic=2605 , 25
http://www.healthcentral.com/dailydose/cf/2014/08/15 , 25
http://www.healthcentral.com/dailydose/cf/2014/08/11 , 25
http://www.healthcentral.com/dailydose/cf/2014/08/14 , 25
http://www.healthcentral.com/dailydose/cf/2014/08/15?ic=2606 , 25
http://www.healthcentral.com/dailydose/cf/2014/08/11?ic=2606 , 25
http://www.healthcentral.com/dailydose , 25
http://www.healthcentral.com/cholesterol/ , 26
http://www.healthcentral.com/acid-reflux/ , 26
http://www.healthcentral.com/heart-disease/ , 26
http://www.healthcentral.com/asthma/ , 26
http://www.healthcentral.com/copd/ , 26
http://www.healthcentral.com/ibd/ , 26
http://www.healthcentral.com/prostate/ , 26
http://www.healthcentral.com/allergy/ , 26
http://www.healthcentral.com/cold-flu/c/question/all , 27
http://www.healthcentral.com/adhd/c/question/all , 27
http://www.healthcentral.com/obesity/c/question/all , 27
http://www.healthcentral.com/copd/c/question/all , 27
http://www.healthcentral.com/cholesterol/c/question/all , 27
http://www.healthcentral.com/sleep-disorders/c/question/all , 27
http://www.healthcentral.com/diet-exercise/c/question/all , 27
http://www.healthcentral.com/cold-flu/cf/slideshows , 28
http://www.healthcentral.com/obesity/cf/slideshows , 28
http://www.healthcentral.com/adhd/cf/slideshows?ic=8800 , 28
http://www.healthcentral.com/copd/cf/slideshows , 28
http://www.healthcentral.com/high-blood-pressure/cf/slideshows?ic=8800 , 28
http://www.healthcentral.com/heart-disease/cf/slideshows?ic=8800 , 28
http://www.healthcentral.com/skin-care/eczema.html , 29
http://www.healthcentral.com/type-1/type1-diabetes-statistics.html , 29
http://www.healthcentral.com/cholesterol/calculators.html , 29
http://www.healthcentral.com/cholesterol/treatment.html , 29
http://www.healthcentral.com/skin-care/psoriasis.html , 29
http://www.healthcentral.com/diet-exercise/ideal-body-weight.html , 29
http://www.healthcentral.com/ibd/cf/slideshows/7-tips-traveling-crohns-disease , 30
http://www.healthcentral.com/ibd/cf/slideshows/6-ways-prepare-crohns-flare , 30
http://www.healthcentral.com/cholesterol/cf/slideshows/triglycerides-why-they-matter-and-how-to-lower-them , 30
http://www.healthcentral.com/depression/cf/slideshows/8-frequently-asked-questions-about-psychiatrists , 30
http://www.healthcentral.com/migraine/cf/slideshows/migraine-management-goals , 30
http://www.healthcentral.com/anxiety/cf/slideshows/7-tips-overcoming-fear-flying , 30
http://www.healthcentral.com/rheumatoid-arthritis/arthritis-checkup-3061-143.html , 31
http://www.healthcentral.com/cholesterol/check-your-cholesterol-3059-143.html , 31
http://www.healthcentral.com/sleep-disorders/sleep-deprived-test-3057-143.html , 31
http://www.healthcentral.com/diet-exercise/protein-intake-3074-143.html , 31
http://www.healthcentral.com/cholesterol/home-body-fat-test-2774-143.html , 31
http://www.healthcentral.com/adhd/c/question , 32
http://www.healthcentral.com/cholesterol/c/question , 32
http://www.healthcentral.com/sleep-disorders/c/question , 32
http://www.healthcentral.com/epilepsy/c/question , 32
http://www.healthcentral.com/diet-exercise/c/question , 32
http://www.healthcentral.com/ency/408/002071prv.html , 33
http://www.healthcentral.com/ency/408/002071.html , 33
http://www.healthcentral.com/ency/408/000262trt.html , 33
http://www.healthcentral.com/ency/408/000262prv.html , 33
http://www.healthcentral.com/ency/408/guides/000055_14.html , 33
http://www.healthcentral.com/cold-flu/respiratory-illnesses.html , 34
http://www.healthcentral.com/skin-care/aging-skin.html , 34
http://www.healthcentral.com/migraine/triggers.html , 34
http://www.healthcentral.com/skin-care/other-skin-conditions.html , 34
http://www.healthcentral.com/migraine/c/123/166505/migraine-headache-treatment/ , 35
http://www.healthcentral.com/asthma/c/58313/122313/seasonal-control , 35
http://www.healthcentral.com/asthma/c/58313/122313/seasonal-control/ , 35
http://www.healthcentral.com/migraine/c/123/166505/migraine-headache-treatment , 35
http://www.healthcentral.com/depression/c/create , 36
http://www.healthcentral.com/adhd/c/create , 36
http://www.healthcentral.com/alzheimers/c/create , 36
http://www.healthcentral.com/anxiety/c/create , 36
http://www.healthcentral.com/cholesterol/h/list_1.html , 37
http://www.healthcentral.com/obesity/h/list_1.html , 37
http://www.healthcentral.com/cold-flu/h/list_1.html , 37
http://www.healthcentral.com/copd/h/list_1.html , 37
http://www.healthcentral.com/about/healthcentral-terms-of-use/ , 38
http://www.healthcentral.com/about/advertising/reaching-parents-during-back-to-school-fall-allergy-and-cold-and-flu-seasons/ , 38
http://www.healthcentral.com/about/healthcentral-privacy-policy/ , 38
http://www.healthcentral.com/about/healthcentral-advertising-policy/ , 38
http://www.healthcentral.com/profiles/c/78 , 39
http://www.healthcentral.com/profiles/c/26240 , 39
http://www.healthcentral.com/profiles/c/1443 , 39
http://www.healthcentral.com/cold-flu/d/quizzes/do-you-make-these-food-safety-mistakes , 40
http://www.healthcentral.com/migraine/d/quizzes/how-much-do-you-know-about-chronic-migraine , 40
http://www.healthcentral.com/ibd/d/quizzes/do-you-know-difference-between-crohns-disease-and-ulcerative-colitis , 40
http://www.healthcentral.com/epilepsy/c/login , 41
http://www.healthcentral.com/autism/ , 41
http://www.healthcentral.com/sites/all/modules/custom/assets_pipeline/vendor/polyfill/respond-proxy.html , 41
http://www.healthcentral.com/about/healthcentral-editorial-policy/ , 42
http://www.healthcentral.com/about/web-analytics-intern/ , 42
http://www.healthcentral.com/about/?p=6274 , 42
http://www.healthcentral.com/about/faqs-about-healthcentrals-anti-spam-policy/ , 43
http://www.healthcentral.com/about/past-events-appearances-in-the-news/ , 43
http://www.healthcentral.com/cholesterol/find-32230-5.html , 44
http://www.healthcentral.com/cholesterol/treatment-26019-5.html , 44
http://www.healthcentral.com/cholesterol/cf/quizzes , 45
http://www.healthcentral.com/cold-flu/cf/quizzes , 45
http://www.healthcentral.com/cold-flu/flu-symptoms.html , 46
http://www.healthcentral.com/cold-flu/common-cold-symptoms.html , 46
http://www.healthcentral.com/migraine/doctors-254944-5.html , 47
http://www.healthcentral.com/cholesterol/lifestyle-26194-5.html , 47
http://www.healthcentral.com/depression/r/medications/trazodone-oral-11188/uses , 48
http://www.healthcentral.com/sleep-disorders/insomnia-introduction-000027_3-145.html , 48
http://www.healthcentral.com/cooltools/women/duedate.aspx , 49
http://www.healthcentral.com/tools/408/smoking.html , 49
http://www.healthcentral.com/cholesterol/dailyfat-3432-143.html , 50
http://www.healthcentral.com/diet-exercise/ideal-body-weight-3146-143.html , 50
http://www.healthcentral.com/breast-cancer/c/9692/154837/patients/ , 51
http://www.healthcentral.com/breast-cancer/c/9692/154837/patients , 51
http://www.healthcentral.com/migraine/medications-161082-5.html , 52
http://www.healthcentral.com/migraine/medications-32544-5.html , 52
http://www.healthcentral.com/heart-disease/waist-to-hip-ratio-3458-143.html , 53
http://www.healthcentral.com/diet-exercise/cold-flu-quiz-26809-40.html , 53
http://www.healthcentral.com/skin-care/c/978365/152351/mosquito-itch , 54
http://www.healthcentral.com/skin-care/c/978365/152351/mosquito-itch/ , 54
http://www.healthcentral.com/peoplespharmacy/408/index.html , 55
http://www.healthcentral.com/HTTP404.aspx?aspxerrorpath=/sleep-deprived-test-3057-143.html , 55
http://www.healthcentral.com/encyclopedia/408/index_A.html , 56
http://www.healthcentral.com/ency/408/sympidxa.html , 56
http://www.healthcentral.com/animation/408/index.html , 57
http://www.healthcentral.com/videos/cf/migraine/migraine-diary-how-to?ap=2000 , 58
http://www.healthcentral.com/skin-care/c/1443/170959/care-tips-college-students , 59
http://www.healthcentral.com/diet-exercise/c/56/3124/real-deal-diet/ , 60
http://www.healthcentral.com/sleep-deprived-test-3057-143.html , 61
http://www.healthcentral.com/profiles/c/123 , 62
http://www.healthcentral.com/skin-care/rosacea.html , 63
http://www.healthcentral.com/profiles/c/62 , 64
http://www.healthcentral.com/migraine/triggers-22175-5.html , 65
http://www.healthcentral.com/dailydose/cf/archive , 66
http://www.healthcentral.com/diabeteens/ , 67
http://www.healthcentral.com/about/ , 68
http://www.healthcentral.com/copd/c/52325/170987/copd-patients-expect-er-visit/ , 69
http://www.healthcentral.com/migraine/c/82083/162449/chronic-migraine-impossible/ , 70
http://www.healthcentral.com/asthma/c/52325/70734/interesting-asthma/ , 71
http://www.healthcentral.com/diet-exercise/quizzes-252050.html , 72
http://www.healthcentral.com/cooltools/sexrelationships/couplequiz.aspx , 73
http://www.healthcentral.com/about/contact-us/ , 74
http://www.healthcentral.com/migraine/tools-190553-5.html , 75
http://www.healthcentral.com/cholesterol/lifestyle-36509-5.html , 76
http://www.healthcentral.com/obesity/c/all , 77
http://www.healthcentral.com/sohealth/ , 78
http://www.healthcentral.com/ency/408/guides/index.html , 79
http://www.healthcentral.com/profiles/c/123/album , 80
http://www.healthcentral.com/channel/408/index.html , 81
http://www.healthcentral.com/utils/news/healthcentral/subscriptions.html , 82
http://www.healthcentral.com/ , 83
http://www.healthcentral.com/cholesterol/treatment-0000234-145.html , 84
http://www.healthcentral.com/profiles/c/question/home , 85
http://www.healthcentral.com/about/account-manager-2/ , 86
http://www.healthcentral.com/tools/408/index.html , 87
http://www.healthcentral.com/obesity/c/276918/170941/interesting-headlines-2014/ , 88
http://www.healthcentral.com/autism/autism-aspergers-center/ , 89
