http://www.cardomain.com/makemodel/porsche/coupes/page-2/ , 0
http://www.cardomain.com/makemodel/rambler/page-2/ , 0
http://www.cardomain.com/makemodel/porsche/convertibles/page-2/ , 0
http://www.cardomain.com/makemodel/aston-martin/coupes/page-2/ , 0
http://www.cardomain.com/makemodel/gmc/page-2/ , 0
http://www.cardomain.com/makemodel/ariel/ , 0
http://www.cardomain.com/makemodel/porsche/coupes/ , 0
http://www.cardomain.com/makemodel/nash/page-2/ , 0
http://www.cardomain.com/makemodel/tesla/convertibles/ , 0
http://www.cardomain.com/makemodel/mongoose/ , 0
http://www.cardomain.com/makemodel/mg/ , 0
http://www.cardomain.com/makemodel/detomaso/page-2/ , 0
http://www.cardomain.com/makemodel/oldsmobile/page-2/ , 0
http://www.cardomain.com/makemodel/nissan/coupes/page-2/ , 0
http://www.cardomain.com/makemodel/desoto/ , 0
http://www.cardomain.com/makemodel/daihatsu/page-2/ , 0
http://www.cardomain.com/makemodel/?sort=2 , 0
http://www.cardomain.com/makemodel/toyota/convertibles/page-2/ , 0
http://www.cardomain.com/makemodel/mcc/ , 0
http://www.cardomain.com/makemodel/lamborghini/ , 0
http://www.cardomain.com/makemodel/cadillac/coupes/ , 0
http://www.cardomain.com/makemodel/mercury/page-2/ , 0
http://www.cardomain.com/makemodel/cadillac/convertibles/ , 0
http://www.cardomain.com/makemodel/acura/coupes/page-2/ , 0
http://www.cardomain.com/makemodel/chrysler/coupes/ , 0
http://www.cardomain.com/makemodel/infiniti/page-2/ , 0
http://www.cardomain.com/makemodel/kaiser/ , 0
http://www.cardomain.com/makemodel/bedford/ , 0
http://www.cardomain.com/makemodel/aston-martin/coupes/ , 0
http://www.cardomain.com/makemodel/diasio/ , 0
http://www.cardomain.com/makemodel/subaru/ , 0
http://www.cardomain.com/makemodel/cadillac/ , 0
http://www.cardomain.com/category/convertibles/page-2/ , 0
http://www.cardomain.com/makemodel/international/ , 0
http://www.cardomain.com/category/coupes/?sort=1 , 0
http://www.cardomain.com/makemodel/ford/ , 0
http://www.cardomain.com/makemodel/mazda/ , 0
http://www.cardomain.com/makemodel/austin/ , 0
http://www.cardomain.com/makemodel/jaguar/coupes/page-2/ , 0
http://www.cardomain.com/makemodel/packard/page-2/ , 0
http://www.cardomain.com/makemodel/aston-martin/convertibles/ , 0
http://www.cardomain.com/makemodel/ford/mustang/page-2/ , 0
http://www.cardomain.com/makemodel/maserati/page-2/ , 0
http://www.cardomain.com/makemodel/saab/convertibles/page-2/ , 0
http://www.cardomain.com/makemodel/ferrari/coupes/page-2/ , 0
http://www.cardomain.com/makemodel/maybach/page-2/ , 0
http://www.cardomain.com/makemodel/chevrolet/page-2/ , 0
http://www.cardomain.com/category/sports/ , 0
http://www.cardomain.com/makemodel/maybach/ , 0
http://www.cardomain.com/category/coupes/?sort=3 , 0
http://www.cardomain.com/makemodel/mclaren/page-2/ , 0
http://www.cardomain.com/makemodel/frazer/ , 0
http://www.cardomain.com/makemodel/rover/page-2/ , 0
http://www.cardomain.com/category/coupes/?sort=0 , 0
http://www.cardomain.com/makemodel/subaru/coupes/page-2/ , 0
http://www.cardomain.com/makemodel/eagle/coupes/page-2/ , 0
http://www.cardomain.com/makemodel/merkur/page-2/ , 0
http://www.cardomain.com/makemodel/asuna/convertibles/ , 0
http://www.cardomain.com/makemodel/skoda/page-2/ , 0
http://www.cardomain.com/makemodel/ , 0
http://www.cardomain.com/makemodel/mack/page-2/ , 0
http://www.cardomain.com/makemodel/rambler/ , 0
http://www.cardomain.com/makemodel/duesenberg/ , 0
http://www.cardomain.com/makemodel/factory-five/page-2/ , 0
http://www.cardomain.com/category/coupes/ , 0
http://www.cardomain.com/makemodel/jaguar/page-2/ , 0
http://www.cardomain.com/makemodel/amc/page-2/ , 0
http://www.cardomain.com/makemodel/am-general/page-2/ , 0
http://www.cardomain.com/makemodel/mini/page-2/ , 0
http://www.cardomain.com/makemodel/bedford/page-2/ , 0
http://www.cardomain.com/makemodel/lotus/coupes/page-2/ , 0
http://www.cardomain.com/makemodel/fiat/convertibles/ , 0
http://www.cardomain.com/makemodel/mercedes-benz/ , 0
http://www.cardomain.com/makemodel/delorean/ , 0
http://www.cardomain.com/makemodel/willys/ , 0
http://www.cardomain.com/makemodel/ihc/page-2/ , 0
http://www.cardomain.com/makemodel/trv/ , 0
http://www.cardomain.com/makemodel/opel/page-2/ , 0
http://www.cardomain.com/makemodel/shelby/ , 0
http://www.cardomain.com/makemodel/ultima/ , 0
http://www.cardomain.com/makemodel/page-3/ , 0
http://www.cardomain.com/makemodel/stalker/ , 0
http://www.cardomain.com/makemodel/talbot/ , 0
http://www.cardomain.com/makemodel/desoto/page-2/ , 0
http://www.cardomain.com/makemodel/iso/ , 0
http://www.cardomain.com/makemodel/ram/page-2/ , 0
http://www.cardomain.com/makemodel/infiniti/ , 0
http://www.cardomain.com/makemodel/austin-healey/page-2/ , 0
http://www.cardomain.com/makemodel/porsche/ , 0
http://www.cardomain.com/makemodel/geo/ , 0
http://www.cardomain.com/makemodel/kia/ , 0
http://www.cardomain.com/makemodel/maserati/ , 0
http://www.cardomain.com/makemodel/morgan/ , 0
http://www.cardomain.com/makemodel/mazda/coupes/ , 0
http://www.cardomain.com/makemodel/lola/ , 0
http://www.cardomain.com/makemodel/volvo/page-2/ , 0
http://www.cardomain.com/makemodel/honda/coupes/ , 0
http://www.cardomain.com/makemodel/dodge/ , 0
http://www.cardomain.com/makemodel/honda/page-2/ , 0
http://www.cardomain.com/makemodel/eagle/page-2/ , 0
http://www.cardomain.com/makemodel/cadillac/page-2/ , 0
http://www.cardomain.com/makemodel/lancia/page-2/ , 0
http://www.cardomain.com/makemodel/chevrolet/coupes/page-2/ , 0
http://www.cardomain.com/makemodel/audi/coupes/ , 0
http://www.cardomain.com/makemodel/mercury/ , 0
http://www.cardomain.com/makemodel/eunos/ , 0
http://www.cardomain.com/makemodel/lancia/ , 0
http://www.cardomain.com/makemodel/?sort=0 , 0
http://www.cardomain.com/makemodel/saab/page-2/ , 0
http://www.cardomain.com/makemodel/ford/page-2/ , 0
http://www.cardomain.com/makemodel/subaru/page-2/ , 0
http://www.cardomain.com/makemodel/saturn/convertibles/page-2/ , 0
http://www.cardomain.com/makemodel/perodua/ , 0
http://www.cardomain.com/makemodel/honda/convertibles/ , 0
http://www.cardomain.com/makemodel/saab/ , 0
http://www.cardomain.com/makemodel/eagle/ , 0
http://www.cardomain.com/makemodel/lada/page-2/ , 0
http://www.cardomain.com/makemodel/saturn/page-2/ , 0
http://www.cardomain.com/makemodel/hudson/ , 0
http://www.cardomain.com/makemodel/morris/ , 0
http://www.cardomain.com/makemodel/plymouth/convertibles/page-2/ , 0
http://www.cardomain.com/makemodel/hummer/ , 0
http://www.cardomain.com/makemodel/citroen/ , 0
http://www.cardomain.com/makemodel/bmw/coupes/page-2/ , 0
http://www.cardomain.com/makemodel/volkswagen/page-2/ , 0
http://www.cardomain.com/makemodel/saturn/coupes/ , 0
http://www.cardomain.com/makemodel/lincoln/coupes/page-2/ , 0
http://www.cardomain.com/makemodel/mosler/ , 0
http://www.cardomain.com/makemodel/muntz/ , 0
http://www.cardomain.com/makemodel/saturn/convertibles/ , 0
http://www.cardomain.com/makemodel/matra/?v=1 , 0
http://www.cardomain.com/makemodel/auburn/ , 0
http://www.cardomain.com/makemodel/honda/convertibles/page-2/ , 0
http://www.cardomain.com/makemodel/vauxhall/ , 0
http://www.cardomain.com/category/convertibles/?sort=2 , 0
http://www.cardomain.com/makemodel/hummer/page-2/ , 0
http://www.cardomain.com/makemodel/jensen/ , 0
http://www.cardomain.com/makemodel/land-rover/page-2/ , 0
http://www.cardomain.com/makemodel/vauxhall/page-2/ , 0
http://www.cardomain.com/makemodel/honda/prelude/ , 0
http://www.cardomain.com/makemodel/volvo/coupes/page-2/ , 0
http://www.cardomain.com/makemodel/?sort=1 , 0
http://www.cardomain.com/makemodel/bmw/coupes/ , 0
http://www.cardomain.com/makemodel/merkur/ , 0
http://www.cardomain.com/makemodel/sunbeam/page-2/ , 0
http://www.cardomain.com/makemodel/porsche/convertibles/ , 0
http://www.cardomain.com/makemodel/alfa-romeo/page-2/ , 0
http://www.cardomain.com/makemodel/rover/ , 0
http://www.cardomain.com/makemodel/plymouth/convertibles/ , 0
http://www.cardomain.com/makemodel/shelby/page-2/ , 0
http://www.cardomain.com/makemodel/triumph/page-2/ , 0
http://www.cardomain.com/makemodel/plymouth/ , 0
http://www.cardomain.com/makemodel/holden/page-2/ , 0
http://www.cardomain.com/makemodel/excalibur/ , 0
http://www.cardomain.com/makemodel/bentley/page-2/ , 0
http://www.cardomain.com/category/coupes/page-2/ , 0
http://www.cardomain.com/makemodel/delorean/page-2/ , 0
http://www.cardomain.com/makemodel/saleen/page-2/ , 0
http://www.cardomain.com/makemodel/mcc/page-2/ , 0
http://www.cardomain.com/makemodel/ihc/ , 0
http://www.cardomain.com/makemodel/chrysler/convertibles/ , 0
http://www.cardomain.com/makemodel/pagani/ , 0
http://www.cardomain.com/makemodel/daimler/ , 0
http://www.cardomain.com/makemodel/jeep/page-2/ , 0
http://www.cardomain.com/makemodel/td/ , 0
http://www.cardomain.com/makemodel/jaguar/convertibles/ , 0
http://www.cardomain.com/makemodel/mack/ , 0
http://www.cardomain.com/makemodel/td/page-2/ , 0
http://www.cardomain.com/makemodel/heinkel/ , 0
http://www.cardomain.com/makemodel/smart/page-2/ , 0
http://www.cardomain.com/makemodel/1996/honda/prelude/page-2/ , 0
http://www.cardomain.com/makemodel/sterling/ , 0
http://www.cardomain.com/makemodel/ford/coupes/page-2/ , 0
http://www.cardomain.com/makemodel/mini/ , 0
http://www.cardomain.com/makemodel/maserati/coupes/page-2/ , 0
http://www.cardomain.com/makemodel/porsche/page-2/ , 0
http://www.cardomain.com/makemodel/chrysler/page-2/ , 0
http://www.cardomain.com/makemodel/mini/convertibles/ , 0
http://www.cardomain.com/makemodel/trabant/ , 0
http://www.cardomain.com/makemodel/citroen/page-2/ , 0
http://www.cardomain.com/makemodel/honda/coupes/page-2/ , 0
http://www.cardomain.com/makemodel/buick/ , 0
http://www.cardomain.com/makemodel/mitsubishi/convertibles/ , 0
http://www.cardomain.com/makemodel/mercury/coupes/page-2/ , 0
http://www.cardomain.com/makemodel/lincoln/convertibles/ , 0
http://www.cardomain.com/makemodel/peugeot/ , 0
http://www.cardomain.com/makemodel/mclaren/coupes/ , 0
http://www.cardomain.com/makemodel/aston-martin/page-2/ , 0
http://www.cardomain.com/category/convertibles/ , 0
http://www.cardomain.com/makemodel/aston-martin/ , 0
http://www.cardomain.com/makemodel/ram/ , 0
http://www.cardomain.com/makemodel/acura/ , 0
http://www.cardomain.com/makemodel/pontiac/coupes/page-2/ , 0
http://www.cardomain.com/makemodel/hyundai/coupes/page-2/ , 0
http://www.cardomain.com/makemodel/peugeot/page-2/ , 0
http://www.cardomain.com/makemodel/lexus/coupes/ , 0
http://www.cardomain.com/makemodel/continental/page-2/ , 0
http://www.cardomain.com/makemodel/honda/prelude/page-2/ , 0
http://www.cardomain.com/makemodel/volga/page-2/ , 0
http://www.cardomain.com/makemodel/ferrari/convertibles/ , 0
http://www.cardomain.com/makemodel/chrysler/coupes/page-2/ , 0
http://www.cardomain.com/makemodel/austin/page-2/ , 0
http://www.cardomain.com/makemodel/chevrolet/coupes/ , 0
http://www.cardomain.com/makemodel/freightliner/ , 0
http://www.cardomain.com/makemodel/ariel/page-2/ , 0
http://www.cardomain.com/makemodel/mitsubishi/ , 0
http://www.cardomain.com/makemodel/fusion/ , 0
http://www.cardomain.com/makemodel/radical/ , 0
http://www.cardomain.com/makemodel/ferrari/page-2/ , 0
http://www.cardomain.com/makemodel/datsun/page-2/ , 0
http://www.cardomain.com/makemodel/noble/ , 0
http://www.cardomain.com/makemodel/am-general/ , 0
http://www.cardomain.com/makemodel/bmw/page-2/ , 0
http://www.cardomain.com/makemodel/bmw/convertibles/ , 0
http://www.cardomain.com/makemodel/detomaso/ , 0
http://www.cardomain.com/makemodel/dodge/coupes/ , 0
http://www.cardomain.com/makemodel/nissan/ , 0
http://www.cardomain.com/category/convertibles/?sort=1 , 0
http://www.cardomain.com/makemodel/alfa-romeo/ , 0
http://www.cardomain.com/makemodel/buick/page-2/ , 0
http://www.cardomain.com/makemodel/smyth/ , 0
http://www.cardomain.com/makemodel/1979/ford/mustang/page-2/ , 0
http://www.cardomain.com/makemodel/lincoln/page-2/ , 0
http://www.cardomain.com/makemodel/lexus/page-2/ , 0
http://www.cardomain.com/makemodel/smart/ , 0
http://www.cardomain.com/makemodel/mclaren/ , 0
http://www.cardomain.com/makemodel/lincoln/coupes/ , 0
http://www.cardomain.com/makemodel/saleen/ , 0
http://www.cardomain.com/category/convertibles/?sort=0 , 0
http://www.cardomain.com/makemodel/innocenti/ , 0
http://www.cardomain.com/makemodel/volga/ , 0
http://www.cardomain.com/makemodel/tata/ , 0
http://www.cardomain.com/makemodel/buick/coupes/ , 0
http://www.cardomain.com/makemodel/?sort=3 , 0
http://www.cardomain.com/makemodel/oldsmobile/convertibles/ , 0
http://www.cardomain.com/category/hatchbacks/page-2/ , 0
http://www.cardomain.com/makemodel/opel/ , 0
http://www.cardomain.com/makemodel/renault/page-2/ , 0
http://www.cardomain.com/makemodel/checker/page-2/ , 0
http://www.cardomain.com/makemodel/mazda/page-2/ , 0
http://www.cardomain.com/makemodel/fiat/page-2/ , 0
http://www.cardomain.com/makemodel/hyundai/coupes/ , 0
http://www.cardomain.com/makemodel/amc/ , 0
http://www.cardomain.com/makemodel/factory-five/ , 0
http://www.cardomain.com/makemodel/mitsubishi/page-2/ , 0
http://www.cardomain.com/makemodel/volkswagen/ , 0
http://www.cardomain.com/makemodel/oldsmobile/coupes/ , 0
http://www.cardomain.com/makemodel/tata/page-2/ , 0
http://www.cardomain.com/makemodel/dacia/ , 0
http://www.cardomain.com/makemodel/bugatti/ , 0
http://www.cardomain.com/makemodel/adler/ , 0
http://www.cardomain.com/makemodel/plymouth/coupes/ , 0
http://www.cardomain.com/makemodel/suzuki/page-2/ , 0
http://www.cardomain.com/makemodel/volvo/ , 0
http://www.cardomain.com/makemodel/dodge/coupes/page-2/ , 0
http://www.cardomain.com/makemodel/dacia/page-2/ , 0
http://www.cardomain.com/makemodel/nissan/coupes/ , 0
http://www.cardomain.com/makemodel/audi/coupes/page-2/ , 0
http://www.cardomain.com/makemodel/checker/ , 0
http://www.cardomain.com/makemodel/matra/ , 0
http://www.cardomain.com/makemodel/audi/ , 0
http://www.cardomain.com/makemodel/volvo/convertibles/ , 0
http://www.cardomain.com/makemodel/toyota/coupes/page-2/ , 0
http://www.cardomain.com/makemodel/volkswagen/convertibles/ , 0
http://www.cardomain.com/makemodel/saab/coupes/ , 0
http://www.cardomain.com/makemodel/mazda/convertibles/page-2/ , 0
http://www.cardomain.com/makemodel/subaru/coupes/ , 0
http://www.cardomain.com/makemodel/bentley/ , 0
http://www.cardomain.com/makemodel/mitsubishi/coupes/page-2/ , 0
http://www.cardomain.com/category/suvs/ , 0
http://www.cardomain.com/makemodel/hillman/ , 0
http://www.cardomain.com/makemodel/lexus/convertibles/ , 0
http://www.cardomain.com/makemodel/eunos/page-2/ , 0
http://www.cardomain.com/makemodel/rolls-royce/ , 0
http://www.cardomain.com/makemodel/asuna/page-2/ , 0
http://www.cardomain.com/makemodel/ford/coupes/ , 0
http://www.cardomain.com/makemodel/mazda/coupes/page-2/ , 0
http://www.cardomain.com/makemodel/plymouth/page-2/ , 0
http://www.cardomain.com/makemodel/lotus/page-2/ , 0
http://www.cardomain.com/makemodel/freightliner/page-2/ , 0
http://www.cardomain.com/makemodel/proton/ , 0
http://www.cardomain.com/makemodel/continental/ , 0
http://www.cardomain.com/makemodel/toyota/page-2/ , 0
http://www.cardomain.com/makemodel/hyundai/ , 0
http://www.cardomain.com/makemodel/saab/convertibles/ , 0
http://www.cardomain.com/makemodel/dodge/coupes/viper/ , 0
http://www.cardomain.com/makemodel/nash/ , 0
http://www.cardomain.com/makemodel/smart/convertibles/ , 0
http://www.cardomain.com/makemodel/yugo/page-2/ , 0
http://www.cardomain.com/makemodel/mitsubishi/coupes/ , 0
http://www.cardomain.com/makemodel/1979/ford/mustang/ , 0
http://www.cardomain.com/makemodel/fiat/ , 0
http://www.cardomain.com/makemodel/adler/page-2/ , 0
http://www.cardomain.com/makemodel/lada/ , 0
http://www.cardomain.com/makemodel/toyota/ , 0
http://www.cardomain.com/makemodel/nissan/page-2/ , 0
http://www.cardomain.com/makemodel/international/page-2/ , 0
http://www.cardomain.com/makemodel/eagle/coupes/ , 0
http://www.cardomain.com/makemodel/bugatti/page-2/ , 0
http://www.cardomain.com/makemodel/lotus/ , 0
http://www.cardomain.com/makemodel/morris/page-2/ , 0
http://www.cardomain.com/makemodel/gtm/ , 0
http://www.cardomain.com/makemodel/sterling/page-2/ , 0
http://www.cardomain.com/makemodel/1996/honda/prelude/ , 0
http://www.cardomain.com/makemodel/jeep/ , 0
http://www.cardomain.com/makemodel/mazda/convertibles/ , 0
http://www.cardomain.com/makemodel/asuna/ , 0
http://www.cardomain.com/makemodel/land-rover/ , 0
http://www.cardomain.com/makemodel/kia/page-2/ , 0
http://www.cardomain.com/makemodel/jaguar/coupes/ , 0
http://www.cardomain.com/makemodel/lotus/coupes/ , 0
http://www.cardomain.com/makemodel/kaiser/page-2/ , 0
http://www.cardomain.com/makemodel/skoda/ , 0
http://www.cardomain.com/makemodel/gatsby/ , 0
http://www.cardomain.com/category/sedans/ , 0
http://www.cardomain.com/makemodel/proton/page-2/ , 0
http://www.cardomain.com/makemodel/seat/ , 0
http://www.cardomain.com/makemodel/bricklin/ , 0
http://www.cardomain.com/category/coupes/?sort=2 , 0
http://www.cardomain.com/makemodel/oldsmobile/ , 0
http://www.cardomain.com/makemodel/jaguar/ , 0
http://www.cardomain.com/makemodel/rolls-royce/page-2/ , 0
http://www.cardomain.com/makemodel/holden/ , 0
http://www.cardomain.com/makemodel/asuna/coupes/ , 0
http://www.cardomain.com/makemodel/ssc/ , 0
http://www.cardomain.com/makemodel/audi/page-2/ , 0
http://www.cardomain.com/makemodel/dodge/coupes/srt10/ , 0
http://www.cardomain.com/makemodel/perodua/page-2/ , 0
http://www.cardomain.com/makemodel/maserati/coupes/ , 0
http://www.cardomain.com/makemodel/pontiac/coupes/ , 0
http://www.cardomain.com/makemodel/cadillac/coupes/page-2/ , 0
http://www.cardomain.com/makemodel/oldsmobile/coupes/page-2/ , 0
http://www.cardomain.com/makemodel/pontiac/ , 0
http://www.cardomain.com/makemodel/chrysler/convertibles/page-2/ , 0
http://www.cardomain.com/makemodel/audi/convertibles/page-2/ , 0
http://www.cardomain.com/makemodel/bmw/convertibles/page-2/ , 0
http://www.cardomain.com/makemodel/mg/coupes/ , 0
http://www.cardomain.com/makemodel/volkswagen/convertibles/page-2/ , 0
http://www.cardomain.com/makemodel/daewoo/page-2/ , 0
http://www.cardomain.com/makemodel/bentley/convertibles/ , 0
http://www.cardomain.com/makemodel/buick/coupes/page-2/ , 0
http://www.cardomain.com/makemodel/scion/ , 0
http://www.cardomain.com/makemodel/lamborghini/page-2/ , 0
http://www.cardomain.com/makemodel/scion/coupes/ , 0
http://www.cardomain.com/category/suvs/page-2/ , 0
http://www.cardomain.com/makemodel/mini/coupes/ , 0
http://www.cardomain.com/makemodel/hyundai/page-2/ , 0
http://www.cardomain.com/makemodel/mg/page-2/ , 0
http://www.cardomain.com/makemodel/studebaker/page-2/ , 0
http://www.cardomain.com/makemodel/maserati/convertibles/ , 0
http://www.cardomain.com/makemodel/seat/page-2/ , 0
http://www.cardomain.com/makemodel/lincoln/ , 0
http://www.cardomain.com/makemodel/studebaker/ , 0
http://www.cardomain.com/makemodel/austin-healey/ , 0
http://www.cardomain.com/makemodel/volvo/coupes/ , 0
http://www.cardomain.com/category/convertibles/page-3/ , 0
http://www.cardomain.com/makemodel/audi/convertibles/ , 0
http://www.cardomain.com/makemodel/lexus/coupes/page-2/ , 0
http://www.cardomain.com/makemodel/bentley/convertibles/page-2/ , 0
http://www.cardomain.com/makemodel/honda/ , 0
http://www.cardomain.com/makemodel/packard/ , 0
http://www.cardomain.com/makemodel/maybach/convertibles/ , 0
http://www.cardomain.com/makemodel/triumph/ , 0
http://www.cardomain.com/makemodel/hudson/page-2/ , 0
http://www.cardomain.com/makemodel/panoz/ , 0
http://www.cardomain.com/category/convertibles/?sort=3 , 0
http://www.cardomain.com/makemodel/cadillac/convertibles/page-2/ , 0
http://www.cardomain.com/makemodel/lamborghini/convertibles/ , 0
http://www.cardomain.com/makemodel/sunbeam/ , 0
http://www.cardomain.com/makemodel/yugo/ , 0
http://www.cardomain.com/category/sedans/page-2/ , 0
http://www.cardomain.com/makemodel/pontiac/page-2/ , 0
http://www.cardomain.com/makemodel/asuna/coupes/page-2/ , 0
http://www.cardomain.com/category/coupes/page-3/ , 0
http://www.cardomain.com/makemodel/nsu/ , 0
http://www.cardomain.com/makemodel/willys/page-2/ , 0
http://www.cardomain.com/makemodel/daewoo/ , 0
http://www.cardomain.com/makemodel/renault/ , 0
http://www.cardomain.com/makemodel/isuzu/page-2/ , 0
http://www.cardomain.com/makemodel/chrysler/ , 0
http://www.cardomain.com/makemodel/scion/coupes/page-2/ , 0
http://www.cardomain.com/makemodel/toyota/coupes/ , 0
http://www.cardomain.com/makemodel/isuzu/ , 0
http://www.cardomain.com/category/sports/page-2/ , 0
http://www.cardomain.com/makemodel/page-2/ , 0
http://www.cardomain.com/makemodel/gmc/ , 0
http://www.cardomain.com/makemodel/lexus/ , 0
http://www.cardomain.com/makemodel/saturn/ , 0
http://www.cardomain.com/makemodel/acura/page-2/ , 0
http://www.cardomain.com/makemodel/daihatsu/ , 0
http://www.cardomain.com/makemodel/ferrari/ , 0
http://www.cardomain.com/makemodel/scion/page-2/ , 0
http://www.cardomain.com/makemodel/toyota/convertibles/ , 0
http://www.cardomain.com/makemodel/mercedes-benz/page-2/ , 0
http://www.cardomain.com/makemodel/tatra/ , 0
http://www.cardomain.com/makemodel/datsun/ , 0
http://www.cardomain.com/makemodel/geo/page-2/ , 0
http://www.cardomain.com/makemodel/dodge/page-2/ , 0
http://www.cardomain.com/makemodel/acura/coupes/ , 0
http://www.cardomain.com/makemodel/ferrari/coupes/ , 0
http://www.cardomain.com/makemodel/tesla/ , 0
http://www.cardomain.com/ride/3239685/2005-dodge-neon/page-2/ , 1
http://www.cardomain.com/ride/439309/2000-honda-prelude/page-2/ , 1
http://www.cardomain.com/ride/726481/2001-nissan-maxima/page-2/ , 1
http://www.cardomain.com/ride/3317442/2009-mazda-rx-8/page-2/ , 1
http://www.cardomain.com/ride/111440/1992-honda-civic/page-2/ , 1
http://www.cardomain.com/ride/232883/1999-honda-prelude/ , 1
http://www.cardomain.com/ride/325547/1999-chevrolet-cavalier/ , 1
http://www.cardomain.com/ride/2546244/2006-nissan-sentra/ , 1
http://www.cardomain.com/ride/804063/2000-toyota-corolla/ , 1
http://www.cardomain.com/ride/258430/1996-honda-del-sol/ , 1
http://www.cardomain.com/ride/2042987/1992-plymouth-laser/ , 1
http://www.cardomain.com/ride/804063/2000-toyota-corolla-le-sedan-4d/ , 1
http://www.cardomain.com/ride/801395/1994-toyota-corolla/page-2/ , 1
http://www.cardomain.com/ride/680959/2003-nissan-350z/page-2/ , 1
http://www.cardomain.com/ride/467981/2004-nissan-350z/ , 1
http://www.cardomain.com/ride/632751/2003-nissan-350z/ , 1
http://www.cardomain.com/ride/3842274/2003-nissan-350z/page-2/ , 1
http://www.cardomain.com/ride/232568/2003-nissan-350z/ , 1
http://www.cardomain.com/ride/309793/1995-toyota-supra/ , 1
http://www.cardomain.com/ride/384750/1999-ford-zx2/ , 1
http://www.cardomain.com/ride/303978/1995-eagle-talon/ , 1
http://www.cardomain.com/ride/2927485/2007-ford-mustang/page-2/ , 1
http://www.cardomain.com/ride/3062931/1999-mitsubishi-eclipse/ , 1
http://www.cardomain.com/ride/2163040/2005-nissan-maxima/page-2/ , 1
http://www.cardomain.com/ride/2249111/2000-pontiac-grand-prix/ , 1
http://www.cardomain.com/ride/804063/2000-toyota-corolla/page-2/ , 1
http://www.cardomain.com/ride/594457/2001-chevrolet-monte-carlo/ , 1
http://www.cardomain.com/ride/2622091/2007-nissan-altima/ , 1
http://www.cardomain.com/ride/579618/1998-ford-escort/page-2/ , 1
http://www.cardomain.com/ride/2835462/2005-infiniti-g/page-2/ , 1
http://www.cardomain.com/ride/271898/1995-toyota-supra/ , 1
http://www.cardomain.com/ride/3029184/2000-chevrolet-cavalier/ , 1
http://www.cardomain.com/ride/3104464/2001-volkswagen-cabrio/ , 1
http://www.cardomain.com/ride/3055349/1979-ford-mustang-cobra-hatchback-2d/ , 1
http://www.cardomain.com/ride/2635032/2003-nissan-350z/page-2/ , 1
http://www.cardomain.com/ride/3341512/1991-chrysler-lebaron-gtc-convertible-2d/ , 1
http://www.cardomain.com/ride/2255550/1986-toyota-mr2/page-2/ , 1
http://www.cardomain.com/ride/465703/2003-nissan-350z/ , 1
http://www.cardomain.com/ride/3155282/1993-mazda-rx-7/ , 1
http://www.cardomain.com/ride/3222305/2007-dodge-charger/page-2/ , 1
http://www.cardomain.com/ride/2581568/1997-mitsubishi-eclipse/page-2/ , 1
http://www.cardomain.com/ride/3153153/1995-eagle-talon/ , 1
http://www.cardomain.com/ride/2093754/1997-toyota-corolla/page-2/ , 1
http://www.cardomain.com/ride/2622091/2007-nissan-altima/page-2/ , 1
http://www.cardomain.com/ride/3137322/1999-ford-escort/page-2/ , 1
http://www.cardomain.com/ride/3842274/2003-nissan-350z-track-coupe-2d/ , 1
http://www.cardomain.com/ride/726481/2001-nissan-maxima/ , 1
http://www.cardomain.com/ride/2984587/1979-chevrolet-el-camino/page-2/ , 1
http://www.cardomain.com/ride/2683436/2000-mazda-miata-mx-5/ , 1
http://www.cardomain.com/ride/2042987/1992-plymouth-laser/page-2/ , 1
http://www.cardomain.com/ride/503974/2002-mazda-protege5/ , 1
http://www.cardomain.com/ride/2225211/2003-nissan-350z/ , 1
http://www.cardomain.com/ride/3323428/1990-acura-integra/page-2/ , 1
http://www.cardomain.com/ride/3307971/1978-ford-mustang-ii/ , 1
http://www.cardomain.com/ride/2984587/1979-chevrolet-el-camino/ , 1
http://www.cardomain.com/ride/3196005/2003-nissan-350z/ , 1
http://www.cardomain.com/ride/3055349/1979-ford-mustang/ , 1
http://www.cardomain.com/ride/3149354/2003-nissan-350z/page-2/ , 1
http://www.cardomain.com/ride/2635032/2003-nissan-350z/ , 1
http://www.cardomain.com/ride/2249111/2000-pontiac-grand-prix/page-2/ , 1
http://www.cardomain.com/ride/271898/1995-toyota-supra/page-2/ , 1
http://www.cardomain.com/ride/2581568/1997-mitsubishi-eclipse/ , 1
http://www.cardomain.com/ride/3137322/1999-ford-escort/ , 1
http://www.cardomain.com/ride/2683436/2000-mazda-miata-mx-5/page-2/ , 1
http://www.cardomain.com/ride/384750/1999-ford-zx2/page-2/ , 1
http://www.cardomain.com/ride/303978/1995-eagle-talon/page-2/ , 1
http://www.cardomain.com/ride/2224912/1999-plymouth-prowler/page-2/ , 1
http://www.cardomain.com/ride/3317442/2009-mazda-rx-8/ , 1
http://www.cardomain.com/ride/3827522/1995-chevrolet-s10-regular-cab/ , 1
http://www.cardomain.com/ride/3252584/1995-eagle-talon/ , 1
http://www.cardomain.com/ride/3104464/2001-volkswagen-cabrio/page-2/ , 1
http://www.cardomain.com/ride/3341512/1991-chrysler-lebaron/ , 1
http://www.cardomain.com/ride/2808420/2003-nissan-350z/ , 1
http://www.cardomain.com/ride/503974/2002-mazda-protege5/page-2/ , 1
http://www.cardomain.com/ride/2225211/2003-nissan-350z/page-2/ , 1
http://www.cardomain.com/ride/3209007/2001-hyundai-tiburon/page-2/ , 1
http://www.cardomain.com/ride/2454464/2003-nissan-350z/page-2/ , 1
http://www.cardomain.com/ride/3239685/2005-dodge-neon/ , 1
http://www.cardomain.com/ride/2163040/2005-nissan-maxima/ , 1
http://www.cardomain.com/ride/801395/1994-toyota-corolla-dx-sedan-4d/ , 1
http://www.cardomain.com/ride/680959/2003-nissan-350z/ , 1
http://www.cardomain.com/ride/632751/2003-nissan-350z/page-2/ , 1
http://www.cardomain.com/ride/3230797/1996-honda-civic/ , 1
http://www.cardomain.com/ride/309793/1995-toyota-supra/page-2/ , 1
http://www.cardomain.com/ride/258430/1996-honda-del-sol/page-2/ , 1
http://www.cardomain.com/ride/3307971/1978-ford-mustang-ii/page-2/ , 1
http://www.cardomain.com/ride/2255550/1986-toyota-mr2/ , 1
http://www.cardomain.com/ride/111440/1992-honda-civic/ , 1
http://www.cardomain.com/ride/269148/1974-pontiac-gto/page-2/ , 1
http://www.cardomain.com/ride/268293/2002-plymouth-prowler/ , 1
http://www.cardomain.com/ride/3842274/2003-nissan-350z/ , 1
http://www.cardomain.com/ride/2564879/2005-mitsubishi-lancer/ , 1
http://www.cardomain.com/ride/439309/2000-honda-prelude/ , 1
http://www.cardomain.com/ride/4054516/1996-honda-prelude/page-2/ , 1
http://www.cardomain.com/ride/232568/2003-nissan-350z/page-2/ , 1
http://www.cardomain.com/ride/232883/1999-honda-prelude-vtec-coupe-2d/ , 1
http://www.cardomain.com/ride/465703/2003-nissan-350z/page-2/ , 1
http://www.cardomain.com/ride/3149354/2003-nissan-350z/ , 1
http://www.cardomain.com/ride/4054516/1996-honda-prelude/ , 1
http://www.cardomain.com/ride/3029184/2000-chevrolet-cavalier/page-2/ , 1
http://www.cardomain.com/ride/2927485/2007-ford-mustang/ , 1
http://www.cardomain.com/ride/3222305/2007-dodge-charger/ , 1
http://www.cardomain.com/ride/3187241/1990-nissan-300zx/page-2/ , 1
http://www.cardomain.com/ride/325547/1999-chevrolet-cavalier/page-2/ , 1
http://www.cardomain.com/ride/2093754/1997-toyota-corolla/ , 1
http://www.cardomain.com/ride/232883/1999-honda-prelude/page-2/ , 1
http://www.cardomain.com/ride/801395/1994-toyota-corolla/ , 1
http://www.cardomain.com/ride/3230797/1996-honda-civic/page-2/ , 1
http://www.cardomain.com/ride/3853291/2007-toyota-tacoma-access-cab/page-2/ , 1
http://www.cardomain.com/ride/2808420/2003-nissan-350z/page-2/ , 1
http://www.cardomain.com/ride/253814/2003-nissan-350z/ , 1
http://www.cardomain.com/ride/228419/1995-honda-prelude/page-2/ , 1
http://www.cardomain.com/ride/579618/1998-ford-escort/ , 1
http://www.cardomain.com/ride/3853291/2007-toyota-tacoma-access-cab/ , 1
http://www.cardomain.com/ride/2454464/2003-nissan-350z/ , 1
http://www.cardomain.com/ride/2224912/1999-plymouth-prowler/ , 1
http://www.cardomain.com/ride/3341512/1991-chrysler-lebaron/page-2/ , 1
http://www.cardomain.com/member/bclemmons/ , 2
http://www.cardomain.com/member/sangwl1980/ , 2
http://www.cardomain.com/member/thackattk/ , 2
http://www.cardomain.com/member/baggedassx/ , 2
http://www.cardomain.com/member/19741978/ , 2
http://www.cardomain.com/member/prelude1st/ , 2
http://www.cardomain.com/member/antzv23/ , 2
http://www.cardomain.com/member/midnightsabotage/ , 2
http://www.cardomain.com/member/macarena5/ , 2
http://www.cardomain.com/member/singto/ , 2
http://www.cardomain.com/member/trhack0214/ , 2
http://www.cardomain.com/member/shtgun81/ , 2
http://www.cardomain.com/member/redride99/ , 2
http://www.cardomain.com/member/saronacts/ , 2
http://www.cardomain.com/member/alvinhuyn/ , 2
http://www.cardomain.com/member/projectrx7/ , 2
http://www.cardomain.com/member/rymanrph/ , 2
http://www.cardomain.com/member/brianmp5t/ , 2
http://www.cardomain.com/member/lilcbra/ , 2
http://www.cardomain.com/member/wackyprelude/ , 2
http://www.cardomain.com/member/tomsrolla/ , 2
http://www.cardomain.com/member/xxhotelcrazyxx/ , 2
http://www.cardomain.com/member/mike1970/ , 2
http://www.cardomain.com/member/ied0135/ , 2
http://www.cardomain.com/member/virginiacatdude/ , 2
http://www.cardomain.com/member/ernistypej/ , 2
http://www.cardomain.com/member/mrlace/ , 2
http://www.cardomain.com/member/cobraii4me/ , 2
http://www.cardomain.com/member/steve350z/ , 2
http://www.cardomain.com/member/swedemix/ , 2
http://www.cardomain.com/member/jamesramp/ , 2
http://www.cardomain.com/member/outlawsracer/ , 2
http://www.cardomain.com/member/blown59/ , 2
http://www.cardomain.com/member/chaparro78/ , 2
http://www.cardomain.com/member/camar0ls1/ , 2
http://www.cardomain.com/member/littlebadger/ , 2
http://www.cardomain.com/member/lil-lashes/ , 2
http://www.cardomain.com/member/all-custom-talon/ , 2
http://www.cardomain.com/member/1991lebaron/ , 2
http://www.cardomain.com/member/skeptikl/ , 2
http://www.cardomain.com/member/bluesapphire7981/ , 2
http://www.cardomain.com/member/birrddie/ , 2
http://www.cardomain.com/member/ksmith302/ , 2
http://www.cardomain.com/member/bangemdirk/ , 2
http://www.cardomain.com/member/nap260z/ , 2
http://www.cardomain.com/member/audi0excellence/ , 2
http://www.cardomain.com/member/nissan-for-life/ , 2
http://www.cardomain.com/member/99supercab/ , 2
http://www.cardomain.com/member/1g-350z/ , 2
http://www.cardomain.com/member/ludemasta777/ , 2
http://www.cardomain.com/member/seandwd/ , 2
http://www.cardomain.com/member/pimpoprowler/ , 2
http://www.cardomain.com/member/darkriver4362/ , 2
http://www.cardomain.com/member/alpine9827/ , 2
http://www.cardomain.com/member/jjgrizz73/ , 2
http://www.cardomain.com/member/fx455/ , 2
http://www.cardomain.com/member/azngosh8r/ , 2
http://www.cardomain.com/member/bimmerbeware/ , 2
http://www.cardomain.com/member/flyingpigboi00/ , 2
http://www.cardomain.com/member/peejayhart/ , 2
http://www.cardomain.com/member/acekid187/ , 2
http://www.cardomain.com/member/gold94corolla/ , 2
http://www.cardomain.com/member/orangekrate/ , 2
http://www.cardomain.com/member/jeffrot/ , 2
http://www.cardomain.com/member/mmorello/ , 2
http://www.cardomain.com/member/gotlaser92/ , 2
http://www.cardomain.com/member/peugoby/ , 2
http://www.cardomain.com/ride/2675068/2006-hyundai-tiburon/photo-gallery/ , 3
http://www.cardomain.com/ride/4056061/1979-ford-mustang/photo-gallery/ , 3
http://www.cardomain.com/ride/4045794/1997-chevrolet-silverado-1500-extended-cab/photo-gallery/ , 3
http://www.cardomain.com/ride/4076223/1994-chevrolet-camaro/photo-gallery/ , 3
http://www.cardomain.com/ride/4046113/2013-ford-fusion/photo-gallery/ , 3
http://www.cardomain.com/ride/661211/1997-toyota-supra/photo-gallery/ , 3
http://www.cardomain.com/ride/4053077/2009-bentley-continental-gt/photo-gallery/ , 3
http://www.cardomain.com/ride/2581568/1997-mitsubishi-eclipse/photo-gallery/ , 3
http://www.cardomain.com/ride/303978/1995-eagle-talon/photo-gallery/ , 3
http://www.cardomain.com/ride/4054516/1996-honda-prelude/photo-gallery/ , 3
http://www.cardomain.com/ride/258430/1996-honda-del-sol/photo-gallery/ , 3
http://www.cardomain.com/ride/4054775/1991-chevrolet-camaro/photo-gallery/ , 3
http://www.cardomain.com/ride/4048789/2007-infiniti-g/photo-gallery/ , 3
http://www.cardomain.com/ride/4044779/2013-ford-fusion/photo-gallery/ , 3
http://www.cardomain.com/ride/3153153/1995-eagle-talon/photo-gallery/ , 3
http://www.cardomain.com/ride/3222305/2007-dodge-charger/photo-gallery/ , 3
http://www.cardomain.com/ride/4055822/2008-toyota-crown/photo-gallery/ , 3
http://www.cardomain.com/ride/359494/1997-ford-escort/photo-gallery/ , 3
http://www.cardomain.com/ride/4046123/1976-chevrolet-corvette/photo-gallery/ , 3
http://www.cardomain.com/ride/4049786/2010-infiniti-fx/photo-gallery/ , 3
http://www.cardomain.com/ride/4047430/2008-ford-f150-supercrew-cab/photo-gallery/ , 3
http://www.cardomain.com/ride/2409059/1999-mitsubishi-3000gt/photo-gallery/ , 3
http://www.cardomain.com/ride/4046124/2014-lexus-is/photo-gallery/ , 3
http://www.cardomain.com/ride/4053071/2013-porsche-panamera/photo-gallery/ , 3
http://www.cardomain.com/ride/3062931/1999-mitsubishi-eclipse/photo-gallery/ , 3
http://www.cardomain.com/ride/3209007/2001-hyundai-tiburon/photo-gallery/ , 3
http://www.cardomain.com/ride/579618/1998-ford-escort/photo-gallery/ , 3
http://www.cardomain.com/ride/384750/1999-ford-zx2/photo-gallery/ , 3
http://www.cardomain.com/ride/4075741/2014-toyota-aygo/photo-gallery/ , 3
http://www.cardomain.com/ride/4076083/2013-ford-edge/photo-gallery/ , 3
http://www.cardomain.com/ride/4053459/2014-mazda-mazda6/photo-gallery/ , 3
http://www.cardomain.com/ride/2546244/2006-nissan-sentra/photo-gallery/ , 3
http://www.cardomain.com/ride/4076564/1979-dodge-colt/photo-gallery/ , 3
http://www.cardomain.com/ride/2984587/1979-chevrolet-el-camino/photo-gallery/ , 3
http://www.cardomain.com/ride/3252584/1995-eagle-talon/photo-gallery/ , 3
http://www.cardomain.com/ride/3317898/2006-scion-tc/photo-gallery/ , 3
http://www.cardomain.com/ride/2042987/1992-plymouth-laser/photo-gallery/ , 3
http://www.cardomain.com/ride/4061194/2013-chrysler-300/photo-gallery/ , 3
http://www.cardomain.com/ride/3239685/2005-dodge-neon/photo-gallery/ , 3
http://www.cardomain.com/ride/3236251/1991-toyota-mr2/photo-gallery/ , 3
http://www.cardomain.com/ride/4050898/1990-jeep-comanche-regular-cab/photo-gallery/ , 3
http://www.cardomain.com/ride/3323428/1990-acura-integra/photo-gallery/ , 3
http://www.cardomain.com/ride/4071738/2008-toyota-avalon/photo-gallery/ , 3
http://www.cardomain.com/ride/4050577/1989-chevrolet-camaro/photo-gallery/ , 3
http://www.cardomain.com/ride/4053309/1981-toyota-corolla/photo-gallery/ , 3
http://www.cardomain.com/ride/428934/1997-ford-escort/photo-gallery/ , 3
http://www.cardomain.com/ride/3029184/2000-chevrolet-cavalier/photo-gallery/ , 3
http://www.cardomain.com/ride/4047569/2014-lexus-is/photo-gallery/ , 3
http://www.cardomain.com/ride/4049254/2008-ford-f150-supercrew-cab/photo-gallery/ , 3
http://www.cardomain.com/ride/3155282/1993-mazda-rx-7/photo-gallery/ , 3
http://www.cardomain.com/ride/4048650/2013-cadillac-ats/photo-gallery/ , 3
http://www.cardomain.com/brands/ngk/spark-plug-wires/page-2/ , 4
http://www.cardomain.com/brands/ngk/ , 4
http://www.cardomain.com/brands/msd/ignition-coil/ , 4
http://www.cardomain.com/brands/tci/page-2/ , 4
http://www.cardomain.com/brands/ngk/spark-plug-wires/ , 4
http://www.cardomain.com/brands/msd/ignition/page-2/ , 4
http://www.cardomain.com/brands/holley/carburetor/page-2/ , 4
http://www.cardomain.com/brands/griffin/radiator/ , 4
http://www.cardomain.com/brands/msd/page-2/ , 4
http://www.cardomain.com/brands/apexi/exhaust/page-2/ , 4
http://www.cardomain.com/brands/griffin/page-2/ , 4
http://www.cardomain.com/brands/sparco/seats/page-2/ , 4
http://www.cardomain.com/brands/wings-west/ , 4
http://www.cardomain.com/brands/griffin/ , 4
http://www.cardomain.com/brands/wings-west/page-2/ , 4
http://www.cardomain.com/brands/holley/ , 4
http://www.cardomain.com/brands/sparco/page-2/ , 4
http://www.cardomain.com/brands/vis/hood/page-2/ , 4
http://www.cardomain.com/brands/custom/header/ , 4
http://www.cardomain.com/brands/comp-cams/camshaft/ , 4
http://www.cardomain.com/brands/hedman-hedders/page-2/ , 4
http://www.cardomain.com/brands/hedman-hedders/header/ , 4
http://www.cardomain.com/brands/vis/hood/ , 4
http://www.cardomain.com/brands/comp-cams/ , 4
http://www.cardomain.com/brands/custom/page-2/ , 4
http://www.cardomain.com/brands/custom/header/page-2/ , 4
http://www.cardomain.com/brands/vis/ , 4
http://www.cardomain.com/brands/msd/ , 4
http://www.cardomain.com/brands/vis/page-2/ , 4
http://www.cardomain.com/brands/hedman-hedders/ , 4
http://www.cardomain.com/brands/custom/ , 4
http://www.cardomain.com/brands/wings-west/body-kit/ , 4
http://www.cardomain.com/brands/apexi/exhaust/ , 4
http://www.cardomain.com/brands/msd/ignition/ , 4
http://www.cardomain.com/brands/holley/page-2/ , 4
http://www.cardomain.com/brands/hedman-hedders/header/page-2/ , 4
http://www.cardomain.com/brands/sparco/seats/ , 4
http://www.cardomain.com/brands/griffin/radiator/page-2/ , 4
http://www.cardomain.com/brands/apexi/page-2/ , 4
http://www.cardomain.com/brands/ngk/page-2/ , 4
http://www.cardomain.com/brands/tci/shifter/ , 4
http://www.cardomain.com/brands/apexi/ , 4
http://www.cardomain.com/brands/wings-west/body-kit/page-2/ , 4
http://www.cardomain.com/brands/msd/ignition-coil/page-2/ , 4
http://www.cardomain.com/brands/sparco/ , 4
http://www.cardomain.com/brands/comp-cams/page-2/ , 4
http://www.cardomain.com/brands/comp-cams/camshaft/page-2/ , 4
http://www.cardomain.com/brands/tci/ , 4
http://www.cardomain.com/brands/holley/carburetor/ , 4
http://www.cardomain.com/ride/4050577/1989-chevrolet-camaro/ , 5
http://www.cardomain.com/ride/230121/1999-mitsubishi-eclipse/page-2/ , 5
http://www.cardomain.com/ride/151255/2001-mazda-miata-mx-5/page-2/ , 5
http://www.cardomain.com/ride/4053459/2014-mazda-mazda6/ , 5
http://www.cardomain.com/ride/4044779/2013-ford-fusion/ , 5
http://www.cardomain.com/ride/2111217/2001-mazda-miata-mx-5/page-2/ , 5
http://www.cardomain.com/ride/4016067/1977-ford-mustang-ii/ , 5
http://www.cardomain.com/ride/2308228/1991-mazda-miata-mx-5/ , 5
http://www.cardomain.com/ride/2308228/1991-mazda-miata-mx-5/page-2/ , 5
http://www.cardomain.com/ride/2917082/2002-chrysler-prowler/ , 5
http://www.cardomain.com/ride/230014/1996-toyota-supra/ , 5
http://www.cardomain.com/ride/4053077/2009-bentley-continental-gt/ , 5
http://www.cardomain.com/ride/3323428/1990-acura-integra/ , 5
http://www.cardomain.com/ride/2835462/2005-infiniti-g/ , 5
http://www.cardomain.com/ride/230121/1999-mitsubishi-eclipse/ , 5
http://www.cardomain.com/ride/4066999/1995-honda-prelude/ , 5
http://www.cardomain.com/ride/212237/1999-honda-civic/page-2/ , 5
http://www.cardomain.com/ride/151255/2001-mazda-miata-mx-5/ , 5
http://www.cardomain.com/ride/3358871/1994-dodge/ , 5
http://www.cardomain.com/ride/212237/1999-honda-civic/ , 5
http://www.cardomain.com/ride/230014/1996-toyota-supra/page-2/ , 5
http://www.cardomain.com/ride/3170956/2001-chrysler-prowler/ , 5
http://www.cardomain.com/ride/4053071/2013-porsche-panamera/ , 5
http://www.cardomain.com/ride/328405/2003-nissan-350z/page-2/ , 5
http://www.cardomain.com/ride/2526429/1987-volkswagen-cabriolet/ , 5
http://www.cardomain.com/ride/3358871/1994-dodge/page-2/ , 5
http://www.cardomain.com/ride/2111217/2001-mazda-miata-mx-5/ , 5
http://www.cardomain.com/ride/3358871/1994-dodge-/ , 5
http://www.cardomain.com/ride/2215028/1978-ford-mustang/page-2/ , 5
http://www.cardomain.com/ride/2675068/2006-hyundai-tiburon/ , 5
http://www.cardomain.com/ride/4050898/1990-jeep-comanche-regular-cab/ , 5
http://www.cardomain.com/ride/4003001/1978-ford-mustang-ii/ , 5
http://www.cardomain.com/ride/4003001/1978-ford-mustang-ii/page-2/ , 5
http://www.cardomain.com/ride/2675068/2006-hyundai-tiburon/page-2/ , 5
http://www.cardomain.com/ride/328405/2003-nissan-350z/ , 5
http://www.cardomain.com/ride/2483995/1998-porsche-boxster/ , 5
http://www.cardomain.com/ride/3870793/2000-plymouth-prowler/ , 5
http://www.cardomain.com/ride/4050577/1989-chevrolet-camaro/page-2/ , 5
http://www.cardomain.com/ride/4047430/2008-ford-f150-supercrew-cab/ , 5
http://www.cardomain.com/ride/3135486/2006-hyundai-sonata/page-2/ , 6
http://www.cardomain.com/ride/359494/1997-ford-escort/page-2/ , 6
http://www.cardomain.com/ride/3848995/2001-chrysler-prowler-roadster-2d/ , 6
http://www.cardomain.com/ride/2137861/2001-plymouth-prowler/ , 6
http://www.cardomain.com/ride/483928/2000-plymouth-prowler/ , 6
http://www.cardomain.com/ride/3236251/1991-toyota-mr2/ , 6
http://www.cardomain.com/ride/2596170/2001-chrysler-prowler/ , 6
http://www.cardomain.com/ride/2368085/1997-pontiac-grand-prix/ , 6
http://www.cardomain.com/ride/435724/2002-chrysler-prowler/page-2/ , 6
http://www.cardomain.com/ride/3384100/2010-chevrolet-camaro/page-2/ , 6
http://www.cardomain.com/ride/2444698/2003-nissan-350z/ , 6
http://www.cardomain.com/ride/3128808/2008-dodge-challenger/page-2/ , 6
http://www.cardomain.com/ride/661211/1997-toyota-supra/ , 6
http://www.cardomain.com/ride/2572602/1969-volkswagen-beetle/page-2/ , 6
http://www.cardomain.com/ride/2483995/1998-porsche-boxster/page-2/ , 6
http://www.cardomain.com/ride/2409059/1999-mitsubishi-3000gt/page-2/ , 6
http://www.cardomain.com/ride/2137861/2001-plymouth-prowler/page-2/ , 6
http://www.cardomain.com/ride/2215028/1978-ford-mustang/ , 6
http://www.cardomain.com/ride/2409059/1999-mitsubishi-3000gt/ , 6
http://www.cardomain.com/ride/2430230/2001-plymouth-prowler/ , 6
http://www.cardomain.com/ride/2572602/1969-volkswagen-beetle/ , 6
http://www.cardomain.com/ride/3135486/2006-hyundai-sonata/ , 6
http://www.cardomain.com/ride/428934/1997-ford-escort/page-2/ , 6
http://www.cardomain.com/ride/3196005/2003-nissan-350z/page-2/ , 6
http://www.cardomain.com/ride/3848995/2001-chrysler-prowler/ , 6
http://www.cardomain.com/ride/3197701/1999-plymouth-prowler-roadster-2d/ , 6
http://www.cardomain.com/ride/2533435/2001-plymouth-prowler/ , 6
http://www.cardomain.com/ride/3187241/1990-nissan-300zx/ , 6
http://www.cardomain.com/ride/2444698/2003-nissan-350z/page-2/ , 6
http://www.cardomain.com/ride/435724/2002-chrysler-prowler/ , 6
http://www.cardomain.com/ride/359494/1997-ford-escort/ , 6
http://www.cardomain.com/ride/3187241/1990-nissan-300zx-turbo-coupe-2d/ , 6
http://www.cardomain.com/ride/3209007/2001-hyundai-tiburon/ , 6
http://www.cardomain.com/ride/428934/1997-ford-escort/ , 6
http://www.cardomain.com/ride/3384100/2010-chevrolet-camaro/ , 6
http://www.cardomain.com/ride/3197701/1999-plymouth-prowler/ , 6
http://www.cardomain.com/ride/2368085/1997-pontiac-grand-prix/page-2/ , 6
http://www.cardomain.com/ride/4048650/2013-cadillac-ats/ , 6
http://www.cardomain.com/member/besoncus1989/ , 7
http://www.cardomain.com/member/ebrosporski/ , 7
http://www.cardomain.com/member/cvx-20/ , 7
http://www.cardomain.com/member/imp0rtfighter/ , 7
http://www.cardomain.com/member/radio-man/ , 7
http://www.cardomain.com/member/kiddzx2/ , 7
http://www.cardomain.com/member/onarwal/ , 7
http://www.cardomain.com/member/gishi-darvin/ , 7
http://www.cardomain.com/member/stevo7861/ , 7
http://www.cardomain.com/member/392mopar/ , 7
http://www.cardomain.com/member/accordxx/ , 7
http://www.cardomain.com/member/r34gtrvspec/ , 7
http://www.cardomain.com/member/themaximagirl/ , 7
http://www.cardomain.com/member/integradude11/ , 7
http://www.cardomain.com/member/havok8/ , 7
http://www.cardomain.com/member/c10king73/ , 7
http://www.cardomain.com/member/405okcboyz/ , 7
http://www.cardomain.com/member/1danielh/ , 7
http://www.cardomain.com/member/theduck13b/ , 7
http://www.cardomain.com/member/adidas96/ , 7
http://www.cardomain.com/member/hyunshark21/ , 7
http://www.cardomain.com/member/cayenne2005/ , 7
http://www.cardomain.com/member/roddog123/ , 7
http://www.cardomain.com/member/ellimopar/ , 7
http://www.cardomain.com/member/yamahasho/ , 7
http://www.cardomain.com/member/skyline350gtxs/ , 7
http://www.cardomain.com/member/mattz32/ , 7
http://www.cardomain.com/member/jbuck22/ , 7
http://www.cardomain.com/member/1985cadillac/ , 7
http://www.cardomain.com/member/jessie-jacobs/ , 7
http://www.cardomain.com/member/unique94supra/ , 7
http://www.cardomain.com/member/killadx/ , 7
http://www.cardomain.com/member/hot99prowler/ , 7
http://www.cardomain.com/member/icehockey006/ , 7
http://www.cardomain.com/member/turbolude96/ , 7
http://www.cardomain.com/member/flybeast/ , 7
http://www.cardomain.com/member/hectic-les/ , 8
http://www.cardomain.com/member/andersen-knight/ , 8
http://www.cardomain.com/member/eaton-rice/ , 8
http://www.cardomain.com/member/sainaa8080/ , 8
http://www.cardomain.com/member/sdontas/ , 8
http://www.cardomain.com/member/mchair/ , 8
http://www.cardomain.com/member/bimmerboy27/ , 8
http://www.cardomain.com/member/theblackmobiler3/ , 8
http://www.cardomain.com/member/toyotatuner03/ , 8
http://www.cardomain.com/member/johnbal867/ , 8
http://www.cardomain.com/member/silver2kgtp/ , 8
http://www.cardomain.com/member/connection-01/ , 8
http://www.cardomain.com/member/nightavenger87/ , 8
http://www.cardomain.com/member/italianwiseguy79/ , 8
http://www.cardomain.com/member/bigchi08/ , 8
http://www.cardomain.com/member/og36chambers/ , 8
http://www.cardomain.com/member/realrod/ , 8
http://www.cardomain.com/member/elmok/ , 8
http://www.cardomain.com/member/allhotsuvs/ , 8
http://www.cardomain.com/member/bad-azz-z71/ , 8
http://www.cardomain.com/member/prowlerpete/ , 8
http://www.cardomain.com/member/asarath/ , 8
http://www.cardomain.com/member/pattyatty/ , 8
http://www.cardomain.com/member/redblood2/ , 8
http://www.cardomain.com/member/kandysupersport/ , 8
http://www.cardomain.com/member/prowler123/ , 8
http://www.cardomain.com/member/tjamn68/ , 8
http://www.cardomain.com/member/joemarshall32/ , 8
http://www.cardomain.com/member/reddragon1221/ , 8
http://www.cardomain.com/member/gt-razz/ , 8
http://www.cardomain.com/member/tiger950/ , 8
http://www.cardomain.com/member/orgp78/ , 8
http://www.cardomain.com/member/jquest2/ , 8
http://www.cardomain.com/member/therealniterider/ , 8
http://www.cardomain.com/member/opinaca/ , 8
http://www.cardomain.com/makemodel/rolls-royce/coupes/ , 9
http://www.cardomain.com/category/midsize/ , 9
http://www.cardomain.com/makemodel/rolls-royce/convertibles/ , 9
http://www.cardomain.com/category/compact/ , 9
http://www.cardomain.com/category/trucks/ , 9
http://www.cardomain.com/makemodel/mercedes-benz/coupes/ , 9
http://www.cardomain.com/category/wagons/ , 9
http://www.cardomain.com/category/minivans-vans/ , 9
http://www.cardomain.com/makemodel/bentley/coupes/page-2/ , 9
http://www.cardomain.com/makemodel/lamborghini/coupes/page-2/ , 9
http://www.cardomain.com/category/hatchbacks/ , 9
http://www.cardomain.com/makemodel/rolls-royce/coupes/page-2/ , 9
http://www.cardomain.com/makemodel/mercedes-benz/coupes/page-2/ , 9
http://www.cardomain.com/category/luxury/page-2/ , 9
http://www.cardomain.com/makemodel/mercedes-benz/convertibles/ , 9
http://www.cardomain.com/makemodel/bentley/coupes/ , 9
http://www.cardomain.com/category/trucks/page-2/ , 9
http://www.cardomain.com/makemodel/lamborghini/coupes/ , 9
http://www.cardomain.com/category/wagons/page-2/ , 9
http://www.cardomain.com/category/midsize/page-2/ , 9
http://www.cardomain.com/category/minivans-vans/page-2/ , 9
http://www.cardomain.com/makemodel/rolls-royce/convertibles/page-2/ , 9
http://www.cardomain.com/category/compact/page-2/ , 9
http://www.cardomain.com/makemodel/mercedes-benz/convertibles/page-2/ , 9
http://www.cardomain.com/ride/4047569/2014-lexus-is/ , 10
http://www.cardomain.com/ride/3959861/1999-plymouth-prowler/ , 10
http://www.cardomain.com/ride/4055822/2008-toyota-crown/ , 10
http://www.cardomain.com/ride/3979512/2001-chrysler-prowler-roadster-2d/ , 10
http://www.cardomain.com/member/akanderson87/ , 10
http://www.cardomain.com/ride/4072756/2015-honda-s2000/ , 10
http://www.cardomain.com/ride/4072756/2015-honda-s2000-convertible-2d/ , 10
http://www.cardomain.com/ride/4046113/2013-ford-fusion/ , 10
http://www.cardomain.com/ride/4046124/2014-lexus-is/ , 10
http://www.cardomain.com/ride/4068651/1998-honda-prelude/ , 10
http://www.cardomain.com/ride/4073681/2015-plymouth-prowler/ , 10
http://www.cardomain.com/category/hybrid/ , 10
http://www.cardomain.com/ride/209198/1996-toyota-supra/ , 10
http://www.cardomain.com/ride/3959861/1999-plymouth-prowler-roadster-2d/ , 10
http://www.cardomain.com/ride/3991614/2008-saturn-sky/ , 10
http://www.cardomain.com/member/chris-chambers/ , 10
http://www.cardomain.com/ride/3979512/2001-chrysler-prowler/ , 10
http://www.cardomain.com/ride/4068651/1998-honda-prelude-vtec-coupe-2d/ , 10
http://www.cardomain.com/ride/4046123/1976-chevrolet-corvette/ , 10
http://www.cardomain.com/ride/4061194/2013-chrysler-300/ , 10
http://www.cardomain.com/ride/2467848/2002-chrysler-prowler/ , 10
http://www.cardomain.com/member/robisco87/ , 10
http://www.cardomain.com/ride/3853549/2006-honda-civic/page-2/ , 11
http://www.cardomain.com/ride/220636/1995-mitsubishi-eclipse/ , 11
http://www.cardomain.com/ride/220636/1995-mitsubishi-eclipse/page-2/ , 11
http://www.cardomain.com/ride/117635/1999-ford-ranger-regular-cab/ , 11
http://www.cardomain.com/ride/2546244/2006-nissan-sentra/page-2/ , 11
http://www.cardomain.com/ride/2479435/2001-plymouth-prowler/ , 11
http://www.cardomain.com/ride/4055354/2011-ford-f150-supercrew-cab/ , 11
http://www.cardomain.com/ride/4049254/2008-ford-f150-supercrew-cab/ , 11
http://www.cardomain.com/ride/4062993/2003-honda-accord/ , 11
http://www.cardomain.com/ride/3317898/2006-scion-tc/page-2/ , 11
http://www.cardomain.com/ride/254994/1992-honda-accord/page-2/ , 11
http://www.cardomain.com/ride/4056061/1979-ford-mustang/ , 11
http://www.cardomain.com/ride/228419/1995-honda-prelude/ , 11
http://www.cardomain.com/ride/117635/1999-ford-ranger-regular-cab/page-2/ , 11
http://www.cardomain.com/ride/4053309/1981-toyota-corolla/ , 11
http://www.cardomain.com/ride/3853549/2006-honda-civic/ , 11
http://www.cardomain.com/ride/4049786/2010-infiniti-fx/ , 11
http://www.cardomain.com/ride/3317898/2006-scion-tc/ , 11
http://www.cardomain.com/ridepost/56187/16353648/1996-honda-prelude/ , 12
http://www.cardomain.com/ridepost/841185/1999-ford-escort/ , 12
http://www.cardomain.com/ridepost/240872/16365072/1979-ford-mustang/ , 12
http://www.cardomain.com/ridepost/240872/1979-ford-mustang/ , 12
http://www.cardomain.com/ridepost/56156/16353385/1996-honda-prelude/ , 12
http://www.cardomain.com/ridepost/56187/16353647/1996-honda-prelude/ , 12
http://www.cardomain.com/ridepost/56187/1996-honda-prelude/ , 12
http://www.cardomain.com/ridepost/56156/1996-honda-prelude/ , 12
http://www.cardomain.com/ridepost/5082009/1995-chevrolet-s10-regular-cab/ , 12
http://www.cardomain.com/ridepost/240872/16365058/1979-ford-mustang/ , 12
http://www.cardomain.com/ridepost/56156/16353387/1996-honda-prelude/ , 12
http://www.cardomain.com/ridepost/56187/16353649/1996-honda-prelude/ , 12
http://www.cardomain.com/ridepost/5081637/1995-chevrolet-s10-regular-cab/ , 12
http://www.cardomain.com/ridepost/56192/228688/1996-honda-prelude/ , 12
http://www.cardomain.com/ridepost/56192/1996-honda-prelude/ , 12
http://www.cardomain.com/ridepost/56156/16353386/1996-honda-prelude/ , 12
http://www.cardomain.com/ridepost/240872/16365071/1979-ford-mustang/ , 12
http://www.cardomain.com/member/diamondweapon/ , 13
http://www.cardomain.com/member/4doorv8valiant/ , 13
http://www.cardomain.com/member/joshuawh06/ , 13
http://www.cardomain.com/member/scottieku/ , 13
http://www.cardomain.com/member/loproneon/ , 13
http://www.cardomain.com/member/sweetprowler/ , 13
http://www.cardomain.com/member/24audio/ , 13
http://www.cardomain.com/member/derek98z/ , 13
http://www.cardomain.com/member/urosbe/ , 13
http://www.cardomain.com/member/pjphughes1/ , 13
http://www.cardomain.com/member/zflybye/ , 13
http://www.cardomain.com/member/vwforlife01/ , 13
http://www.cardomain.com/member/west-coast1/ , 13
http://www.cardomain.com/member/luisgotasub/ , 13
http://www.cardomain.com/ride/3861410/2001-plymouth-prowler/ , 14
http://www.cardomain.com/ride/4071738/2008-toyota-avalon/ , 14
http://www.cardomain.com/ride/3808410/2000-plymouth-prowler/ , 14
http://www.cardomain.com/ride/2661347/1999-plymouth-prowler/ , 14
http://www.cardomain.com/ride/4048789/2007-infiniti-g/page-2/ , 14
http://www.cardomain.com/ride/4048789/2007-infiniti-g/ , 14
http://www.cardomain.com/ride/3036881/2000-plymouth-prowler/ , 14
http://www.cardomain.com/ride/4045794/1997-chevrolet-silverado-1500-extended-cab/ , 14
http://www.cardomain.com/ride/3973892/2007-mercedes-benz-slk-class/ , 14
http://www.cardomain.com/ride/195480/2007-chrysler-300/ , 14
http://www.cardomain.com/ride/3973892/2007-mercedes-benz-slk-class-slk280-roadster-2d/ , 14
http://www.cardomain.com/ride/4054775/1991-chevrolet-camaro/ , 14
http://www.cardomain.com/makemodel/rickman/ , 15
http://www.cardomain.com/makemodel/nissan/convertibles/ , 15
http://www.cardomain.com/makemodel/gillet/ , 15
http://www.cardomain.com/makemodel/ford/convertibles/ , 15
http://www.cardomain.com/makemodel/graber/ , 15
http://www.cardomain.com/makemodel/ford/mustang/ , 15
http://www.cardomain.com/makemodel/chevrolet/ , 15
http://www.cardomain.com/makemodel/dodge/convertibles/ , 15
http://www.cardomain.com/makemodel/pontiac/convertibles/ , 15
http://www.cardomain.com/makemodel/tvr/ , 15
http://www.cardomain.com/makemodel/chevrolet/convertibles/ , 15
http://www.cardomain.com/makemodel/stutz/ , 15
http://www.cardomain.com/ride/269148/1974-pontiac-gto-coupe-2d/ , 16
http://www.cardomain.com/ride/4066301/2010-lamborghini-gallardo/ , 16
http://www.cardomain.com/ride/4074691/2001-honda-s2000/ , 16
http://www.cardomain.com/ride/269148/1974-pontiac-gto/ , 16
http://www.cardomain.com/ride/4075130/2001-chrysler-prowler-roadster-2d/ , 16
http://www.cardomain.com/ride/4075130/2001-chrysler-prowler/ , 16
http://www.cardomain.com/ride/4073600/2015-volkswagen-cabrio/ , 16
http://www.cardomain.com/ride/4075741/2014-toyota-aygo/ , 16
http://www.cardomain.com/ride/3128808/2008-dodge-challenger/ , 16
http://www.cardomain.com/ride/4074691/2001-honda-s2000-convertible-2d/ , 16
http://www.cardomain.com/ride/4076223/1994-chevrolet-camaro/ , 16
http://www.cardomain.com/ride/4076083/2013-ford-edge/ , 16
http://www.cardomain.com/ridepost/1132540/2006-scion-tc/ , 17
http://www.cardomain.com/ridepost/56182/16353636/1996-honda-prelude/ , 17
http://www.cardomain.com/ridepost/56182/16353635/1996-honda-prelude/ , 17
http://www.cardomain.com/ridepost/56182/1996-honda-prelude/ , 17
http://www.cardomain.com/ridepost/56182/16353634/1996-honda-prelude/ , 17
http://www.cardomain.com/ridepost/1133038/2006-scion-tc/ , 17
http://www.cardomain.com/ridepost/840987/1999-ford-escort/ , 17
http://www.cardomain.com/member/ksvinoth/ , 18
http://www.cardomain.com/member/etcolt/ , 18
http://www.cardomain.com/member/rizemahot/ , 18
http://www.cardomain.com/member/kevinj27/ , 18
http://www.cardomain.com/member/ap1nfr/ , 18
http://www.cardomain.com/member/messyswindler/ , 18
http://www.cardomain.com/member/classiccarchief/ , 18
http://www.cardomain.com/ride/161839/1994-toyota-supra/ , 19
http://www.cardomain.com/ride/4066450/1995-honda-prelude/ , 19
http://www.cardomain.com/ride/4012007/2011-chevrolet-cruze/ , 19
http://www.cardomain.com/ride/282997/1999-nissan-skyline/ , 19
http://www.cardomain.com/ride/254994/1992-honda-accord/ , 19
http://www.cardomain.com/ride/3970242/1999-honda-prelude/ , 19
http://www.cardomain.com/makemodel/bmw/ , 20
http://www.cardomain.com/makemodel/suzuki/ , 20
http://www.cardomain.com/category/luxury/ , 20
http://www.cardomain.com/makemodel/mercury/coupes/ , 20
http://www.cardomain.com/ridepost/56149/16353255/1996-honda-prelude/ , 21
http://www.cardomain.com/ridepost/56149/1996-honda-prelude/ , 21
http://www.cardomain.com/ridepost/56149/16353256/1996-honda-prelude/ , 21
http://www.cardomain.com/ridepost/56149/16353269/1996-honda-prelude/ , 21
http://www.cardomain.com/ridepost/841096/1999-ford-escort/ , 22
http://www.cardomain.com/ridepost/841239/1999-ford-escort/ , 22
http://www.cardomain.com/ , 23
http://www.cardomain.com/page-2/ , 23
http://www.cardomain.com/advertise/ , 24
http://www.cardomain.com/member/fixumm/ , 25
http://www.cardomain.com/member/prostreetjoe/ , 26
http://www.cardomain.com/brands/ , 27
