http://www.everydayhealth.com/rheumatoid-arthritis/1115/enbrel-best-for-rheumatoid-arthritis-if-taken-over-long-term.aspx , 0
http://www.everydayhealth.com/womens-health/yeast-infections/index.aspx , 0
http://www.everydayhealth.com/rheumatoid-arthritis-caregiving.aspx , 0
http://www.everydayhealth.com/psoriatic-arthritis/psoriatic-arthritis-diagnosis.aspx , 0
http://www.everydayhealth.com/multiple-sclerosis/kristie-salerno-kent-why-i-delayed-my-multiple-sclerosis-treatment-diagnosis.aspx?xid=RSS_Multiple%20Sclerosis , 0
http://www.everydayhealth.com/anemia/anemia-basics.aspx , 0
http://www.everydayhealth.com/cancer/humor-therapy-and-cancer.aspx , 0
http://www.everydayhealth.com/depression/whos-at-risk-for-postpartum-depression.aspx , 0
http://www.everydayhealth.com/crohns-disease/finding-clinical-trials-for-crohns.aspx , 0
http://www.everydayhealth.com/heart-disease/dvt/index.aspx , 0
http://www.everydayhealth.com/heart-health/0212/silent-atrial-fibrillation-may-be-behind-stroke.aspx , 0
http://www.everydayhealth.com/gerd/understanding/symptoms-of-reflux.aspx , 0
http://www.everydayhealth.com/news/sperm-semen-defects-may-be-linked-to-shorter-life-spans/ , 0
http://www.everydayhealth.com/pain-management/medical-marijuana-for-chronic-pain.aspx , 0
http://www.everydayhealth.com/news/effects-active-ra-seen-offspring/ , 0
http://www.everydayhealth.com/news/hepatitis-c-could-become-rare-disease-twenty-years/ , 0
http://www.everydayhealth.com/conditions/high-blood-pressure-with-rheumatoid-arthritis/ , 0
http://www.everydayhealth.com/anxiety/anxiety-and-depression.aspx , 0
http://www.everydayhealth.com/cancer/chemotherapy-and-your-immune-system.aspx , 0
http://www.everydayhealth.com/cancer/grief-and-the-cancer-caregiver.aspx , 0
http://www.everydayhealth.com/diabetes/teeth-matter-too.aspx , 0
http://www.everydayhealth.com/heart-health/cholesterol-lowering-medications.aspx , 0
http://www.everydayhealth.com/diabetes/diabetic-emergencies.aspx , 0
http://www.everydayhealth.com/diabetes/type2/treating/oral-medications.aspx , 0
http://www.everydayhealth.com/rheumatoid-arthritis-diagnosis.aspx , 0
http://www.everydayhealth.com/cancer/understanding/complementary-and-alternative-medicine-in-cancer-treatment.aspx , 0
http://www.everydayhealth.com/hepatitis/1213/gregg-allman-living-with-chronic-hepatitis-c.aspx , 0
http://www.everydayhealth.com/diabetes/diabetes-screening-guidelines.aspx , 0
http://www.everydayhealth.com/rheumatoid-arthritis/after-your-ra-diagnosis-6-action-steps.aspx , 0
http://www.everydayhealth.com/pain-management/basics.aspx , 0
http://www.everydayhealth.com/diabetes/1126/fda-opens-door-to-wider-avandia-prescribing.aspx , 0
http://www.everydayhealth.com/heart-health/heart-scan.aspx , 0
http://www.everydayhealth.com/news/skip-steroids-shoulder-pain/ , 0
http://www.everydayhealth.com/digestive-health/foods-that-cause-excessive-gas.aspx , 0
http://www.everydayhealth.com/sexual-health/sexual-foreplay.aspx , 0
http://www.everydayhealth.com/psoriasis/bogus-psoriasis-treatments.aspx , 0
http://www.everydayhealth.com/gerd/understanding.aspx , 0
http://www.everydayhealth.com/adhd/what-is-adhd.aspx , 0
http://www.everydayhealth.com/cancer/is-a-cancer-clinical-trial-right-for-you.aspx , 0
http://www.everydayhealth.com/digestive-health/ulcer/index.aspx , 0
http://www.everydayhealth.com/addiction/addiction-basics.aspx , 0
http://www.everydayhealth.com/copd/copd-cough-whats-in-it.aspx , 0
http://www.everydayhealth.com/digestive-health/constipation-causes.aspx , 0
http://www.everydayhealth.com/specialists/arthritis/kitridou/qa/an-NSAID-primer.aspx , 0
http://www.everydayhealth.com/meningitis/meningitis-basics.aspx , 0
http://www.everydayhealth.com/news/has-use-testosterone-become-abusive/ , 0
http://www.everydayhealth.com/hepatitis/0424/experimental-drug-for-hepatitis-c-promising-studies-show.aspx , 0
http://www.everydayhealth.com/cold-and-flu/what-happened-to-sars.aspx , 0
http://www.everydayhealth.com/cold-flu/bird-flu-one-mutation-away-from-a-potential-pandemic-2764.aspx , 0
http://www.everydayhealth.com/adhd-awareness/does-technology-cause-adhd.aspx , 0
http://www.everydayhealth.com/type-2-diabetes/insulin-injections-for-type-2-diabetes.aspx , 0
http://www.everydayhealth.com/cancer/understanding/defining-cancer.aspx , 0
http://www.everydayhealth.com/ankylosing-spondylitis/get-better-sleep-with-ankylosing-spondylitis.aspx , 0
http://www.everydayhealth.com/adhd/symptoms-adhd.aspx , 0
http://www.everydayhealth.com/diabetes/diabetes-during-pregnancy-can-be-deadly-for-your-child-2850.aspx , 0
http://www.everydayhealth.com/heart-health/how-doctors-diagnose-atrial-fibrillation.aspx , 0
http://www.everydayhealth.com/multiple-sclerosis/0423/shrinkage-of-brain-region-may-signal-onset-of-multiple-sclerosis.aspx , 0
http://www.everydayhealth.com/cold-and-flu/0620/cdc-flu-shots-averted-millions-of-cases.aspx , 0
http://www.everydayhealth.com/hepatitis/hepatitis-management.aspx , 0
http://www.everydayhealth.com/chronic-fatigue-syndrome/chronic-fatigue-syndrome-basics.aspx , 0
http://www.everydayhealth.com/mens-health/penis-size.aspx , 0
http://www.everydayhealth.com/multiple-sclerosis/multiple-sclerosis-environment.aspx , 0
http://www.everydayhealth.com/multiple-sclerosis/emotional-cues-may-be-lost-on-multiple-sclerosis-patients-researchers-say-2159.aspx , 0
http://www.everydayhealth.com/crohns-disease/top-tips-for-dining-out-with-crohns-disease.aspx , 0
http://www.everydayhealth.com/arthritis/coping-with-rheumatoid-arthritis.aspx , 0
http://www.everydayhealth.com/leukemia/fighting-depression-after-a-leukemia-diagnosis.aspx , 0
http://www.everydayhealth.com/depression/depression-in-older-adults.aspx , 0
http://www.everydayhealth.com/senior-health/0502/video-game-may-help-keep-aging-brains-sharp.aspx , 0
http://www.everydayhealth.com/depression/understanding/what-is-major-depression.aspx , 0
http://www.everydayhealth.com/adhd/living-with/parenting-an-adhd-child.aspx , 0
http://www.everydayhealth.com/cancer/chemotherapy-support/chemotherapy-101.aspx , 0
http://www.everydayhealth.com/psoriatic-arthritis/the-facts-about-tnf-alpha-inhibitors-for-psoriatic-arthritis.aspx , 0
http://www.everydayhealth.com/pain-management/chronic-neck-pain-basics.aspx , 0
http://www.everydayhealth.com/cancer/nutrition-for-cancer-patients.aspx , 0
http://www.everydayhealth.com/depression/lack-of-energy-with-depression.aspx , 0
http://www.everydayhealth.com/diabetes/the-importance-of-exercise.aspx , 0
http://www.everydayhealth.com/diabetes/a-team-approach-to-managing-diabetes.aspx , 0
http://www.everydayhealth.com/add-adhd/decoding-attention-deficit-disorder-add-or-adhd.aspx , 0
http://www.everydayhealth.com/news/healthy-habits-may-slow-cellular-signs-of-aging/ , 0
http://www.everydayhealth.com/pain-management/pain-medications.aspx , 0
http://www.everydayhealth.com/multiple-sclerosis/managing-diet-and-multiple-sclerosis.aspx , 0
http://www.everydayhealth.com/news/high-blood-pressure-may-protect-very-old-dementia/ , 0
http://www.everydayhealth.com/digestive-health/lactose-intolerance.aspx , 0
http://www.everydayhealth.com/crohns-disease/crohns-management.aspx , 0
http://www.everydayhealth.com/news/certain-sedatives-tied-breathing-problems-older-copd-patients/ , 0
http://www.everydayhealth.com/news/drug-combos-prove-potent-as-hepatitis-c-therapy/ , 0
http://www.everydayhealth.com/diet-nutrition/vitamins-meds.aspx , 0
http://www.everydayhealth.com/cancer/understanding/treatment-methods.aspx , 0
http://www.everydayhealth.com/cancer/head-and-neck/index.aspx , 0
http://www.everydayhealth.com/news/could-stem-cells-next-ra-treatment/ , 0
http://www.everydayhealth.com/news/foreclosures-tied-to-higher-suicide-risk/ , 0
http://www.everydayhealth.com/digestive-health/hemorrhoids.aspx , 0
http://www.everydayhealth.com/diabetes/how-exercise-affects-glucose.aspx , 0
http://www.everydayhealth.com/peripheral-artery-disease/what-you-should-know-about-peripheral-artery-disease.aspx , 0
http://www.everydayhealth.com/digestive-health/abnormal-stool.aspx , 0
http://www.everydayhealth.com/digestive-awareness/what-to-eat-when-you-have-diarrhea.aspx , 0
http://www.everydayhealth.com/foot-health/foot-health-basics.aspx , 0
http://www.everydayhealth.com/multiple-sclerosis/neurologist-shortage-ms-patients.aspx , 0
http://www.everydayhealth.com/depression/a-step-by-step-guide-to-depression-recovery.aspx , 0
http://www.everydayhealth.com/multiple-sclerosis/10-things-new-ms-patients-should-know.aspx?xid=RSS_Multiple%20Sclerosis , 0
http://www.everydayhealth.com/depression/related-conditions/depression-and-pain.aspx , 0
http://www.everydayhealth.com/crohns-disease/five-tips-for-those-newly-diagnosed-with-crohn's.aspx , 0
http://www.everydayhealth.com/rheumatoid-arthritis/rheumatoid-arthritis-making-the-invisible-visible.aspx , 0
http://www.everydayhealth.com/cancer/understanding/symptoms.aspx , 0
http://www.everydayhealth.com/multiple-sclerosis/ms-retrofit-your-car.aspx , 0
http://www.everydayhealth.com/news/acetaminophen-may-not-help-against-back-pain/ , 0
http://www.everydayhealth.com/crohns-disease/cannabis-for-crohns-disease.aspx , 0
http://www.everydayhealth.com/cold-and-flu/0204/beware-fake-flu-treatments-fda-warns.aspx , 0
http://www.everydayhealth.com/ankylosing-spondylitis/my-ankylosing-spondylitis-story-a-diagnosis-delayed.aspx , 0
http://www.everydayhealth.com/digestive-health/gas/index.aspx , 0
http://www.everydayhealth.com/gallbladder/gallbladder-basics.aspx , 0
http://www.everydayhealth.com/news/birth-control-pills-risk-breast-cancer/ , 0
http://www.everydayhealth.com/hepatitis/hepatitis-c-super-spreaders-are-key-to-prevention-7818.aspx , 0
http://www.everydayhealth.com/crohns-disease/crohns-disease-medications.aspx , 0
http://www.everydayhealth.com/diabetes/treating-low-blood-sugar.aspx , 0
http://www.everydayhealth.com/appendicitis/appendix/ , 0
http://www.everydayhealth.com/epilepsy/index.aspx , 0
http://www.everydayhealth.com/multiple-myeloma/basics.aspx , 0
http://www.everydayhealth.com/cold-and-flu/0603/whooping-cough-cases-rise-as-parents-opt-out-of-vaccine.aspx , 0
http://www.everydayhealth.com/headache-and-migraine/headache-medications-to-avoid.aspx , 0
http://www.everydayhealth.com/arthritis/inflammatory-arthritis/ankylosing-spondylitis.aspx , 0
http://www.everydayhealth.com/digestive-health/diarrhea-treatment.aspx , 0
http://www.everydayhealth.com/news/your-stomach-bug-may-well-norovirus/ , 0
http://www.everydayhealth.com/digestive-health/constipation-in-kids.aspx , 0
http://www.everydayhealth.com/heart-health/daily-life-with-atrial-fibrillation.aspx , 0
http://www.everydayhealth.com/multiple-sclerosis/0327/biogens-ms-drug-tecfidera-wins-fda-nod.aspx , 0
http://www.everydayhealth.com/cancer/a-guide-for-the-cancer-caregiver.aspx , 0
http://www.everydayhealth.com/cancer/avoiding-cancer-stress-on-the-job.aspx , 0
http://www.everydayhealth.com/sleep/sleep-apnea.aspx , 0
http://www.everydayhealth.com/heart-health/1025/two-treatments-for-atrial-fibrillation-are-equally-effective.aspx , 0
http://www.everydayhealth.com/digestive-health/gerd/living/3-ways-to-prevent-heartburn-flareandndashups.aspx , 0
http://www.everydayhealth.com/conditions/best-supplements-copd/ , 0
http://www.everydayhealth.com/pain-management/pain-treatment.aspx , 0
http://www.everydayhealth.com/digestive-health/ibs/index.aspx , 0
http://www.everydayhealth.com/psoriasis/fast-facts.aspx , 0
http://www.everydayhealth.com/ankylosing-spondylitis/stand-up-straight-ankylosing-spondylitis-and-good-posture.aspx , 0
http://www.everydayhealth.com/crohns-disease/marnina-and-seth-cooking-with-crohns.aspx , 0
http://www.everydayhealth.com/news/antibiotic-resistance-among-foodborne-illness-germs-mixed-bag/ , 0
http://www.everydayhealth.com/crohns-disease/does-crohns-run-in-your-family.aspx , 0
http://www.everydayhealth.com/eczema/eczema-basics.aspx , 0
http://www.everydayhealth.com/sexual-health/birth-control/frequently-asked-questions-birth-control.aspx , 0
http://www.everydayhealth.com/rheumatoid-arthritis/important-dental-tips-for-ra-patients-5837.aspx , 0
http://www.everydayhealth.com/healthy-living/depression-symptoms.aspx , 0
http://www.everydayhealth.com/crohns-disease/crohns-complementary-alternative-treatment.aspx , 0
http://www.everydayhealth.com/rheumatoid-arthritis/why-early-treatment-for-rheumatoid-arthritis-is-so-important-5283.aspx , 0
http://www.everydayhealth.com/crohns-disease/basics.aspx , 0
http://www.everydayhealth.com/senior-health/1017/can-you-starve-yourself-to-life.aspx , 0
http://www.everydayhealth.com/rheumatoid-arthritis/medication-pros-and-cons.aspx , 0
http://www.everydayhealth.com/hepatitis/0306/all-oral-regimens-work-against-hepatitis-c.aspx , 0
http://www.everydayhealth.com/cold-and-flu/0620/study-reveals-how-new-respiratory-virus-spreads.aspx , 0
http://www.everydayhealth.com/senior-health/kids-exercise-may-protect-from-bone-breaks-in-old-age-4777.aspx , 0
http://www.everydayhealth.com/multiple-sclerosis/multiple-sclerosis-and-libido.aspx , 0
http://www.everydayhealth.com/psoriasis/how-tara-spreads-the-truth-about-psoriasis.aspx , 0
http://www.everydayhealth.com/depression/treating/therapy.aspx , 0
http://www.everydayhealth.com/adhd-awareness/the-rise-of-adhd.aspx , 0
http://www.everydayhealth.com/rheumatoid-arthritis/the-challenge-of-diagnosing-ra.aspx , 0
http://www.everydayhealth.com/womens-health/osteoporosis/index.aspx , 0
http://www.everydayhealth.com/eating-disorders/eating-disorders-basics.aspx , 0
http://www.everydayhealth.com/news/fda-approves-hard-to-abuse-narcotic-painkiller/ , 0
http://www.everydayhealth.com/mesothelioma/mesothelioma-basics.aspx , 0
http://www.everydayhealth.com/cancer/understanding-cancer-stages.aspx , 0
http://www.everydayhealth.com/heart-health/living-with-atrial-fibrillation-marcie-wilson.aspx , 0
http://www.everydayhealth.com/brain-tumor/brain-tumor-symptoms.aspx , 0
http://www.everydayhealth.com/copd/pulmonary-rehabilitation.aspx , 0
http://www.everydayhealth.com/news/heart-medication-digoxin-linked-higher-risk-death-some/ , 0
http://www.everydayhealth.com/crohns-disease/the-best-dairy-alternatives-for-crohns-disease.aspx , 0
http://www.everydayhealth.com/adhd/adult-adhd/adult-adhd-treatment.aspx , 0
http://www.everydayhealth.com/adhd/adhd-and-relationships.aspx , 0
http://www.everydayhealth.com/multiple-sclerosis/aurora-colello-my-ms-story.aspx?xid=RSS_Multiple%20Sclerosis , 0
http://www.everydayhealth.com/digestive-health/mom-my-belly-hurts-common-digestive-issues-in-children.aspx , 0
http://www.everydayhealth.com/sanjay-gupta/pin-up-model-reboots-her-immune-system.aspx , 0
http://www.everydayhealth.com/cancer/sexuality-during-cancer-treatment.aspx , 0
http://www.everydayhealth.com/depression/how-exercise-helps-mdd.aspx , 0
http://www.everydayhealth.com/psoriasis/psoriasis-diagnosis.aspx , 0
http://www.everydayhealth.com/hepatitis/drug-combo-does-well-in-early-tests-for-hepatitis-c-and-hiv.aspx , 0
http://www.everydayhealth.com/news/widowhood-may-delay-dementia-some-seniors/ , 0
http://www.everydayhealth.com/depression/understanding/what-is-dysthymia.aspx , 0
http://www.everydayhealth.com/liver-cancer/liver-cancer-basics.aspx , 0
http://www.everydayhealth.com/copd/genetic-copd-understanding.aspx , 0
http://www.everydayhealth.com/heart-health/risk-factors.aspx , 0
http://www.everydayhealth.com/depression/pros-and-cons-of-two-controversial-depression-treatments.aspx , 0
http://www.everydayhealth.com/low-testosterone/treatment.aspx , 0
http://www.everydayhealth.com/heart-health/things-atrial-fibrillation-experts-want-you-to-know.aspx , 0
http://www.everydayhealth.com/news/diet-tied-to-better-breathing-in-copd-patients/ , 0
http://www.everydayhealth.com/crohns-disease/caring-for-childhood-crohns-disease.aspx , 0
http://www.everydayhealth.com/sexual-health/sexual-dysfunction/orgasm-difficulties.aspx , 0
http://www.everydayhealth.com/psoriasis/understanding/types-of-psoriasis.aspx , 0
http://www.everydayhealth.com/heart-health/calcium-channel-blocker.aspx , 0
http://www.everydayhealth.com/news/less-educated-smokers-greatest-risk-stroke/ , 0
http://www.everydayhealth.com/digestive-health/gas/a-gas-primer.aspx , 0
http://www.everydayhealth.com/ankylosing-spondylitis/a-healthy-diet-for-ankylosing-spondylitis.aspx , 0
http://www.everydayhealth.com/news/signs-you-shouldnt-take-testosterone-therapy/ , 0
http://www.everydayhealth.com/cancer/united-in-hope.aspx , 0
http://www.everydayhealth.com/copd/breaking-down-definition-copd.aspx , 0
http://www.everydayhealth.com/news/coaching-may-help-people-with-diabetes-battle-depression-disease-better/ , 0
http://www.everydayhealth.com/cold-and-flu/bipolar-disorder-risk-for-babies-born-to-moms-who-had-flu-8773.aspx , 0
http://www.everydayhealth.com/pain-management/do-you-need-a-pain-specialist.aspx , 0
http://www.everydayhealth.com/heart-health/treating-heart-attack.aspx , 0
http://www.everydayhealth.com/cancer/cancer-glossary.aspx , 0
http://www.everydayhealth.com/sanjay-gupta/managing-a-migraine-brain.aspx , 0
http://www.everydayhealth.com/depression/depression-and-your-sex-life.aspx , 0
http://www.everydayhealth.com/heart-health/eat-healthy-foods.aspx , 0
http://www.everydayhealth.com/digestive-health/more-than-just-cramps-digestive-disorders-and-pregnancy.aspx , 0
http://www.everydayhealth.com/sexual-health/better-sex/his-and-her-guide-to-oral-stimulation.aspx , 0
http://www.everydayhealth.com/tuberculosis/basics.aspx , 0
http://www.everydayhealth.com/rheumatoid-arthritis/juvenile-rheumatoid-arthritis.aspx , 0
http://www.everydayhealth.com/testicular-cancer/basics.aspx , 0
http://www.everydayhealth.com/depression/drug-side-effects.aspx , 0
http://www.everydayhealth.com/alternative-health/the-basics.aspx , 0
http://www.everydayhealth.com/low-testosterone/basics.aspx , 0
http://www.everydayhealth.com/constipation/constipation-tips.aspx , 0
http://www.everydayhealth.com/adhd/webcasts/is-it-a-symptom-of-adhd-or-a-personality-trait.aspx , 0
http://www.everydayhealth.com/digestive-health/diarrhea/travelers-diarrhea.aspx , 0
http://www.everydayhealth.com/cold-and-flu/companies-should-pay-you-to-stay-home-with-the-flu-study-says.aspx , 0
http://www.everydayhealth.com/heart-health/chest-pain-information.aspx , 0
http://www.everydayhealth.com/multiple-sclerosis-caregiving.aspx , 0
http://www.everydayhealth.com/cancer/chemotherapy-side-effects.aspx , 0
http://www.everydayhealth.com/news/meredith-vieira-balancing-act/ , 0
http://www.everydayhealth.com/digestive-health/diarrhea/index.aspx , 0
http://www.everydayhealth.com/hepatitis/0507/half-of-people-with-hepatitis-c-dont-complete-needed-tests.aspx , 0
http://www.everydayhealth.com/crohns-disease/thirteen-supplements-for-fighting-crohns-disease.aspx , 0
http://www.everydayhealth.com/rosacea/rosacea-basics.aspx , 0
http://www.everydayhealth.com/pain-management/headache/cluster-headache.aspx , 0
http://www.everydayhealth.com/hepatitis/hepatitis-treatment.aspx , 0
http://www.everydayhealth.com/news/diabetes-may-be-bigger-threat-female-heart/ , 0
http://www.everydayhealth.com/autism/autism-basics.aspx , 0
http://www.everydayhealth.com/heart-health/recognizing-symptoms-of-atrial-fibrillation.aspx , 0
http://www.everydayhealth.com/celiac-disease/index.aspx , 0
http://www.everydayhealth.com/hepatitis/how-hepatitis-caregivers-can-protect-themselves.aspx , 0
http://www.everydayhealth.com/copd/new-drug-shows-promise-for-copd-and-asthma-5388.aspx , 0
http://www.everydayhealth.com/heart-health/the-link-between-atrial-fibrillation-and-obesity.aspx , 0
http://www.everydayhealth.com/copd/ways-to-protect-your-lungs-during-pregnancy.aspx , 0
http://www.everydayhealth.com/depression/treating/alternative-treatments.aspx , 0
http://www.everydayhealth.com/adhd/webcasts/depression-an-unwelcome-side-effect-of-adhd.aspx , 0
http://www.everydayhealth.com/adhd/adhd-research.aspx , 0
http://www.everydayhealth.com/psoriasis/should-you-go-gluten-free-for-your-psoriasis.aspx , 0
http://www.everydayhealth.com/cold-and-flu/0716/chinas-bird-flus-drug-resistance-worries-experts.aspx , 0
http://www.everydayhealth.com/crohns-disease/simple-ways-to-explain-crohns-disease-to-others.aspx , 0
http://www.everydayhealth.com/rheumatoid-arthritis/basics.aspx , 0
http://www.everydayhealth.com/urinary-tract-infection/urinary-tract-infection-basics.aspx , 0
http://www.everydayhealth.com/news/ebola-patient-flown-to-us-for-treatment/ , 0
http://www.everydayhealth.com/news/employees-benefit-from-natural-light/ , 0
http://www.everydayhealth.com/news/obesity-may-raise-risk-copd/ , 0
http://www.everydayhealth.com/news/fda-approves-new-type-2-diabetes-drug/ , 0
http://www.everydayhealth.com/sexual-health/g-spot-fact-or-fiction.aspx , 0
http://www.everydayhealth.com/hepatitis/traveling-with-hepatitis.aspx , 0
http://www.everydayhealth.com/dental-health/101.aspx , 0
http://www.everydayhealth.com/ankylosing-spondylitis/ankylosing-spondylitis-treatment.aspx , 0
http://www.everydayhealth.com/psoriatic-arthritis/psoriatic-arthritis-self-care.aspx , 0
http://www.everydayhealth.com/conditions/how-copd-changes-end-of-life-care/ , 0
http://www.everydayhealth.com/adhd/adhd-treatment-and-diagnosis.aspx , 0
http://www.everydayhealth.com/news/patients-want-diabetes-friendly-meals-menu/ , 0
http://www.everydayhealth.com/diabetes/monitoring-carbohydrates.aspx , 0
http://www.everydayhealth.com/acne.aspx , 0
http://www.everydayhealth.com/brain-tumor/brain-tumor-basics.aspx , 0
http://www.everydayhealth.com/hepatitis/0618/many-homeless-may-harbor-hepatitis-c.aspx , 0
http://www.everydayhealth.com/pain-management/pain-medications-and-the-risk-of-addiction.aspx , 0
http://www.everydayhealth.com/news/popular-chrons-colitis-drugs-not-linked-to-short-term-cancer-risk/ , 0
http://www.everydayhealth.com/pain-management/physical-treatments-for-pain.aspx , 0
http://www.everydayhealth.com/senior-health/hip-replacement-helps-heart-depression-diabetes-4692.aspx , 0
http://www.everydayhealth.com/copd/copd-never-too-late-to-quit-smoking.aspx , 0
http://www.everydayhealth.com/diet-and-nutrition/0404/breakfast-calories-key-to-total-intake-study-finds.aspx , 0
http://www.everydayhealth.com/conditions/common-crohns-side-effect-you-should-aware-of/ , 0
http://www.everydayhealth.com/multiple-sclerosis/a-daughters-mission-to-find-a-cure-for-ms.aspx , 0
http://www.everydayhealth.com/depression/preventing.aspx , 0
http://www.everydayhealth.com/diet-nutrition/flat-belly-myth.aspx , 0
http://www.everydayhealth.com/news/smoking-worsens-psoriatic-arthritis/ , 0
http://www.everydayhealth.com/copd/1009/advanced-image-analysis-maps-copd-severity.aspx , 0
http://www.everydayhealth.com/news/gut-microbes-differ-obese-diabetic-people/ , 0
http://www.everydayhealth.com/heart-disease/is-it-a-heart-attack.aspx , 0
http://www.everydayhealth.com/parkinsons-disease/parkinsons-disease-basics.aspx , 0
http://www.everydayhealth.com/senior-health/stroke/index.aspx , 0
http://www.everydayhealth.com/adhd/adult-adhd/adhd-in-adults.aspx , 0
http://www.everydayhealth.com/sexual-health/female-masturbation-health-benefits.aspx , 0
http://www.everydayhealth.com/smoking-cessation/index.aspx , 0
http://www.everydayhealth.com/news/malnutrition-threatens-many-us-seniors-seen-ers/ , 0
http://www.everydayhealth.com/arthritis/index.aspx , 0
http://www.everydayhealth.com/pms/pms-basics.aspx , 0
http://www.everydayhealth.com/psoriatic-arthritis/psoriatic-arthritis-and-other-arthritis-forms.aspx , 0
http://www.everydayhealth.com/cancer/deciding-on-a-cancer-treatment-plan.aspx , 0
http://www.everydayhealth.com/headache-migraine/migraine-auras.aspx , 0
http://www.everydayhealth.com/news/women-blacks-hit-harder-heart-disease-risk-factors/ , 0
http://www.everydayhealth.com/appendicitis/ , 0
http://www.everydayhealth.com/copd/copd-medications.aspx , 0
http://www.everydayhealth.com/heart-health/cardio-exercise-routine.aspx , 0
http://www.everydayhealth.com/digestive-health/five-home-remedies-for-constipation.aspx , 0
http://www.everydayhealth.com/pneumonia.aspx , 0
http://www.everydayhealth.com/news/supreme-court-some-companies-dont-have-cover-birth-control/ , 0
http://www.everydayhealth.com/pain-management/when-the-pain-wont-go-away.aspx , 0
http://www.everydayhealth.com/psoriasis/treating/tips/psoriasis-treatments-stop-working.aspx , 0
http://www.everydayhealth.com/cold-flu/1009/the-best-way-to-treat-a-cold.aspx , 0
http://www.everydayhealth.com/rheumatoid-arthritis/rheumatologist.aspx , 0
http://www.everydayhealth.com/depression/the-link-between-depression-and-diabetes.aspx , 0
http://www.everydayhealth.com/type-2-diabetes/pvd-and-type-2-diabetes.aspx , 0
http://www.everydayhealth.com/cold-and-flu/h7n9-bird-flu-shows-resistance-to-tamiflu-study-says.aspx , 0
http://www.everydayhealth.com/pain-management/living-with-pain.aspx , 0
http://www.everydayhealth.com/emotional-health/schizophrenia/index.aspx , 0
http://www.everydayhealth.com/crohns-disease/anatomy-of-a-crohns-flare.aspx , 0
http://www.everydayhealth.com/senior-health/aging-and-health/portrait-of-the-geriatrician-as-an-endangered-specialist.aspx , 0
http://www.everydayhealth.com/news/forty-percent-of-americans-will-develop-diabetes/ , 0
http://www.everydayhealth.com/multiple-sclerosis/ms-clinic-options-7746.aspx , 0
http://www.everydayhealth.com/news/mild-concussions-can-cause-thinking-memory-problems/ , 0
http://www.everydayhealth.com/pain-management/glossary-of-pain-management-terms.aspx , 0
http://www.everydayhealth.com/fibromyalgia/fibromyalgia-101.aspx , 0
http://www.everydayhealth.com/heart-health/aspirin-and-heart-attack-risk.aspx , 0
http://www.everydayhealth.com/pain-management/stress-and-pain.aspx , 0
http://www.everydayhealth.com/headache-migraine/headache-relief-meditation.aspx , 0
http://www.everydayhealth.com/cold-and-flu/0614/saliva-may-improve-with-age-for-flu-protection.aspx , 0
http://www.everydayhealth.com/cancer/chemotherapy-a-cancer-treatment-standard.aspx , 0
http://www.everydayhealth.com/senior-health/doctors-obamacare-changes-limit-hospice-care-success-3003.aspx , 0
http://www.everydayhealth.com/erectile-dysfunction/erectile-dysfunction-and-type-2-diabetes.aspx , 0
http://www.everydayhealth.com/news/exercise-may-spur-more-varied-gut-microbes/ , 0
http://www.everydayhealth.com/senior-health/happiness-grows-with-age-researchers-say-9114.aspx , 0
http://www.everydayhealth.com/swine-flu.aspx , 0
http://www.everydayhealth.com/multiple-sclerosis/0327/multiple-sclerosis-research-gears-up-for-new-drugs-3653.aspx , 0
http://www.everydayhealth.com/news/no-tv-obesity-ancient-people-still-had-heart-disease/ , 0
http://www.everydayhealth.com/ankylosing-spondylitis/keeping-your-eyes-healthy-with-ankylosing-spondylitis.aspx , 0
http://www.everydayhealth.com/news/are-doctors-appropriately-treating-flu-patients/ , 0
http://www.everydayhealth.com/cancer/biological-therapy-for-cancer-treatment.aspx , 0
http://www.everydayhealth.com/brain-tumor/brain-tumor-risk-factors.aspx , 0
http://www.everydayhealth.com/sexual-health/1008/one-in-ten-young-adults-admits-to-sexual-violence.aspx , 0
http://www.everydayhealth.com/cancer/finding-the-right-cancer-pain-relief.aspx , 0
http://www.everydayhealth.com/multiple-sclerosis/maintaining-a-healthy-sex-life-when-you-have-ms.aspx?xid=RSS_Multiple%20Sclerosis , 0
http://www.everydayhealth.com/multiple-sclerosis/multiple-sclerosis-and-libido.aspx?xid=RSS_Multiple%20Sclerosis , 0
http://www.everydayhealth.com/ankylosing-spondylitis/massage-therapy-for-ankylosing-spondylitis.aspx , 0
http://www.everydayhealth.com/diabetes/future-insulin-delivery-systems.aspx , 0
http://www.everydayhealth.com/news/blood-pressure-psoriasis-risk-women/ , 0
http://www.everydayhealth.com/cancer/8-common-cancer-myths.aspx , 0
http://www.everydayhealth.com/digestive-health/constipation/complications-of-constipation.aspx , 0
http://www.everydayhealth.com/heart-health/atrial-fibrillation-stroke-connection.aspx , 0
http://www.everydayhealth.com/hepatitis/screen-boomers-for-hcv.aspx , 0
http://www.everydayhealth.com/psoriasis/the-flaky-fashionistas-guide-to-style-with-psoriasis.aspx , 0
http://www.everydayhealth.com/adhd/what-causes-adhd.aspx , 0
http://www.everydayhealth.com/cold-flu/tips-to-shorten-cold-duration.aspx , 0
http://www.everydayhealth.com/heart-health/heart-disease-and-diabetes.aspx , 1
http://www.everydayhealth.com/heart-health/heart-healthy-habits-for-atrial-fibrillation.aspx , 1
http://www.everydayhealth.com/senior-health/heart-healthy-habits-for-seniors.aspx , 1
http://www.everydayhealth.com/cancer/care-for-the-cancer-caregiver.aspx , 1
http://www.everydayhealth.com/depression/coping-with-depression-and-insomnia.aspx , 1
http://www.everydayhealth.com/cancer/the-caregivers-role-on-the-cancer-treatment-team.aspx , 1
http://www.everydayhealth.com/depression/how-making-friends-can-help-depression.aspx , 1
http://www.everydayhealth.com/senior-health/5-great-reasons-to-see-a-geriatrician.aspx , 1
http://www.everydayhealth.com/psoriasis/psoriasis-treatment.aspx , 1
http://www.everydayhealth.com/sexual-health/sex-and-aging/stay-sexy.aspx?p=2 , 1
http://www.everydayhealth.com/diabetes/preventing-hypoglycemia.aspx , 1
http://www.everydayhealth.com/adhd/adhd-in-school.aspx , 1
http://www.everydayhealth.com/depression/understanding-atypical-depression.aspx , 1
http://www.everydayhealth.com/depression/what-is-depression.aspx , 1
http://www.everydayhealth.com/diabetes/healthy-eating-away-from-home.aspx , 1
http://www.everydayhealth.com/adhd/diet-and-adhd.aspx , 1
http://www.everydayhealth.com/adhd/recognizing-the-types-of-adhd.aspx , 1
http://www.everydayhealth.com/pain-management/will-insurance-cover-your-chronic-pain-treatment.aspx , 1
http://www.everydayhealth.com/diabetes/nerve-damage-and-diabetes.aspx , 1
http://www.everydayhealth.com/diabetes/targeting-fats.aspx , 1
http://www.everydayhealth.com/adhd/adult-adhd/diagnosing-adhd-in-adults.aspx , 1
http://www.everydayhealth.com/sleep/medications-that-affect-sleep.aspx , 1
http://www.everydayhealth.com/ear-nose-throat/specialist.aspx , 1
http://www.everydayhealth.com/adhd/adhd-in-teens.aspx , 1
http://www.everydayhealth.com/rheumatoid-arthritis-treatment.aspx , 1
http://www.everydayhealth.com/multiple-sclerosis-treatment.aspx , 1
http://www.everydayhealth.com/heart-health/prevention.aspx , 1
http://www.everydayhealth.com/adhd/alternative-treatments-for-adhd.aspx , 1
http://www.everydayhealth.com/digestive-health/treatment-for-excessive-gas.aspx , 1
http://www.everydayhealth.com/depression/types/postpartum-depression.aspx , 1
http://www.everydayhealth.com/sexual-health/choosing-condoms.aspx , 1
http://www.everydayhealth.com/diabetes/strategies-for-staying-healthy.aspx , 1
http://www.everydayhealth.com/cancer/when-a-child-has-cancer.aspx , 1
http://www.everydayhealth.com/cancer/money-matters-cancer-and-health-insurance.aspx , 1
http://www.everydayhealth.com/add-adhd/tips-for-organizing-adhd-medical-records.aspx , 1
http://www.everydayhealth.com/sexual-health/birth-control.aspx , 1
http://www.everydayhealth.com/sleep/insomnia.aspx , 1
http://www.everydayhealth.com/cancer/when-cancer-changes-your-appearance.aspx , 1
http://www.everydayhealth.com/cancer/cancer-research-where-funding-goes.aspx , 1
http://www.everydayhealth.com/diabetes/understanding-hypoglycemia-low-blood-sugar.aspx , 1
http://www.everydayhealth.com/add-adhd/saving-money-on-adhd-treatment.aspx , 1
http://www.everydayhealth.com/pain-management/managing-chronic-pain-at-work.aspx , 1
http://www.everydayhealth.com/depression/drugs.aspx , 1
http://www.everydayhealth.com/diabetes/regular-walking-protects-against-heart-disease.aspx , 1
http://www.everydayhealth.com/psoriatic-arthritis/psoriatic-arthritis-light-therapy.aspx , 1
http://www.everydayhealth.com/cancer/end-of-life-issues-for-cancer-patients.aspx , 1
http://www.everydayhealth.com/arthritis/osteoarthritis/index.aspx , 1
http://www.everydayhealth.com/digestive-health/treatment-for-heartburn-and-gerd.aspx , 1
http://www.everydayhealth.com/sexual-health/sexting-dos-and-donts-for-consenting-adults.aspx , 1
http://www.everydayhealth.com/diabetes/spotting-the-signs-of-hypoglycemia.aspx , 1
http://www.everydayhealth.com/gestational-diabetes/oral-medications-for-gestational-diabetes.aspx , 1
http://www.everydayhealth.com/pain-management/pain-causes-and-diagnosis.aspx , 1
http://www.everydayhealth.com/skin-beauty/skin-care-101.aspx , 1
http://www.everydayhealth.com/psoriatic-arthritis/psoriatic-arthritis-natural-remedies.aspx , 1
http://www.everydayhealth.com/depression/depression-and-obesity.aspx , 1
http://www.everydayhealth.com/psoriasis/psoriasis-clinical-trials-pros-and-cons.aspx , 1
http://www.everydayhealth.com/psoriasis/psoriatic-arthritis-101.aspx , 1
http://www.everydayhealth.com/cancer/radiation-therapy-for-cancer-treatment.aspx , 1
http://www.everydayhealth.com/adhd/adult-adhd/tips/adhd-coach.aspx , 1
http://www.everydayhealth.com/heart-health/heart-medications.aspx , 1
http://www.everydayhealth.com/diabetes/diabetes-testing-guide.aspx , 1
http://www.everydayhealth.com/psoriasis/9-tips-for-living-with-chronic-itching.aspx , 1
http://www.everydayhealth.com/adhd/adhd-drugs.aspx , 1
http://www.everydayhealth.com/cancer/exercise-and-cancer-treatment.aspx , 1
http://www.everydayhealth.com/adhd/adhd-drug-side-effects.aspx , 1
http://www.everydayhealth.com/adhd/adhd-and-treatment.aspx , 1
http://www.everydayhealth.com/cold-flu/beauty-sos-for-cold-symptoms.aspx , 1
http://www.everydayhealth.com/heart-disease/avoiding-common-pitfalls.aspx , 1
http://www.everydayhealth.com/sexual-health/female-reproductive-organs.aspx , 1
http://www.everydayhealth.com/ankylosing-spondylitis/ankylosing-spondylitis-diagnosis.aspx , 1
http://www.everydayhealth.com/cancer/cancer-and-diet-questions.aspx , 1
http://www.everydayhealth.com/heart-health/heart-surgery.aspx , 1
http://www.everydayhealth.com/arthritis/rheumatoid-arthritis-and-marriage.aspx , 1
http://www.everydayhealth.com/conditions/everyday-health-apps/ , 1
http://www.everydayhealth.com/diabetes/doing-your-research.aspx , 1
http://www.everydayhealth.com/diabetes/your-dietitian-a-valuable-ally.aspx , 1
http://www.everydayhealth.com/depression/winter-blues.aspx , 1
http://www.everydayhealth.com/adhd/child-adhd-questions-to-ask-your-doctor.aspx , 1
http://www.everydayhealth.com/depression/treating.aspx , 1
http://www.everydayhealth.com/thyroid-cancer/thyroid-cancer-basics.aspx , 1
http://www.everydayhealth.com/esophageal-cancer/basics.aspx , 1
http://www.everydayhealth.com/depression/symptoms.aspx , 1
http://www.everydayhealth.com/heart-health/atrial-fibrillation-treatment-options.aspx , 1
http://www.everydayhealth.com/bone-cancer/bone-cancer-symptoms.aspx , 1
http://www.everydayhealth.com/cancer/your-cancer-treatment-team.aspx , 1
http://www.everydayhealth.com/diverticulitis/ , 1
http://www.everydayhealth.com/cancer/do-cell-phones-cause-cancer.aspx , 1
http://www.everydayhealth.com/cancer/when-surgery-is-the-best-treatment.aspx , 1
http://www.everydayhealth.com/senior-health/understanding/index.aspx , 1
http://www.everydayhealth.com/psoriatic-arthritis/psoriatic-arthritis-nail-care.aspx , 1
http://www.everydayhealth.com/cancer/can-you-really-prevent-cancer.aspx , 1
http://www.everydayhealth.com/pain-management/natural-pain-remedies.aspx , 1
http://www.everydayhealth.com/diet-nutrition/apple-cider-vinegar-myth.aspx , 1
http://www.everydayhealth.com/senior-health-pictures/aging-and-health/senior-cinema-movies-about-aging.aspx , 2
http://www.everydayhealth.com/psoriasis-photos/foods-that-affect-psoriasis.aspx , 2
http://www.everydayhealth.com/pictures/how-to-steer-clear-of-side-effects-from-blood-thinners/ , 2
http://www.everydayhealth.com/adhd-pictures/cant-focus-try-these-simple-adhd-concentration-tips.aspx , 2
http://www.everydayhealth.com/senior-health-pictures/10-super-seniors-we-admire.aspx , 2
http://www.everydayhealth.com/pictures/ways-prevent-manic-episodes/ , 2
http://www.everydayhealth.com/pictures/heart-healthy-perks-dark-chocolate/ , 2
http://www.everydayhealth.com/adhd-summer-activities-photos/summer-activities-for-kids-with-adhd.aspx , 2
http://www.everydayhealth.com/cancer-photos/top-foods-to-fight-cancer.aspx , 2
http://www.everydayhealth.com/pain-management-photos/nine-weird-facts-about-bruises.aspx , 2
http://www.everydayhealth.com/psoriasis-pictures/tips-for-overcoming-sleepless-nights-with-psoriasis.aspx , 2
http://www.everydayhealth.com/pictures/signs-aging-could-mean-you-have-diabetes/ , 2
http://www.everydayhealth.com/pictures/ways-to-soothe-psoriasis-summer/ , 2
http://www.everydayhealth.com/skin-and-beauty/is-that-rash-psoriasis-or-something-else.aspx , 2
http://www.everydayhealth.com/heart-health-pictures/10-ways-to-help-manage-atrial-fibrillation.aspx , 2
http://www.everydayhealth.com/pictures/hot-weather-drinks-low-alcohol/ , 2
http://www.everydayhealth.com/pictures/steps-find-best-footwear-multiple-sclerosis/ , 2
http://www.everydayhealth.com/pictures/best-summer-sports-for-ra/ , 2
http://www.everydayhealth.com/pictures/handy-tools-staying-independent-with-multiple-sclerosis/ , 2
http://www.everydayhealth.com/psoriasis-pictures/the-best-psoriasis-skincare-products.aspx , 2
http://www.everydayhealth.com/low-testosterone-pictures/dueling-testosterone-hormones-that-works-differently-in-men-and-women.aspx , 2
http://www.everydayhealth.com/pictures/things-raw-foodies-know-that-you-dont/ , 2
http://www.everydayhealth.com/pictures/how-protect-your-heart-in-heat/ , 2
http://www.everydayhealth.com/senior-health-pictures/surprising-health-woes-of-getting-older.aspx , 2
http://www.everydayhealth.com/pictures/promising-non-antidepressant-therapies-depression/ , 2
http://www.everydayhealth.com/heart-health-pictures/essential-facts-about-atrial-fibrillation.aspx , 2
http://www.everydayhealth.com/pictures/celeb-inspired-hairstyles-hide-scalp-psoriasis/ , 2
http://www.everydayhealth.com/pictures/summer-foods-to-fight-ra/ , 2
http://www.everydayhealth.com/copd-pictures/copd-related-health-problems-to-watch-out-for.aspx , 2
http://www.everydayhealth.com/pictures/natural-testosterone-tuneups/ , 2
http://www.everydayhealth.com/depression-pictures/different-types-of-depression.aspx , 2
http://www.everydayhealth.com/pictures/ways-lose-weight-with-multiple-sclerosis/ , 2
http://www.everydayhealth.com/pictures/hot-exercise-trends-and-rheumatoid-arthritis/ , 2
http://www.everydayhealth.com/pictures/ways-avoid-serotonin-syndrome/ , 2
http://www.everydayhealth.com/adhd-photos/9-time-management-tips-for-adult-adhd.aspx , 2
http://www.everydayhealth.com/pictures/easy-ways-to-take-your-blood-pressure/ , 2
http://www.everydayhealth.com/pain-management-pictures/americas-favorite-drugs-painkiller-abuse.aspx , 2
http://www.everydayhealth.com/headache-pictures/8-foods-that-trigger-headaches.aspx , 2
http://www.everydayhealth.com/diabetes-pictures/low-carb-swaps-for-family-favorites.aspx , 2
http://www.everydayhealth.com/copd-pictures/at-home-copd-exercises-to-help-you-breathe.aspx , 2
http://www.everydayhealth.com/pictures/how-to-navigate-the-heart-mind-connection/ , 2
http://www.everydayhealth.com/pictures/diy-treatments-scalp-irritation/ , 2
http://www.everydayhealth.com/photogallery/soda-alternatives.aspx , 2
http://www.everydayhealth.com/diabetes/photos/9-warning-signs-of-type-2-diabetes.aspx , 2
http://www.everydayhealth.com/headache-migraine-pictures/8-home-remedies-for-headaches-and-migraines.aspx , 2
http://www.everydayhealth.com/adhd-pictures/favorite-fitness-tips-for-adults-with-adhd.aspx , 2
http://www.everydayhealth.com/skin-and-beauty-photos/how-to-identify-common-bug-bites.aspx , 2
http://www.everydayhealth.com/cancer-pictures/supplements-that-may-fight-cancer-0216.aspx , 2
http://www.everydayhealth.com/pictures/summer-foods-for-depression/ , 2
http://www.everydayhealth.com/digestive-health-pictures/10-foods-that-help-relieve-constipation.aspx , 2
http://www.everydayhealth.com/pictures/psoriatic-arthritis-stretching-tips/ , 2
http://www.everydayhealth.com/pictures/unexpected-uses-antidepressants/ , 2
http://www.everydayhealth.com/cancer/photos/8-caregiving-ideas-to-help-patients.aspx , 2
http://www.everydayhealth.com/senior-health-pictures/aging-and-health/getting-older-personal-stories-about-aging.aspx , 2
http://www.everydayhealth.com/pictures/wacky-psoriasis-facts/ , 2
http://www.everydayhealth.com/pictures/tips-for-hosting-outdoor-parties-with-ra/ , 2
http://www.everydayhealth.com/high-cholesterol-pictures/ten-high-cholesterol-foods-to-avoid.aspx , 2
http://www.everydayhealth.com/health-center/n-2.aspx , 3
http://www.everydayhealth.com/health-center/e-2.aspx , 3
http://www.everydayhealth.com/health-center/t-2.aspx , 3
http://www.everydayhealth.com/health-center/l.aspx , 3
http://www.everydayhealth.com/health-center/o.aspx , 3
http://www.everydayhealth.com/health-center/d.aspx , 3
http://www.everydayhealth.com/health-center/a-2.aspx , 3
http://www.everydayhealth.com/health-center/h-2.aspx , 3
http://www.everydayhealth.com/health-center/v.aspx , 3
http://www.everydayhealth.com/health-center/e.aspx , 3
http://www.everydayhealth.com/health-center/p.aspx , 3
http://www.everydayhealth.com/health-center/r.aspx , 3
http://www.everydayhealth.com/health-center/c-2.aspx , 3
http://www.everydayhealth.com/health-center/d-2.aspx , 3
http://www.everydayhealth.com/health-center/g-2.aspx , 3
http://www.everydayhealth.com/health-center/n.aspx , 3
http://www.everydayhealth.com/health-center/b-2.aspx , 3
http://www.everydayhealth.com/health-center/w-2.aspx , 3
http://www.everydayhealth.com/health-center/x.aspx , 3
http://www.everydayhealth.com/health-center/s.aspx , 3
http://www.everydayhealth.com/health-center/v-2.aspx , 3
http://www.everydayhealth.com/health-center/f-2.aspx , 3
http://www.everydayhealth.com/health-center/q.aspx , 3
http://www.everydayhealth.com/health-center/u-2.aspx , 3
http://www.everydayhealth.com/health-center/i.aspx , 3
http://www.everydayhealth.com/health-center/y.aspx , 3
http://www.everydayhealth.com/health-center/m.aspx , 3
http://www.everydayhealth.com/health-center/r-2.aspx , 3
http://www.everydayhealth.com/health-center/w.aspx , 3
http://www.everydayhealth.com/health-center/k.aspx , 3
http://www.everydayhealth.com/health-center/c.aspx , 3
http://www.everydayhealth.com/health-center/k-2.aspx , 3
http://www.everydayhealth.com/health-center/u.aspx , 3
http://www.everydayhealth.com/health-center/h.aspx , 3
http://www.everydayhealth.com/health-center/g.aspx , 3
http://www.everydayhealth.com/health-center/i-2.aspx , 3
http://www.everydayhealth.com/health-center/b.aspx , 3
http://www.everydayhealth.com/health-center/p-2.aspx , 3
http://www.everydayhealth.com/health-center/j.aspx , 3
http://www.everydayhealth.com/health-center/t.aspx , 3
http://www.everydayhealth.com/health-center/l-2.aspx , 3
http://www.everydayhealth.com/health-center/m-2.aspx , 3
http://www.everydayhealth.com/health-center/a.aspx , 3
http://www.everydayhealth.com/health-center/f.aspx , 3
http://www.everydayhealth.com/health-center/o-2.aspx , 3
http://www.everydayhealth.com/conditions/crohns-disease , 4
http://www.everydayhealth.com/conditions/low-testosterone , 4
http://www.everydayhealth.com/conditions/gestational-diabetes , 4
http://www.everydayhealth.com/conditions/adhd , 4
http://www.everydayhealth.com/conditions/gout , 4
http://www.everydayhealth.com/conditions/neck-pain , 4
http://www.everydayhealth.com/conditions/ankylosing-spondylitis , 4
http://www.everydayhealth.com/conditions/alzheimers-disease , 4
http://www.everydayhealth.com/conditions/asthma , 4
http://www.everydayhealth.com/conditions/breast-cancer , 4
http://www.everydayhealth.com/conditions/senior-health , 4
http://www.everydayhealth.com/conditions/high-cholesterol , 4
http://www.everydayhealth.com/conditions/ulcerative-colitis , 4
http://www.everydayhealth.com/conditions/prostate-cancer , 4
http://www.everydayhealth.com/conditions/diabetes , 4
http://www.everydayhealth.com/conditions/bipolar-disorder , 4
http://www.everydayhealth.com/conditions/allergy , 4
http://www.everydayhealth.com/conditions/hypertension , 4
http://www.everydayhealth.com/conditions/cold-and-flu , 4
http://www.everydayhealth.com/conditions/sexual-health , 4
http://www.everydayhealth.com/conditions/hiv-aids , 4
http://www.everydayhealth.com/conditions/heart-health , 4
http://www.everydayhealth.com/conditions/back-pain , 4
http://www.everydayhealth.com/conditions/hepatitis/hepatitis-c , 4
http://www.everydayhealth.com/conditions/digestive-health , 4
http://www.everydayhealth.com/conditions/psoriasis , 4
http://www.everydayhealth.com/conditions/menopause , 4
http://www.everydayhealth.com/conditions/pain-management , 4
http://www.everydayhealth.com/conditions/hip-pain , 4
http://www.everydayhealth.com/conditions/copd , 4
http://www.everydayhealth.com/conditions/psoriatic-arthritis , 4
http://www.everydayhealth.com/conditions/rheumatoid-arthritis , 4
http://www.everydayhealth.com/conditions/lung-cancer , 4
http://www.everydayhealth.com/conditions/knee-pain , 4
http://www.everydayhealth.com/conditions/type-1-diabetes , 4
http://www.everydayhealth.com/conditions/mens-health , 4
http://www.everydayhealth.com/conditions/hepatitis , 4
http://www.everydayhealth.com/emotional-health/index.aspx , 5
http://www.everydayhealth.com/kids-health/kids-health-articles.aspx , 5
http://www.everydayhealth.com/copd/copd-expert-answers.aspx , 5
http://www.everydayhealth.com/senior-health/senior-health-answers.aspx , 5
http://www.everydayhealth.com/cold-flu/cold-flu-articles.aspx , 5
http://www.everydayhealth.com/rheumatoid-arthritis/all-articles.aspx , 5
http://www.everydayhealth.com/cold-flu/cold-flu-expert-answers.aspx , 5
http://www.everydayhealth.com/diet-nutrition/allarticles.aspx , 5
http://www.everydayhealth.com/pet-health/pet-health-articles.aspx , 5
http://www.everydayhealth.com/healthy-travel/all-articles.aspx , 5
http://www.everydayhealth.com/longevity/articles.aspx , 5
http://www.everydayhealth.com/depression/all-articles.aspx , 5
http://www.everydayhealth.com/college-health/college-health-articles.aspx , 5
http://www.everydayhealth.com/cancer/index.aspx , 5
http://www.everydayhealth.com/green-health/allarticles.aspx , 5
http://www.everydayhealth.com/psoriatic-arthritis/psoriatic-arthritis-expert-answers.aspx , 5
http://www.everydayhealth.com/heart-health/heart-health-expert-answers.aspx , 5
http://www.everydayhealth.com/heart-health/articles.aspx , 5
http://www.everydayhealth.com/bladder-cancer/bladder-cancer-articles.aspx , 5
http://www.everydayhealth.com/vision-center/allarticles.aspx , 5
http://www.everydayhealth.com/multiple-sclerosis/all-articles.aspx , 5
http://www.everydayhealth.com/psoriasis/specialist-answers.aspx , 5
http://www.everydayhealth.com/copd/copd-articles.aspx , 5
http://www.everydayhealth.com/multiple-sclerosis/multiple-sclerosis-expert-answers.aspx , 5
http://www.everydayhealth.com/hepatitis/hepatitis-articles.aspx , 5
http://www.everydayhealth.com/crohns-disease/crohns-disease-expert-answers.aspx , 5
http://www.everydayhealth.com/psoriatic-arthritis/psoriatic-arthritis-articles.aspx , 5
http://www.everydayhealth.com/adhd/specialist-answers.aspx , 5
http://www.everydayhealth.com/crohns-disease/crohns-articles.aspx , 5
http://www.everydayhealth.com/senior-health/all-articles.aspx , 5
http://www.everydayhealth.com/rheumatoid-arthritis/ask-a-specialist.aspx , 5
http://www.everydayhealth.com/psoriasis/articles.aspx , 5
http://www.everydayhealth.com/stop-smoking/stop-smoking-articles.aspx , 5
http://www.everydayhealth.com/healthy-home/allarticles.aspx , 5
http://www.everydayhealth.com/depression/all-specialist-answers.aspx , 5
http://www.everydayhealth.com/adhd/articles.aspx , 5
http://www.everydayhealth.com/fitness/articles.aspx , 5
http://www.everydayhealth.com/columns/health-answers/how-you-can-reduce-your-risk-of-atherosclerosis/ , 6
http://www.everydayhealth.com/columns/my-cancer-story/mothers-death-colon-cancer-stigma/ , 6
http://www.everydayhealth.com/columns/therese-borchard-sanity-break/secret-living-with-treatment-resistant-depression/ , 6
http://www.everydayhealth.com/columns/lynda-shrager-the-organized-caregiver/how-i-survived-breast-cancer-one-bite-at-a-time/ , 6
http://www.everydayhealth.com/columns/health-answers/lauging-chocolate-flossing-tips-for-preventing-heart-attack-and-stroke/ , 6
http://www.everydayhealth.com/columns/jeff-emmerson-living-with-adult-adhd/depressed-with-adhd/ , 6
http://www.everydayhealth.com/columns/therese-borchard-sanity-break/what-causes-depression-new-theories/ , 6
http://www.everydayhealth.com/columns/voices-of-experience/beyond-tears-translating-grief-into-suicide-prevention/ , 6
http://www.everydayhealth.com/columns/my-health-story/lighting-the-way-for-ccfa-two-inspiring-women-with-an-unlikely-connection-to-crohns-and-colitis/ , 6
http://www.everydayhealth.com/columns/lisa-aro-living-a-distracted-life/ways-get-ahead-adhd-anxiety/ , 6
http://www.everydayhealth.com/columns/trevis-gleason-life-with-multiple-sclerosis/my-recipe-great-ms-day/ , 6
http://www.everydayhealth.com/columns/johannah-sakimura-nutrition-sleuth/real-reason-scale-wont-budge/ , 6
http://www.everydayhealth.com/columns/jeff-emmerson-living-with-adult-adhd/questions-that-pop-up-when-youre-told-you-have-adhd/ , 6
http://www.everydayhealth.com/columns/lisa-aro-living-a-distracted-life/dear-lisa-ling-you-have-adhd-heres-whats-next/ , 6
http://www.everydayhealth.com/columns/lisa-aro-living-a-distracted-life/eight-personalities-eight-kinds-coping-mechanisms-for-adhd/ , 6
http://www.everydayhealth.com/columns/trevis-gleason-life-with-multiple-sclerosis/after-the-fall-getting-up-from-an-ms-tumble/ , 6
http://www.everydayhealth.com/columns/my-health-story/julia-allens-experience-with-heart-disease-and-go-red/ , 6
http://www.everydayhealth.com/columns/health-answers/ways-make-sex-feel-better-tonight/ , 6
http://www.everydayhealth.com/columns/howard-chang-the-itch-to-beat-psoriasis/inconvenient-skin-treatments-ive-tried-psoriasis/ , 6
http://www.everydayhealth.com/columns/lisa-aro-living-a-distracted-life/getting-ready-for-school-to-start/ , 6
http://www.everydayhealth.com/columns/lynda-shrager-the-organized-caregiver/top-travel-tips-for-people-with-arthritis/ , 6
http://www.everydayhealth.com/columns/my-health-story/singer-naomi-judd-raises-her-voice-hepatitis-c/ , 6
http://www.everydayhealth.com/columns/brad-robynn-mann-sleeping-with-ms/sting-simple-annoyances-people-with-ms/ , 6
http://www.everydayhealth.com/columns/recipe-of-the-day/bored-with-burgers-3-grill-easy-recipes-to-please-a-crowd/ , 6
http://www.everydayhealth.com/columns/my-health-story/how-i-reclaimed-life-from-chronic-pain/ , 6
http://www.everydayhealth.com/columns/jared-bunch-rhythm-of-life/dementia-prevention-there-is-no-time-like-the-present-to-start-to-reduce-your-risk/ , 6
http://www.everydayhealth.com/columns/trevis-gleason-life-with-multiple-sclerosis/what-if-game-worries-waiting-ms-test-results/ , 6
http://www.everydayhealth.com/columns/lynda-shrager-the-organized-caregiver/one-day-two-diagnoses-twenty-years-life-lessons/ , 6
http://www.everydayhealth.com/columns/health-answers/toxic-household-items-should-throw-away-now/ , 6
http://www.everydayhealth.com/columns/my-cancer-story/in-my-mothers-image-what-lies-beneath-mastectomy-bra/ , 6
http://www.everydayhealth.com/columns/type-two-and-you/post-detox-dealing-with-the-pendulum-swing/ , 6
http://www.everydayhealth.com/columns/white-seeber-grogan-the-remedy-chicks/tips-to-stop-swimmers-ear-before-it-starts/ , 6
http://www.everydayhealth.com/columns/my-health-story/we-are-not-going-to-let-you-die-heart-disease-at-fifteen-new-life-in-my-twenties/ , 6
http://www.everydayhealth.com/columns/my-health-story/my-dental-vacation-mexico-mercedes-mouth-hyundai-budget/ , 6
http://www.everydayhealth.com/columns/my-health-story/heart-heart-mothers-death-saved-life/ , 6
http://www.everydayhealth.com/columns/my-health-story/year-of-no-sugar-one-family-grand-adventure/ , 6
http://www.everydayhealth.com/columns/white-seeber-grogan-the-remedy-chicks/ , 7
http://www.everydayhealth.com/columns/lucinda-porter-navigating-hepatitis-c/ , 7
http://www.everydayhealth.com/columns/brad-robynn-mann-sleeping-with-ms/ , 7
http://www.everydayhealth.com/columns/my-cancer-story/page/2/ , 7
http://www.everydayhealth.com/columns/suzette-lipscomb-breast-cancer-the-second-time/ , 7
http://www.everydayhealth.com/columns/brad-robynn-mann-sleeping-with-ms/page/2/ , 7
http://www.everydayhealth.com/columns/jared-bunch-rhythm-of-life/ , 7
http://www.everydayhealth.com/columns/johannah-sakimura-nutrition-sleuth/ , 7
http://www.everydayhealth.com/columns/type-two-and-you/ , 7
http://www.everydayhealth.com/columns/stupid-cancer-blog/ , 7
http://www.everydayhealth.com/columns/my-health-story/ , 7
http://www.everydayhealth.com/columns/my-health-story/page/2/ , 7
http://www.everydayhealth.com/columns/white-seeber-grogan-the-remedy-chicks/page/2/ , 7
http://www.everydayhealth.com/columns/myrtle-potter-help-for-healthcare-hassles/ , 7
http://www.everydayhealth.com/columns/life-with-chronic-pain/ , 7
http://www.everydayhealth.com/columns/recipe-of-the-day/ , 7
http://www.everydayhealth.com/columns/bill-abraham-heart-disease-prevention/page/2/ , 7
http://www.everydayhealth.com/columns/bill-abraham-heart-disease-prevention/ , 7
http://www.everydayhealth.com/columns/johannah-sakimura-nutrition-sleuth/page/2/ , 7
http://www.everydayhealth.com/columns/my-cancer-story/ , 7
http://www.everydayhealth.com/columns/lucinda-porter-navigating-hepatitis-c/page/2/ , 7
http://www.everydayhealth.com/columns/paging-dr-gupta/ , 7
http://www.everydayhealth.com/columns/paging-dr-gupta/page/2/ , 7
http://www.everydayhealth.com/columns/jared-bunch-rhythm-of-life/page/2/ , 7
http://www.everydayhealth.com/news/heat-waves-could-worsen-copd-symptoms/ , 8
http://www.everydayhealth.com/sexual-health/suzanne-somers-too-young-to-feel-like-this.aspx , 8
http://www.everydayhealth.com/news/diet-changes-can-alter-gut-bacteria/ , 8
http://www.everydayhealth.com/colitis-specialist/polyps-or-appendicitis.aspx , 8
http://www.everydayhealth.com/conditions/get-your-kids-quit-smoking/ , 8
http://www.everydayhealth.com/news/drug-resistant-superbug-increasing-southeast-us-hospitals/ , 8
http://www.everydayhealth.com/news/coping-advice-caregivers/ , 8
http://www.everydayhealth.com/news/when-love-hurts-how-handle-most-common-causes-painful-sex/ , 8
http://www.everydayhealth.com/depression/understanding/real-men-dont-get-help.aspx , 8
http://www.everydayhealth.com/diabetes/drugmaker-recalls-millions-of-diabetes-testing-strips.aspx , 8
http://www.everydayhealth.com/heart-health/women-and-heart-disease.aspx , 8
http://www.everydayhealth.com/senior-health/near-or-far-caregiving-is-essential.aspx , 8
http://www.everydayhealth.com/copd/0719/copd-tied-to-tiny-brain-bleeds-study-finds.aspx , 8
http://www.everydayhealth.com/news/not-all-drugs-are-tested-alike/ , 8
http://www.everydayhealth.com/colitis-specialist/polyps-or-appendicitis.aspx?xid=RSS_Crohn's%20Disease , 8
http://www.everydayhealth.com/cancer/cancer-and-family-members.aspx , 8
http://www.everydayhealth.com/sexual-health/101/tips/challenge-your-sex-preconceptions.aspx , 8
http://www.everydayhealth.com/news/dont-blame-bad-weather-your-aching-back/ , 8
http://www.everydayhealth.com/news/doctors-may-miss-out-recommending-aspirin-therapy/ , 8
http://www.everydayhealth.com/news/gabrielle-union-age-defying-beauty-rules/ , 8
http://www.everydayhealth.com/news/routine-errands-risky-time-falls-seniors/ , 8
http://www.everydayhealth.com/conditions/depression/archive , 9
http://www.everydayhealth.com/conditions/copd/archive , 9
http://www.everydayhealth.com/conditions/heart-health/archive , 9
http://www.everydayhealth.com/conditions/diabetes/archive , 9
http://www.everydayhealth.com/conditions/psoriatic-arthritis/archive , 9
http://www.everydayhealth.com/conditions/digestive-health/archive , 9
http://www.everydayhealth.com/conditions/ankylosing-spondylitis/archive , 9
http://www.everydayhealth.com/conditions/psoriasis/archive , 9
http://www.everydayhealth.com/conditions/rheumatoid-arthritis/archive , 9
http://www.everydayhealth.com/conditions/senior-health/archive , 9
http://www.everydayhealth.com/conditions/atrial-fibrillation/archive , 9
http://www.everydayhealth.com/conditions/hepatitis/hepatitis-c/archive , 9
http://www.everydayhealth.com/conditions/multiple-sclerosis/archive , 9
http://www.everydayhealth.com/conditions/adhd/archive , 9
http://www.everydayhealth.com/conditions/pain-management/archive , 9
http://www.everydayhealth.com/conditions/cold-and-flu/archive , 9
http://www.everydayhealth.com/conditions/crohns-disease/archive , 9
http://www.everydayhealth.com/conditions/sexual-health/archive , 9
http://www.everydayhealth.com/conditions/low-testosterone/archive , 9
http://www.everydayhealth.com/conditions/minimize-crohns-flares-with-corticosteroids/ , 10
http://www.everydayhealth.com/news/how-to-boost-heart-health-with-springs-fresh-produce/ , 10
http://www.everydayhealth.com/conditions/protect-your-heart-from-ankylosing-spondylitis/ , 10
http://www.everydayhealth.com/news/simon-says-play-child-treat-adhd-symptoms/ , 10
http://www.everydayhealth.com/news/how-mri-can-predict-heart-attacks-and-stroke/ , 10
http://www.everydayhealth.com/news/getting-your-life-back-after-stroke/ , 10
http://www.everydayhealth.com/news/are-you-risk-heat-stroke/ , 10
http://www.everydayhealth.com/news/how-to-prevent-hepatitis-c-infection/ , 10
http://www.everydayhealth.com/news/cpr-app-saving-lives-one-text-at-a-time/ , 10
http://www.everydayhealth.com/news/how-avoid-heat-stroke-when-you-have-hepatitis-c/ , 10
http://www.everydayhealth.com/news/afib-heart-condition-depression-vicious-cycle/ , 10
http://www.everydayhealth.com/news/myths-and-facts-about-dietary-fat-and-your-heart/ , 10
http://www.everydayhealth.com/news/low-t-could-predict-metabolic-syndrome/ , 10
http://www.everydayhealth.com/news/finding-peer-support-during-hepatitis-c-infection/ , 10
http://www.everydayhealth.com/news/overcoming-hepatitis-c-after-liver-transplant-davids-story/ , 10
http://www.everydayhealth.com/news/snorting-caffeine-powder-could-damage-your-heart/ , 10
http://www.everydayhealth.com/news/have-heart-how-to-keep-beat-healthy-with-exercise/ , 10
http://www.everydayhealth.com/news/how-to-keep-your-heart-fit-with-atrial-fibrillation/ , 10
http://www.everydayhealth.com/news/hepatitis-c-screening-must-for-baby-boomers/ , 10
http://www.everydayhealth.com/conditions/massages-for-arthritis-pain/ , 11
http://www.everydayhealth.com/cold-flu/preventing-cold-and-flu.aspx , 11
http://www.everydayhealth.com/diabetes/managing-your-diabetes.aspx , 11
http://www.everydayhealth.com/diabetes/damage-to-the-feet-and-legs.aspx , 11
http://www.everydayhealth.com/diabetes/monitoring-your-blood-sugar-levels.aspx , 11
http://www.everydayhealth.com/ankylosing-spondylitis/how-to-retrofit-your-workspace-with-ankylosing-spondylitis.aspx , 11
http://www.everydayhealth.com/psoriatic-arthritis/dmards-for-psoriatic-arthritis.aspx , 11
http://www.everydayhealth.com/cancer/avoid-post-chemo-infections.aspx , 11
http://www.everydayhealth.com/conditions/facts-about-immunosuppressants-for-psoriatic-arthritis/ , 11
http://www.everydayhealth.com/psoriasis/diagnosing/tips/psoriasis-severity.aspx , 11
http://www.everydayhealth.com/psoriatic-arthritis/essentials-for-foot-care-and-psoriatic-arthritis.aspx , 11
http://www.everydayhealth.com/news/steps-to-overcoming-depression-from-hepatitis-c/ , 11
http://www.everydayhealth.com/news/the-cost-of-copd-and-the-affordable-care-act/ , 11
http://www.everydayhealth.com/adhd/adult-adhd-and-marriage.aspx , 11
http://www.everydayhealth.com/specialists/heart/agatston/qa/advice-on-heart-disease-prevention/index.aspx , 11
http://www.everydayhealth.com/cancer/know-the-most-common-types-of-cancer.aspx , 11
http://www.everydayhealth.com/copd/things-you-should-know-about-copd.aspx , 11
http://www.everydayhealth.com/news/why-men-get-sick-more-than-women/ , 12
http://www.everydayhealth.com/conditions/swim-to-soothe-sore-joints/ , 12
http://www.everydayhealth.com/news/is-anxiety-hereditary/ , 12
http://www.everydayhealth.com/news/hand-exercises-multiple-sclerosis/ , 12
http://www.everydayhealth.com/news/h1n1-hitting-younger-adults-hard-this-flu-season/ , 12
http://www.everydayhealth.com/news/tips-overcoming-isolation-from-multiple-sclerosis/ , 12
http://www.everydayhealth.com/news/men-get-arthritis-too/ , 12
http://www.everydayhealth.com/conditions/things-you-need-to-know-about-lubricants/ , 12
http://www.everydayhealth.com/news/should-your-adhd-child-join-a-friendship-group/ , 12
http://www.everydayhealth.com/conditions/ankylosing-spondylitis/pool-exercises-for-as/ , 12
http://www.everydayhealth.com/conditions/how-physical-therapy-helps-ankylosing-spondylitis/ , 12
http://www.everydayhealth.com/news/obamacare-best-thing-happen-people-with-adhd/ , 12
http://www.everydayhealth.com/conditions/water-exercises-for-arthritis/ , 12
http://www.everydayhealth.com/health-report/atrial-fibrillation-and-stroke.aspx , 13
http://www.everydayhealth.com/health-report/schizophrenia-caregiver-guide.aspx , 13
http://www.everydayhealth.com/health-report/exocrine-pancreatic-insufficiency.aspx , 13
http://www.everydayhealth.com/health-report/ulcerative-colitis-treatment-management.aspx , 13
http://www.everydayhealth.com/health-report/psoriasis-treatment-management.aspx , 13
http://www.everydayhealth.com/health-report/treating-ankylosing-spondylitis.aspx , 13
http://www.everydayhealth.com/health-report/psoriatic-arthritis-treatment.aspx , 13
http://www.everydayhealth.com/health-report/low-testosterone-guide.aspx , 13
http://www.everydayhealth.com/health-report/copd.aspx , 13
http://www.everydayhealth.com/health-report/crohns-disease-treatment-management.aspx , 13
http://www.everydayhealth.com/forums/arthritis.html?page=2 , 14
http://www.everydayhealth.com/forums/skin-and-beauty-1.html?page=2 , 14
http://www.everydayhealth.com/forums/condition-resource-listings.html , 14
http://www.everydayhealth.com/forums/chronic-conditions.html?page=2 , 14
http://www.everydayhealth.com/forums/skin-and-beauty-1.html , 14
http://www.everydayhealth.com/forums/arthritis.html , 14
http://www.everydayhealth.com/forums/chronic-conditions.html , 14
http://www.everydayhealth.com/forums/everyday-health-grief-and-loss.html , 14
http://www.everydayhealth.com/forums/sexual-health-1.html?page=2 , 14
http://www.everydayhealth.com/forums/sexual-health-1.html , 14
http://www.everydayhealth.com/heart-health/diagnosis.aspx , 15
http://www.everydayhealth.com/leukemia/what-is-chronic-lymphocytic-leukemia.aspx , 15
http://www.everydayhealth.com/heart-health/heart-attack.aspx , 15
http://www.everydayhealth.com/colon-cancer/colon-cancer-basics.aspx , 15
http://www.everydayhealth.com/adhd-children/family-travel-tips.aspx , 15
http://www.everydayhealth.com/pancreatic-cancer/basics.aspx , 15
http://www.everydayhealth.com/digestive-health/heartburn-and-gerd.aspx , 15
http://www.everydayhealth.com/lupus/understanding/different-types-of-lupus.aspx , 15
http://www.everydayhealth.com/copd/copd-caregiving.aspx , 15
http://www.everydayhealth.com/health-questions/atrial-fibrillation/what-is-the-normal-pt-inr-for-a-patient-who-has-atrial-fibrillation , 16
http://www.everydayhealth.com/health-questions/atrial-fibrillation/which-drugs-are-useful-for-atrial-fibrillation , 16
http://www.everydayhealth.com/health-questions/heart-disease/why-must-i-continue-taking-coumadin-if-my-atrial-fibrillation-has-been , 16
http://www.everydayhealth.com/health-questions/antidepressants/can-antidepressant-medications-make-you-fat , 16
http://www.everydayhealth.com/health-questions/atrial-fibrillation/is-there-an-alternative-treatment-to-atenolol-for-atrial-fibrillation , 16
http://www.everydayhealth.com/health-questions/arrhythmia/are-there-drugs-to-treat-arrhythmia , 16
http://www.everydayhealth.com/health-questions/high-blood-pressure/why-are-beta-blockers-prescribed-for-high-blood-pressure , 16
http://www.everydayhealth.com/health-questions/constipation/are-there-any-medications-that-i-can-take-for-constipation-during , 16
http://www.everydayhealth.com/diabetes/using-glucose-meters.aspx , 17
http://www.everydayhealth.com/diabetes/diabetes-and-sugar-substitutes.aspx , 17
http://www.everydayhealth.com/digestive-health/treatment-for-constipation.aspx , 17
http://www.everydayhealth.com/cancer/cancer-cure-hope.aspx , 17
http://www.everydayhealth.com/ulcerative-colitis/imaging-tests-for-ulcerative-colitis.aspx , 17
http://www.everydayhealth.com/ulcerative-colitis/imaging-tests-for-ulcerative-colitis.aspx?xid=RSS_Crohn's%20Disease , 17
http://www.everydayhealth.com/depression/clean-house-when-youre-depressed.aspx , 17
http://www.everydayhealth.com/colitis-specialist/colonoscopy-frequency.aspx , 18
http://www.everydayhealth.com/colitis/specialists/do-i-have-diverticulitis-or-colitis.aspx?xid=RSS_Crohn's%20Disease , 18
http://www.everydayhealth.com/colitis/specialists/do-i-have-diverticulitis-or-colitis.aspx , 18
http://www.everydayhealth.com/colitis-specialist/fistula.aspx , 18
http://www.everydayhealth.com/colitis-specialist/fistula.aspx?xid=RSS_Crohn's%20Disease , 18
http://www.everydayhealth.com/colitis-specialist/colonoscopy-frequency.aspx?xid=RSS_Crohn's%20Disease , 18
http://www.everydayhealth.com/news/few-teens-receive-hpv-shot/ , 19
http://www.everydayhealth.com/news/for-heart-attack-survivors-more-exercise-isnt-always-better/ , 19
http://www.everydayhealth.com/news/fda-approves-new-kind-of-insomnia-drug/ , 19
http://www.everydayhealth.com/news/some-jobs-harder-on-the-heart-than-others/ , 19
http://www.everydayhealth.com/news/study-links-poor-sleep-suicide-risk/ , 19
http://www.everydayhealth.com/news/syphilis-cases-climbing-among-gay-men/ , 19
http://www.everydayhealth.com/drugs/class/diuretics , 20
http://www.everydayhealth.com/drugs/class/narcotic-analgesics , 20
http://www.everydayhealth.com/drugs/class/tricyclic-antidepressants , 20
http://www.everydayhealth.com/drugs/class/antihypertensive-combinations , 20
http://www.everydayhealth.com/drugs/class/anticoagulants , 20
http://www.everydayhealth.com/sexual-health/regain-sex-drive.aspx , 21
http://www.everydayhealth.com/sexual-health/sexual-positions.aspx , 21
http://www.everydayhealth.com/pain-management/topicals.aspx , 21
http://www.everydayhealth.com/shingles/shingles-basics.aspx , 21
http://www.everydayhealth.com/cervical-cancer/basics.aspx , 21
http://www.everydayhealth.com/health-report/low-testosterone/understanding-your-diagnosis.aspx , 22
http://www.everydayhealth.com/health-report/low-testosterone/low-testosterone-and-erectile-dysfunction-advice.aspx , 22
http://www.everydayhealth.com/health-report/major-depression-resource-center/sanjay-gupta-depression-in-the-workplace.aspx , 22
http://www.everydayhealth.com/health-report/low-testosterone/how-exercise-can-help-low-testosterone.aspx , 22
http://www.everydayhealth.com/health-report/low-testosterone/health-conditions-that-cause-low-testosterone.aspx , 22
http://www.everydayhealth.com/lifestyle/healthy-recipes/ , 23
http://www.everydayhealth.com/videos/landing.aspx , 23
http://www.everydayhealth.com/lifestyle/food/ , 23
http://www.everydayhealth.com/lifestyle/beauty/ , 23
http://www.everydayhealth.com/conditions/pregnancy/ , 23
http://www.everydayhealth.com/health-report/anaphylaxis-severe-allergy-guide.aspx , 24
http://www.everydayhealth.com/health-report/asthma-management-guide.aspx , 24
http://www.everydayhealth.com/health-report/managing-cholesterol.aspx , 24
http://www.everydayhealth.com/health-report/hiv-health.aspx , 24
http://www.everydayhealth.com/health-report/bipolar-depression.aspx , 24
http://www.everydayhealth.com/health-report/healthier-living-with-copd.aspx , 25
http://www.everydayhealth.com/health-report/cs-type-2-diabetes-live-better-guide.aspx , 25
http://www.everydayhealth.com/health-report/hepatitis-c-living-well.aspx , 25
http://www.everydayhealth.com/health-report/managing-child-allergies.aspx , 25
http://www.everydayhealth.com/emotional-health/anxiety/index.aspx , 26
http://www.everydayhealth.com/hair-loss/hair-loss-basics.aspx , 26
http://www.everydayhealth.com/autoimmune-disorders/index.aspx , 26
http://www.everydayhealth.com/arthritis/inflammatory-arthritis/index.aspx , 26
http://www.everydayhealth.com/conditions/erectile-dysfunction , 27
http://www.everydayhealth.com/conditions/atrial-fibrillation , 27
http://www.everydayhealth.com/conditions/thyroid-conditions , 27
http://www.everydayhealth.com/conditions/sleep , 27
http://www.everydayhealth.com/columns/type-two-and-you/author/tbelluci/ , 28
http://www.everydayhealth.com/columns/white-seeber-grogan-the-remedy-chicks/author/bgrogan/ , 28
http://www.everydayhealth.com/columns/johannah-sakimura-nutrition-sleuth/author/johannahsakimura/ , 28
http://www.everydayhealth.com/columns/johannah-sakimura-nutrition-sleuth/author/johannahsakimura/page/2/ , 28
http://www.everydayhealth.com/health-center/digoxin-for-atrial-fibrillation.aspx , 29
http://www.everydayhealth.com/health-center/calcium-channel-blockers-for-atrial-fibrillation.aspx , 29
http://www.everydayhealth.com/health-center/beta-blockers-for-atrial-fibrillation.aspx , 29
http://www.everydayhealth.com/health-center/biologics-for-ankylosing-spondylitis.aspx , 29
http://www.everydayhealth.com/health-report/angioplasty-recovery-guide.aspx , 30
http://www.everydayhealth.com/health-report/managing-multiple-sclerosis-mind-and-body.aspx , 30
http://www.everydayhealth.com/health-report/managing-type-1-diabetes.aspx , 30
http://www.everydayhealth.com/depression/depression-in-children.aspx , 31
http://www.everydayhealth.com/psoriasis/basics.aspx , 31
http://www.everydayhealth.com/psoriatic-arthritis/basics.aspx , 31
http://www.everydayhealth.com/health-center/exercise-and-atrial-fibrillation-info.aspx , 32
http://www.everydayhealth.com/health-center/taking-care-of-yourself-while-raising-a-child-with-attention-deficit-hyperactivity-disorder-adhd-info.aspx , 32
http://www.everydayhealth.com/health-center/myths-about-preventing-heart-disease-info.aspx , 32
http://www.everydayhealth.com/columns/health-answers/takes-a-licking-keeps-on-ticking-5-heart-health-tips-from-a-cardiologist/ , 33
http://www.everydayhealth.com/columns/johannah-sakimura-nutrition-sleuth/the-myth-of-the-mediterranean-diet/ , 33
http://www.everydayhealth.com/columns/the-ra-caregiving-guide/everything-you-need-know-ra-brain-fog/ , 33
http://www.everydayhealth.com/columns/health-answers/what-you-need-know-about-blood-clots/ , 34
http://www.everydayhealth.com/columns/lynda-shrager-the-organized-caregiver/energy-saving-tips-ease-life-chronic-illness/ , 34
http://www.everydayhealth.com/columns/jared-bunch-rhythm-of-life/testosterone-replacement-safe-for-heart/ , 34
http://www.everydayhealth.com/senior-health/aging-and-health/by-the-numbers-aging-in-america.aspx , 35
http://www.everydayhealth.com/senior-health/aging-and-health/the-geriatrician-shortage-who-will-care-for-you.aspx , 35
http://www.everydayhealth.com/senior-health/aging-and-health/infographic-researching-aging-could-save-more-money-than-researching-diseases.aspx , 35
http://www.everydayhealth.com/columns/reena-pande-healthy-hearts-strong-women/page/2/ , 36
http://www.everydayhealth.com/columns/reena-pande-healthy-hearts-strong-women/ , 36
http://www.everydayhealth.com/columns/sherry-gaba-addiction-out-in-the-open/ , 36
http://www.everydayhealth.com/copd/the-lung-flute-new-copd-treatment-could-help-you-breathe-easier-4608.aspx , 37
http://www.everydayhealth.com/psoriatic-arthritis/psoriatic-arthritis-treatment.aspx , 37
http://www.everydayhealth.com/sexual-health/0523/fifty-shades-of-grey-controversy-about-the-difference-between-abuse-and-bdsm.aspx , 37
http://www.everydayhealth.com/womens-health/incontinence/index.aspx , 38
http://www.everydayhealth.com/news/common-chemicals-may-lower-testosterone-levels/ , 38
http://www.everydayhealth.com/health-center/other-conditions-with-symptoms-similar-to-atrial-fibrillation-info.aspx , 39
http://www.everydayhealth.com/health-center/impact-of-atrial-fibrillation-on-daily-life-info.aspx , 39
http://www.everydayhealth.com/cancer/cancer-and-attitudes.aspx , 40
http://www.everydayhealth.com/cancer/emotional-impact-of-cancer-diagnosis.aspx , 40
http://www.everydayhealth.com/depression/webcasts/are-you-depressed-the-link-between-depression-and-chronic-illness.aspx , 41
http://www.everydayhealth.com/adhd/webcasts/the-challenges-of-diagnosing-adhd.aspx , 41
http://www.everydayhealth.com/psoriasis-video/psoriasis-lifestyle-changes.aspx , 42
http://www.everydayhealth.com/psoriasis-video/psoriasis-causes-and-risk-factors.aspx , 42
http://www.everydayhealth.com/conditions/topical-treatments-psoriasis/ , 43
http://www.everydayhealth.com/news/migraines-can-derail-a-childs-future/ , 43
http://www.everydayhealth.com/groups/digestive-health/home , 44
http://www.everydayhealth.com/groups/add-adhd/home , 44
http://www.everydayhealth.com/publicsite/recipes/viewall.aspx?filterletter=a , 45
http://www.everydayhealth.com/publicsite/recipes/viewall.aspx?showvaluedatas=diabetic&filterletter=a , 45
http://www.everydayhealth.com/health-center/type-1-diabetes-symptoms.aspx , 46
http://www.everydayhealth.com/health-center/diverticulitis.aspx , 46
http://www.everydayhealth.com/health-report/healthy-living-with-hypothyroidism.aspx , 47
http://www.everydayhealth.com/health-report/guide-to-managing-ra.aspx , 47
http://www.everydayhealth.com/ad-policy.aspx , 48
http://www.everydayhealth.com/privacyterms/ , 48
http://www.everydayhealth.com/health-center/z.aspx , 49
http://www.everydayhealth.com/health-center/j-2.aspx , 49
http://www.everydayhealth.com/cold-flu-pictures/apps-that-help-you-fight-the-flu.aspx , 50
http://www.everydayhealth.com/cold-flu-pictures/never-get-sick-work.aspx , 50
http://www.everydayhealth.com/pictures/surprising-sex-hazards-how-avoid-them/ , 51
http://www.everydayhealth.com/pictures/ways-to-ease-unemployment-blues/ , 51
http://www.everydayhealth.com/adhd/specialists/different-symptoms-for-girls-and-women.aspx , 52
http://www.everydayhealth.com/leukemia/specialists/does-cll-trigger-abnormal-heartbeats.aspx , 52
http://www.everydayhealth.com/health-report/healthy-aging-guide.aspx , 53
http://www.everydayhealth.com/health-report/hypertension-awareness.aspx , 53
http://www.everydayhealth.com/quizzes/hepatitis-a-b-c-myths-and-facts.aspx , 54
http://www.everydayhealth.com/quizzes/do-need-antibiotics.aspx , 54
http://www.everydayhealth.com/adhd/adult-adhd/tips/take-control-of-your-life.aspx , 55
http://www.everydayhealth.com/adhd/adhd-and-discipline.aspx , 55
http://www.everydayhealth.com/symptom-checker , 56
http://www.everydayhealth.com/health-report/news/must-know-facts-about-multiple-sclerosis.aspx , 57
http://www.everydayhealth.com/groups/managing-pain/home , 58
http://www.everydayhealth.com/senior-health/seniors-get-hung-up-in-health-care-scams.aspx , 59
http://www.everydayhealth.com/health-report/crohns-disease-recipes-management.aspx , 60
http://www.everydayhealth.com/sexual-health/dr-laura-berman-sex-during-period.aspx , 61
http://www.everydayhealth.com/ankylosing-spondylitis/who-gets-ankylosing-spondylitis.aspx , 62
http://www.everydayhealth.com/health-report/multiple-sclerosis/you-have-multiple-sclerosis-the-words-that-also-change-your-childrens-lives.aspx , 63
http://www.everydayhealth.com/AdMarvel.htm?zone=/skinhairnails/psoriasis&partnerId=8be467341b9335e6&siteId=20779&adPosition=Top , 64
http://www.everydayhealth.com/quizzes/difference-between-adhd-anxiety.aspx , 65
http://www.everydayhealth.com/health-report/living-with-multiple-sclerosis.aspx , 66
http://www.everydayhealth.com/health-report/major-depression-resource-center.aspx , 67
http://www.everydayhealth.com/drugs/valsartan , 68
http://www.everydayhealth.com/pain-management/headache/index.aspx , 69
http://www.everydayhealth.com/drugs/all-drugs/ , 70
http://www.everydayhealth.com/columns/bonnie-taub-dix-nutrition-intuition/secrets-naturally-slim-people/ , 71
http://www.everydayhealth.com/pictures/gestational-diabetes-dos-donts/ , 72
http://www.everydayhealth.com/news/counting-blessings-living-without-regrets-with-multiple-sclerosis/ , 73
http://www.everydayhealth.com/crohns-disease/crohns-caregiving.aspx , 74
http://www.everydayhealth.com/heart-health/7-reasons-you-may-be-at-risk-for-atrial-fibrillation.aspx , 75
http://www.everydayhealth.com/ , 76
http://www.everydayhealth.com/drugs/all-drugs/?page=2 , 77
http://www.everydayhealth.com/health-center/atrial-fibrillation.aspx , 78
http://www.everydayhealth.com/lifestyle/healthy-living/ , 79
http://www.everydayhealth.com/kidney-cancer/kidney-cancer-basics.aspx , 80
http://www.everydayhealth.com/news/standing-tall-helgi-olafsons-life-with-ankylosing-spondylitis/ , 81
http://content.everydayhealth.com/everydayhealth/cs/v14adhdtweenquiz/widget.html , 82
http://www.everydayhealth.com/heart-health/supplements.aspx , 83
http://www.everydayhealth.com/health-report/dvt/dvt-awareness.aspx , 84
http://www.everydayhealth.com/health-center/sex-definition.aspx , 85
http://www.everydayhealth.com/health-report/sponsors.aspx , 86
http://www.everydayhealth.com/bios/ed-zimney.aspx , 87
http://www.everydayhealth.com/pictures/yoga-poses-for-arthritis-relief/ , 88
http://www.everydayhealth.com/copd/best-and-worst-states-for-copd.aspx , 89
http://www.everydayhealth.com/news/eight-ways-treat-burn-pain/ , 90
http://www.everydayhealth.com/news/psoriatic-arthritis-in-your-twenties/ , 91
http://www.everydayhealth.com/conditions/type-2-diabetes , 92
http://www.everydayhealth.com/solutions/rheumatoid-arthritis-treatment-management/ , 93
http://www.everydayhealth.com/food-pictures/ten-minute-meals-under-ten-dollars.aspx , 94
http://www.everydayhealth.com/toolkit/index.aspx , 95
http://www.everydayhealth.com/diabetes/protecting-your-eyes.aspx , 96
http://www.everydayhealth.com/hepatitis/getting-organized-to-manage-hepatitis.aspx , 97
http://www.everydayhealth.com/ovarian-cancer/ovarian-cancer-causes-and-risk-factors.aspx , 98
http://www.everydayhealth.com/health-report/type-2-diabetes-treatment-diet-exercise.aspx , 99
http://www.everydayhealth.com/infographics/mers-virus-watch/ , 100
http://www.everydayhealth.com/psoriasis/what-to-do-about-genital-psoriasis.aspx , 101
http://www.everydayhealth.com/heart-health/researchers-identify-a-new-atrial-fibrillation-risk-factor-6491.aspx , 102
http://www.everydayhealth.com/health-center/common-topics.aspx , 103
http://www.everydayhealth.com/health-report/your-daughter-and-adhd.aspx , 104
http://www.everydayhealth.com/adhd/adhd-at-work.aspx , 105
http://www.everydayhealth.com/news/how-save-rheumatoid-arthritis-medications/ , 106
http://www.everydayhealth.com/newsletter-subscriptions/ , 107
http://www.everydayhealth.com/calorie-counter.aspx , 108
http://www.everydayhealth.com/solutions/tools/hiv-health/hiv-quiz.html , 109
http://www.everydayhealth.com/columns/therese-borchard-sanity-break/whats-the-meaning-of-your-life/ , 110
http://www.everydayhealth.com/health-questions/conditions , 111
http://www.everydayhealth.com/news/dont-let-migraines-ruin-your-life/ , 112
http://www.everydayhealth.com/columns/paging-dr-gupta/how-can-you-tell-if-someones-depressed/ , 113
http://www.everydayhealth.com/newsletter-subscriptions/signup/ , 114
http://www.everydayhealth.com/cancer/life-after-cancer.aspx , 115
http://www.everydayhealth.com/conditions/copd-myths-that-can-make-you-sicker/ , 116
http://www.everydayhealth.com/quizzes/index.aspx , 117
http://www.everydayhealth.com/flu/map/ , 118
http://www.everydayhealth.com/publicsite/funnel/register.aspx , 119
http://www.everydayhealth.com/health-report/low-testosterone-pictures/how-to-combat-low-testosterone-symptoms.aspx , 120
http://www.everydayhealth.com/skin-cancer/types-of-skin-cancer.aspx , 121
http://www.everydayhealth.com/health-center/history-and-physical-exam-for-atrial-fibrillation.aspx , 122
http://www.everydayhealth.com/uterine-cancer/basics.aspx , 123
http://www.everydayhealth.com/conditions/depression , 124
http://www.everydayhealth.com/specialreport/adhd/lifestyle-factors-that-can-affect-adhd.aspx , 125
http://www.everydayhealth.com/health-center/health-professionals-who-treat-coronary-artery-disease-info.aspx , 126
http://www.everydayhealth.com/groups/ , 127
http://www.everydayhealth.com/AdMarvel.htm?zone=/skinhairnails/psoriasis&partnerId=8be467341b9335e6&siteId=20780&adPosition=Bottom , 128
http://www.everydayhealth.com/headache-migraine/migraine-pain-diagnosis.aspx , 129
http://www.everydayhealth.com/news/one-womans-kitchen-cure-digestive-disease/ , 130
http://www.everydayhealth.com/adhd/adult-adhd.aspx , 131
http://www.everydayhealth.com/health-center/heart-disease-should-i-have-bypass-surgery.aspx , 132
http://www.everydayhealth.com/food-pictures/7-ways-improve-your-health-in-60-seconds.aspx , 133
http://www.everydayhealth.com/ownyouradhd , 134
http://www.everydayhealth.com/authors/richard-liebowitz/ , 135
http://www.everydayhealth.com/columns/ , 136
http://www.everydayhealth.com/lymphoma/lymphoma-basics.aspx , 137
http://www.everydayhealth.com/conditions/womens-health , 138
http://www.everydayhealth.com/columns/health-answers/tune-up-your-heart-in-30-days/ , 139
http://www.everydayhealth.com/conditions/multiple-sclerosis , 140
http://www.everydayhealth.com/cancer/cancer-treatment-decisions.aspx , 141
http://www.everydayhealth.com/drugs/ , 142
