http://www.healthcentral.com/multiple-sclerosis/c/19065/165770/ms-complementary , 0
http://www.healthcentral.com/depression/c/4182/170790/dad-depressed , 0
http://www.healthcentral.com/asthma/c/52325/136498/eating-fat-trigger/ , 0
http://www.healthcentral.com/breast-cancer/c/78/170985/breast-pain-ways , 0
http://www.healthcentral.com/heart-disease/c/45112/105557/breakfast , 0
http://www.healthcentral.com/cold-flu/c/906496/160737/truth-antibiotics-myth/ , 0
http://www.healthcentral.com/obesity/c/276918/171038/minutes-running-years-life/ , 0
http://www.healthcentral.com/autism/c/656089/137484/visit-questions , 0
http://www.healthcentral.com/multiple-sclerosis/c/255251/169387/option-people-ms/ , 0
http://www.healthcentral.com/autism/c/656089/137484/visit-questions/ , 0
http://www.healthcentral.com/obesity/c/276918/170865/avoiding-vacation-weight/ , 0
http://www.healthcentral.com/diet-exercise/c/59238/169610/gaining-menopause , 0
http://www.healthcentral.com/obesity/c/59238/169946/latest-obesity-headlines , 0
http://www.healthcentral.com/heart-disease/c/45112/113376/motivation/ , 0
http://www.healthcentral.com/sexual-health/c/1443/168293/managing-hepatitis , 0
http://www.healthcentral.com/asthma/c/58313/76509/asthma-medication/ , 0
http://www.healthcentral.com/migraine/c/123/170902/migraine-suggestion-injection/ , 0
http://www.healthcentral.com/sexual-health/c/906496/168337/myth-fact-hepatitis , 0
http://www.healthcentral.com/rheumatoid-arthritis/c/80106/164355/10-questions-ra , 0
http://www.healthcentral.com/autism/c/656089/137474/autism-gravity , 0
http://www.healthcentral.com/autism/c/656089/137471/autistic-kids , 0
http://www.healthcentral.com/autism/c/353552/137666/community-share/ , 0
http://www.healthcentral.com/autism/c/656089/137478/autism-art-window , 0
http://www.healthcentral.com/bipolar/c/15/171035/robin-williams-laughter-died , 0
http://www.healthcentral.com/heart-disease/c/45112/106676/soda-taxed , 0
http://www.healthcentral.com/copd/c/11407/170038/understanding-copd-doctor/ , 0
http://www.healthcentral.com/autism/c/656089/137472/announces-funding/ , 0
http://www.healthcentral.com/obesity/c/59238/169946/latest-obesity-headlines/ , 0
http://www.healthcentral.com/asthma/c/58313/154307/control-survival/ , 0
http://www.healthcentral.com/heart-disease/c/45112/103401/questions , 0
http://www.healthcentral.com/anxiety/c/4182/139356/understanding/ , 0
http://www.healthcentral.com/autism/c/656089/137410/beliefs-research/ , 0
http://www.healthcentral.com/cold-flu/c/3989/169552/eastern-respiratory-syndrome/ , 0
http://www.healthcentral.com/sexual-health/c/906496/168337/myth-fact-hepatitis/ , 0
http://www.healthcentral.com/diet-exercise/c/59238/169926/improve-key-questions/ , 0
http://www.healthcentral.com/migraine/c/11407/167630/migraine-treatment-options/ , 0
http://www.healthcentral.com/autism/c/656089/137473/autism-research/ , 0
http://www.healthcentral.com/cholesterol/c/42538/161996/inflammatory-diet-health , 0
http://www.healthcentral.com/diet-exercise/c/59238/169610/gaining-menopause/ , 0
http://www.healthcentral.com/asthma/c/58313/76509/asthma-medication , 0
http://www.healthcentral.com/multiple-sclerosis/c/19065/164360/report-relapses , 0
http://www.healthcentral.com/autism/c/84292/137686/max-introduction , 0
http://www.healthcentral.com/obesity/c/276918/170685/unemployment-linked-obesity/ , 0
http://www.healthcentral.com/autism/c/84292/137686/max-introduction/ , 0
http://www.healthcentral.com/bipolar/c/15/170915/buddhism-mainstream-practical , 0
http://www.healthcentral.com/breast-cancer/c/78/169709/oil-prevent-breast-cancer , 0
http://www.healthcentral.com/diet-exercise/c/59238/169911/options-school-lunches/ , 0
http://www.healthcentral.com/obesity/c/59238/169928/risk-food-addiction/ , 0
http://www.healthcentral.com/breast-cancer/c/78/169383/research-roundup-cancer , 0
http://www.healthcentral.com/sexual-health/c/906496/168707/hepatitis-8-things/ , 0
http://www.healthcentral.com/anxiety/c/4182/170989/ocd-men-anxiety-depression , 0
http://www.healthcentral.com/multiple-sclerosis/c/19065/167422/identifying-ms , 0
http://www.healthcentral.com/breast-cancer/c/78/170428/maintaining-healthy-40s/ , 0
http://www.healthcentral.com/autism/c/656089/137480/autism-diagnosis/ , 0
http://www.healthcentral.com/cold-flu/c/3989/170829/borne-initially-masquerading/ , 0
http://www.healthcentral.com/asthma/c/58313/154307/control-survival , 0
http://www.healthcentral.com/anxiety/c/4182/170980/sleep-anxiety-depression , 0
http://www.healthcentral.com/heart-disease/c/45112/112239/overweight/ , 0
http://www.healthcentral.com/autism/c/656089/137470/communication/ , 0
http://www.healthcentral.com/autism/c/656089/137479/return-tms-lab , 0
http://www.healthcentral.com/breast-cancer/c/78/170145/banishing-stigma-cancer , 0
http://www.healthcentral.com/anxiety/c/4182/139356/understanding , 0
http://www.healthcentral.com/cholesterol/c/42538/159989/educating-behaviors-risk/ , 0
http://www.healthcentral.com/autism/c/656089/137475/brain-plasticity , 0
http://www.healthcentral.com/depression/c/4182/170944/depression-helper , 0
http://www.healthcentral.com/bipolar/c/15/170963/bipolar-dilemma , 0
http://www.healthcentral.com/breast-cancer/c/78/171096/underarm-lump-ways , 0
http://www.healthcentral.com/cold-flu/c/215658/168191/public-transit-making-sick/ , 0
http://www.healthcentral.com/ibd/c/8534/133725/crohn-disease-symptoms/ , 0
http://www.healthcentral.com/skin-care/c/1443/147015/stress-psoriasis , 0
http://www.healthcentral.com/anxiety/c/4182/171119/hotspots-anxiety-disorders , 0
http://www.healthcentral.com/cholesterol/c/7986/17940/myths-facts/ , 0
http://www.healthcentral.com/depression/c/674/170562/myths-male-depression/ , 0
http://www.healthcentral.com/asthma/c/52325/136498/eating-fat-trigger , 0
http://www.healthcentral.com/heart-disease/c/45112/106676/soda-taxed/ , 0
http://www.healthcentral.com/asthma/c/58313/89474/asthma-checklist/ , 0
http://www.healthcentral.com/heart-disease/c/45112/110867/5-celebrity , 0
http://www.healthcentral.com/sexual-health/c/906496/167772/hepatitis-treatments , 0
http://www.healthcentral.com/heart-disease/c/45112/109269/insurance , 0
http://www.healthcentral.com/migraine/c/123/170902/migraine-suggestion-injection , 0
http://www.healthcentral.com/alzheimers/c/62/170686/alzheimer-lifestyle-related , 0
http://www.healthcentral.com/epilepsy/c/67813/169316/epilepsy-mood-sleep , 0
http://www.healthcentral.com/sexual-health/c/906496/167804/boomers-healthcentral/ , 0
http://www.healthcentral.com/asthma/c/58313/89474/asthma-checklist , 0
http://www.healthcentral.com/autism/c/656089/137482/summary-tms-posts/ , 0
http://www.healthcentral.com/alzheimers/c/62/170686/alzheimer-lifestyle-related/ , 0
http://www.healthcentral.com/copd/c/962/169281/chronic-understanding-differences/ , 0
http://www.healthcentral.com/heart-disease/c/45112/109269/insurance/ , 0
http://www.healthcentral.com/ibd/c/2623/160051/ibd-friendly-recipes/ , 0
http://www.healthcentral.com/heart-disease/c/45112/103401/questions/ , 0
http://www.healthcentral.com/diet-exercise/c/59238/169453/good-healthy-memorial/ , 0
http://www.healthcentral.com/heart-disease/c/45112/113376/motivation , 0
http://www.healthcentral.com/rheumatoid-arthritis/c/80106/159268/ra/ , 0
http://www.healthcentral.com/multiple-sclerosis/c/255251/169387/option-people-ms , 0
http://www.healthcentral.com/multiple-sclerosis/c/19065/165767/risk-necessarily , 0
http://www.healthcentral.com/autism/c/656089/137474/autism-gravity/ , 0
http://www.healthcentral.com/asthma/c/58313/98419/asthma-holidays/ , 0
http://www.healthcentral.com/autism/c/656089/137471/autistic-kids/ , 0
http://www.healthcentral.com/breast-cancer/c/78/170004/progress-research-roundup , 0
http://www.healthcentral.com/heart-disease/c/45112/110867/5-celebrity/ , 0
http://www.healthcentral.com/multiple-sclerosis/c/255251/168135/ms-workplace , 0
http://www.healthcentral.com/autism/c/656089/137470/communication , 0
http://www.healthcentral.com/autism/c/656089/137478/autism-art-window/ , 0
http://www.healthcentral.com/breast-cancer/c/78/170004/progress-research-roundup/ , 0
http://www.healthcentral.com/skin-care/c/67813/164421/psoriasis-treatment-green/ , 0
http://www.healthcentral.com/breast-cancer/c/78/169383/research-roundup-cancer/ , 0
http://www.healthcentral.com/heart-disease/c/45112/112239/overweight , 0
http://www.healthcentral.com/adhd/c/1443/171133/school-college-student-organized , 0
http://www.healthcentral.com/autism/c/656089/137480/autism-diagnosis , 0
http://www.healthcentral.com/cholesterol/c/42538/161082/types-rice-heart-health/ , 0
http://www.healthcentral.com/breast-cancer/c/78/170428/maintaining-healthy-40s , 0
http://www.healthcentral.com/diet-exercise/c/59238/169926/improve-key-questions , 0
http://www.healthcentral.com/depression/c/4182/171037/men-expression-depression , 0
http://www.healthcentral.com/autism/c/656089/137479/return-tms-lab/ , 0
http://www.healthcentral.com/multiple-sclerosis/c/255251/166713/ms-healthcentra , 0
http://www.healthcentral.com/cholesterol/c/42538/161082/types-rice-heart-health , 0
http://www.healthcentral.com/asthma/c/58313/98419/asthma-holidays , 0
http://www.healthcentral.com/autism/c/656089/137475/brain-plasticity/ , 0
http://www.healthcentral.com/rheumatoid-arthritis/c/80106/164355/10-questions-ra/ , 0
http://www.healthcentral.com/diet-exercise/c/59238/169453/good-healthy-memorial , 0
http://www.healthcentral.com/obesity/c/59238/169928/risk-food-addiction , 0
http://www.healthcentral.com/cholesterol/c/42538/162638/middle-high-cholesterol/ , 0
http://www.healthcentral.com/asthma/c/58313/158298/asthma-controlled/ , 0
http://www.healthcentral.com/depression/c/4182/171118/depression-powerlessness , 0
http://www.healthcentral.com/skin-cancer/c/1443/171058/viagra-increase-cancer , 0
http://www.healthcentral.com/adhd/c/1443/171010/preparing-back-school , 0
http://www.healthcentral.com/autism/c/656089/137472/announces-funding , 0
http://www.healthcentral.com/heart-disease/c/45112/105557/breakfast/ , 0
http://www.healthcentral.com/autism/c/353552/137666/community-share , 0
http://www.healthcentral.com/breast-cancer/c/78/170749/eating-10-healthy-breasts , 0
http://www.healthcentral.com/obesity/c/276918/170863/fail-avoiding-carrot-stick/ , 0
http://www.healthcentral.com/autism/c/656089/137482/summary-tms-posts , 0
http://www.healthcentral.com/diet-exercise/c/59238/169911/options-school-lunches , 0
http://www.healthcentral.com/heart-disease/c/45112/109183/patients , 0
http://www.healthcentral.com/autism/c/656089/137410/beliefs-research , 0
http://www.healthcentral.com/autism/c/656089/137473/autism-research , 0
http://www.healthcentral.com/sexual-health/c/906496/168720/talking-hepatitis/ , 0
http://www.healthcentral.com/cholesterol/c/42538/159989/educating-behaviors-risk , 0
http://www.healthcentral.com/cholesterol/c/42538/161996/inflammatory-diet-health/ , 0
http://www.healthcentral.com/multiple-sclerosis/c/255251/167617/ms-healthcentral , 0
http://www.healthcentral.com/heart-disease/c/45112/114816/confirmed , 0
http://www.healthcentral.com/anxiety/c/4182/170905/overcoming-worry-anxiety , 0
http://www.healthcentral.com/depression/c/4182/171043/thinking-therapy-questions , 0
http://www.healthcentral.com/multiple-sclerosis/c/19065/167422/identifying-ms/ , 0
http://www.healthcentral.com/asthma/c/58313/158298/asthma-controlled , 0
http://www.healthcentral.com/heart-disease/c/45112/114816/confirmed/ , 0
http://www.healthcentral.com/anxiety/c/4182/171099/anxiety-interpretations , 0
http://www.healthcentral.com/acid-reflux/r/medications/acid-controller-oral-93217 , 1
http://www.healthcentral.com/acid-reflux/r/medications/antacid-oral-76860 , 1
http://www.healthcentral.com/acid-reflux/r/medications/aluminum-hydroxide-gel-oral-4135 , 1
http://www.healthcentral.com/depression/r/medications/trazodone-oral-11188/uses , 1
http://www.healthcentral.com/adhd/r/medications/ritalin-oral-9475 , 1
http://www.healthcentral.com/adhd/r/medications/vyvanse-oral-148324 , 1
http://www.healthcentral.com/acid-reflux/r/medications/acid-control-oral-145868 , 1
http://www.healthcentral.com/acid-reflux/r/medications/antacid-antigas-ii-oral-56568 , 1
http://www.healthcentral.com/acid-reflux/r/medications/antacid-simethicone-ds-oral-16048 , 1
http://www.healthcentral.com/adhd/r/medications/procentra-oral-151914 , 1
http://www.healthcentral.com/acid-reflux/r/medications/axid-oral-9014 , 1
http://www.healthcentral.com/acid-reflux/r/medications/acid-controller-complete-oral-154591 , 1
http://www.healthcentral.com/adhd/r/medications/amphetamine-salt-combo-oral-32556 , 1
http://www.healthcentral.com/adhd/r/medications/dextroamphetamine-oral-1636 , 1
http://www.healthcentral.com/adhd/r/medications/methylphenidate-td-144064 , 1
http://www.healthcentral.com/adhd/r/medications/strattera-oral-64629 , 1
http://www.healthcentral.com/acid-reflux/r/medications/alum-mag-hydroxide-simeth-oral-935 , 1
http://www.healthcentral.com/acid-reflux/r/medications/axid-ar-oral-13703 , 1
http://www.healthcentral.com/acid-reflux/r/medications/antacid-ultra-strength-oral-16776 , 1
http://www.healthcentral.com/acid-reflux/r/medications/antacid-antigas-oral-157744 , 1
http://www.healthcentral.com/adhd/r/medications/focalin-xr-oral-93487 , 1
http://www.healthcentral.com/adhd/r/medications/metadate-cd-oral-20820 , 1
http://www.healthcentral.com/adhd/r/medications/dexmethylphenidate-oral-22251 , 1
http://www.healthcentral.com/adhd/r/medications/methamphetamine-oral-8676 , 1
http://www.healthcentral.com/adhd/r/medications/ritalin-sr-oral-9767 , 1
http://www.healthcentral.com/acid-reflux/r/medications/aluminum-magnesium-hydroxide-oral-3592 , 1
http://www.healthcentral.com/adhd/r/medications/kapvay-oral-155086 , 1
http://www.healthcentral.com/acid-reflux/r/medications/antacid-anti-gas-double-str-oral-56579 , 1
http://www.healthcentral.com/acid-reflux/r/medications/antacid-oral-1765 , 1
http://www.healthcentral.com/acid-reflux/r/medications/antacid-extra-strength-oral-15807 , 1
http://www.healthcentral.com/adhd/r/medications/focalin-oral-22256 , 1
http://www.healthcentral.com/acid-reflux/r/medications/zantac-oral-4090 , 1
http://www.healthcentral.com/adhd/r/medications/atomoxetine-oral-64481 , 1
http://www.healthcentral.com/acid-reflux/r/medications/almacone-mlt-oral-14969 , 1
http://www.healthcentral.com/acid-reflux/r/medications/antacid-ii-simethicone-oral-56561 , 1
http://www.healthcentral.com/adhd/r/medications/daytrana-td-144192 , 1
http://www.healthcentral.com/acid-reflux/r/medications/antacid-liquid-oral-5856 , 1
http://www.healthcentral.com/acid-reflux/r/medications/antacid-anti-gas-oral-15806 , 1
http://www.healthcentral.com/adhd/r/medications/intuniv-er-oral-152956 , 1
http://www.healthcentral.com/acid-reflux/r/medications/antacid-anti-gas-oral-511 , 1
http://www.healthcentral.com/acid-reflux/r/medications/nexium-oral-20536 , 1
http://www.healthcentral.com/acid-reflux/r/medications/antacid-maximum-strength-oral-16414 , 1
http://www.healthcentral.com/acid-reflux/r/medications/calcium-carbonate-simethicone-oral-10421 , 1
http://www.healthcentral.com/acid-reflux/r/medications/acid-reducer-cimetidine-oral-153188 , 1
http://www.healthcentral.com/adhd/r/medications/ritalin-la-oral-63748 , 1
http://www.healthcentral.com/acid-reflux/r/medications/antacid-oral-3805 , 1
http://www.healthcentral.com/acid-reflux/r/medications/almacone-oral-1536 , 1
http://www.healthcentral.com/acid-reflux/r/medications/cal-gest-antacid-oral-9044 , 1
http://www.healthcentral.com/acid-reflux/r/medications/aluminum-hydrox-magnesium-carb-oral-3806 , 1
http://www.healthcentral.com/adhd/r/medications/concerta-oral-19857 , 1
http://www.healthcentral.com/acid-reflux/r/medications/antacid-simethicone-oral-7176 , 1
http://www.healthcentral.com/adhd/r/medications/methylphenidate-oral-12114 , 1
http://www.healthcentral.com/acid-reflux/r/medications/alamag-oral-15535 , 1
http://www.healthcentral.com/adhd/r/medications/dexedrine-spansule-oral-89051 , 1
http://www.healthcentral.com/adhd/r/medications/amphetamine-dextroamphetamine-oral-3670 , 1
http://www.healthcentral.com/acid-reflux/r/medications/antacid-extra-strength-oral-1047 , 1
http://www.healthcentral.com/acid-reflux/r/medications/alamag-oral-56501 , 1
http://www.healthcentral.com/acid-reflux/r/medications/antacid-extra-strength-oral-753 , 1
http://www.healthcentral.com/acid-reflux/r/medications/aciphex-oral-17511 , 1
http://www.healthcentral.com/adhd/r/medications/methylin-oral-16869 , 1
http://www.healthcentral.com/acid-reflux/r/medications/acid-reducer-ranitidine-oral-153190 , 1
http://www.healthcentral.com/adhd/r/medications/desoxyn-oral-9124 , 1
http://www.healthcentral.com/adhd/r/medications/lisdexamfetamine-oral-147664 , 1
http://www.healthcentral.com/acid-reflux/r/medications/antacid-simethicone-oral-56489 , 1
http://www.healthcentral.com/acid-reflux/r/medications/acid-relief-oral-4709 , 1
http://www.healthcentral.com/acid-reflux/r/medications/almacone-2-oral-56552 , 1
http://www.healthcentral.com/acid-reflux/r/medications/calcium-antacid-tropical-oral-21191 , 1
http://www.healthcentral.com/acid-reflux/r/medications/acid-reducer-famotidine-oral-153189 , 1
http://www.healthcentral.com/adhd/r/medications/adderall-xr-oral-63164 , 1
http://www.healthcentral.com/acid-reflux/r/medications/prevacid-oral-11454 , 1
http://www.healthcentral.com/acid-reflux/r/medications/alcalak-oral-17652 , 1
http://www.healthcentral.com/acid-reflux/r/medications/antacid-regular-strength-oral-22235 , 1
http://www.healthcentral.com/adhd/r/medications/adderall-oral-63163 , 1
http://www.healthcentral.com/acid-reflux/r/medications/acid-reducer-complete-famot-oral-154548 , 1
http://www.healthcentral.com/adhd/r/medications/metadate-er-oral-17876 , 1
http://www.healthcentral.com/acid-reflux/r/medications/calcium-antacid-ultra-max-st-oral-16392 , 1
http://www.healthcentral.com/adhd/r/medications/clonidine-oral-11754 , 1
http://www.healthcentral.com/acid-reflux/r/medications/acid-oral-15213 , 1
http://www.healthcentral.com/acid-reflux/c/general/caring-for-children/feeding , 2
http://www.healthcentral.com/depression/c/general/treatment/alternative-treatments , 2
http://www.healthcentral.com/adhd/c/general/related-conditions/bipolar , 2
http://www.healthcentral.com/acid-reflux/c/general/diagnosis/barretts-esophagus , 2
http://www.healthcentral.com/acid-reflux/c/general/caring-for-children/child , 2
http://www.healthcentral.com/acid-reflux/c/general/living-with/cooking , 2
http://www.healthcentral.com/adhd/c/general/living-with/exercise , 2
http://www.healthcentral.com/adhd/c/general/living-with/time-management , 2
http://www.healthcentral.com/adhd/c/general/introduction/glossary , 2
http://www.healthcentral.com/acid-reflux/c/general/living-with/dining-out , 2
http://www.healthcentral.com/adhd/c/general/parenting/discipline , 2
http://www.healthcentral.com/adhd/c/general/parenting/vacations , 2
http://www.healthcentral.com/adhd/c/general/living-with/parenting , 2
http://www.healthcentral.com/adhd/c/general/treatment/coaching , 2
http://www.healthcentral.com/adhd/c/general/parenting/working-with-teachers , 2
http://www.healthcentral.com/adhd/c/general/living-with/costs-and-insurance , 2
http://www.healthcentral.com/adhd/c/general/living-with/organization-at-work , 2
http://www.healthcentral.com/acid-reflux/c/general/living-with/work , 2
http://www.healthcentral.com/depression/c/general/related-conditions/adhd , 2
http://www.healthcentral.com/adhd/c/general/parenting/eating-disorders , 2
http://www.healthcentral.com/adhd/c/general/living-with/rights-at-work , 2
http://www.healthcentral.com/acid-reflux/c/general/living-with/sleep , 2
http://www.healthcentral.com/acid-reflux/c/general/diagnosis/ph-monitor-examination , 2
http://www.healthcentral.com/adhd/c/general/living-with/controlling-impulses , 2
http://www.healthcentral.com/adhd/c/general/parenting/in-school , 2
http://www.healthcentral.com/adhd/c/general/parenting/social-skills , 2
http://www.healthcentral.com/acid-reflux/c/general/living-with/exercise , 2
http://www.healthcentral.com/adhd/c/general/introduction/adhd-in-adults , 2
http://www.healthcentral.com/adhd/c/general/introduction/symptoms , 2
http://www.healthcentral.com/adhd/c/general/diagnosis/when-to-see-a-doctor , 2
http://www.healthcentral.com/adhd/c/general/related-conditions/autism , 2
http://www.healthcentral.com/adhd/c/general/treatment/alternative-treatments , 2
http://www.healthcentral.com/adhd/c/general/introduction/what-is-adhd , 2
http://www.healthcentral.com/acid-reflux/c/general/diagnosis/barium-swallow-radiograph , 2
http://www.healthcentral.com/adhd/c/general/diagnosis/complications-in-diagnosis , 2
http://www.healthcentral.com/adhd/c/general/living-with/diet , 2
http://www.healthcentral.com/acid-reflux/c/general/caring-for-children/infant , 2
http://www.healthcentral.com/adhd/c/general/treatment/medication , 2
http://www.healthcentral.com/adhd/c/general/parenting/sleep-problems , 2
http://www.healthcentral.com/adhd/c/general/diagnosis/adhd-tests , 2
http://www.healthcentral.com/depression/c/general/living-with/coping-at-work , 2
http://www.healthcentral.com/acid-reflux/c/general/diagnosis/capsule-endoscopy , 2
http://www.healthcentral.com/adhd/c/general/diagnosis/just-diagnosed-children , 2
http://www.healthcentral.com/depression/c/general/introduction/causes , 2
http://www.healthcentral.com/acid-reflux/c/general/introduction/how-long-will-i-have-it , 2
http://www.healthcentral.com/adhd/c/general/related-conditions/anxiety , 2
http://www.healthcentral.com/adhd/c/general/living-with/organization-at-home , 2
http://www.healthcentral.com/adhd/c/general/parenting/teenagers , 2
http://www.healthcentral.com/acid-reflux/c/general/diagnosis/upper-endoscopy , 2
http://www.healthcentral.com/adhd/c/general/introduction/am-i-at-risk , 2
http://www.healthcentral.com/adhd/c/general/living-with/relationships , 2
http://www.healthcentral.com/adhd/c/general/diagnosis/just-diagnosed-adults , 2
http://www.healthcentral.com/adhd/c/general/related-conditions/depression , 2
http://www.healthcentral.com/acid-reflux/c/general/treatment/stretta-endoscopic-procedure , 2
http://www.healthcentral.com/acid-reflux/c/general/living-with/diet , 2
http://www.healthcentral.com/adhd/c/general/related-conditions/oppositional-defiance-disorder , 2
http://www.healthcentral.com/adhd/c/general/parenting/daily-life , 2
http://www.healthcentral.com/adhd/c/general/parenting/education-accommodations , 2
http://www.healthcentral.com/migraine/cf/slideshows/10-ways-for-migraineurs-to-sneak-in-some-exercise , 3
http://www.healthcentral.com/copd/cf/slideshows/5-new-developments-in-asthma-copd-research , 3
http://www.healthcentral.com/anxiety/cf/slideshows/10-things-you-need-to-know-about-anxiety-medication , 3
http://www.healthcentral.com/copd/cf/slideshows/how-eat-healthy-copd , 3
http://www.healthcentral.com/ibd/cf/slideshows/10-questions-ask-your-doctor-about-crohns-disease , 3
http://www.healthcentral.com/cold-flu/cf/slideshows/10-facts-about-treating-the-common-cold , 3
http://www.healthcentral.com/cold-flu/cf/slideshows/7-everyday-items-you-should-avoid-sharing , 3
http://www.healthcentral.com/cold-flu/cf/slideshows/10-ways-to-prep-for-cold-and-flu-season-now , 3
http://www.healthcentral.com/sexual-health/cf/slideshows/5-ways-talk-loved-ones-about-hepatitis-c , 3
http://www.healthcentral.com/depression/cf/slideshows/7-tips-to-overcome-post-vacation-depression , 3
http://www.healthcentral.com/copd/cf/slideshows/8-ways-to-improve-quality-of-life-with-copd , 3
http://www.healthcentral.com/skin-cancer/cf/slideshows/10-sunscreen-mistakes-you%E2%80%99re-probably-making , 3
http://www.healthcentral.com/skin-cancer/cf/slideshows/how-to-choose-and-use-a-sunscreen , 3
http://www.healthcentral.com/cholesterol/cf/slideshows/organic-foods-to-buy , 3
http://www.healthcentral.com/multiple-sclerosis/cf/slideshows/8-ways-manage-fatigue-ms , 3
http://www.healthcentral.com/obesity/cf/slideshows/seven-myths-about-obesity , 3
http://www.healthcentral.com/migraine/cf/slideshows/6-epilepsy-myths-1 , 3
http://www.healthcentral.com/copd/cf/slideshows/6-tips-traveling-copd , 3
http://www.healthcentral.com/multiple-sclerosis/cf/slideshows/8-ways-reduce-stress-ms , 3
http://www.healthcentral.com/diet-exercise/cf/slideshows/10-weight-loss-rants , 3
http://www.healthcentral.com/sexual-health/cf/slideshows/timeline-hepatitis-c , 3
http://www.healthcentral.com/cold-flu/cf/slideshows/6-tips-to-avoid-the-office-cold , 3
http://www.healthcentral.com/sexual-health/cf/slideshows/6-facts-about-progression-hepatitis-c , 3
http://www.healthcentral.com/obesity/cf/slideshows/8-ways-fight-childhood-obesity , 3
http://www.healthcentral.com/cholesterol/cf/slideshows/8-foods-that-lower-cholesterol , 3
http://www.healthcentral.com/migraine/cf/slideshows/five-causes-epilepsy , 3
http://www.healthcentral.com/sexual-health/cf/slideshows/6-facts-about-sex-and-hepatitis-c , 3
http://www.healthcentral.com/alzheimers/cf/slideshows/the-history-of-alzheimer-s-disease , 3
http://www.healthcentral.com/asthma/cf/slideshows/why-humidity-and-cold-air-trigger-asthma , 3
http://www.healthcentral.com/migraine/cf/slideshows/12-tips-for-living-well-with-migraines , 3
http://www.healthcentral.com/epilepsy/d/slideshows/8-tips-epilepsy-caregivers , 3
http://www.healthcentral.com/cholesterol/cf/slideshows/checklist-to-lower-your-cholesterol , 3
http://www.healthcentral.com/prostate/cf/slideshows/8-reasons-to-love-your-dog , 3
http://www.healthcentral.com/copd/cf/slideshows/10-signs-you-may-have-copd-flare , 3
http://www.healthcentral.com/diet-exercise/cf/slideshows/top-10-powerhouse-vegetables , 3
http://www.healthcentral.com/copd/cf/slideshows/5-things-know-about-e-cigarettes , 3
http://www.healthcentral.com/cold-flu/cf/slideshows/10-tips-prevent-food-poisoning , 3
http://www.healthcentral.com/alzheimers/cf/slideshows/10-summer-mini-vacations-caregivers-who-cant-get-away , 3
http://www.healthcentral.com/diet-exercise/cf/slideshows/8-foods-eat-healthy-teeth , 3
http://www.healthcentral.com/cholesterol/cf/slideshows/5-facts-about-table-sugar-and-high-fructose-corn-syrup , 3
http://www.healthcentral.com/sexual-health/cf/slideshows/8-ways-prevent-spread-hepatitis-c , 3
http://www.healthcentral.com/diet-exercise/cf/slideshows/10-ways-stay-shape-vacation , 3
http://www.healthcentral.com/skin-care/cf/slideshows/11-skin-care-tips-for-athletes , 3
http://www.healthcentral.com/multiple-sclerosis/cf/slideshows/7-stretches-and-exercises-improve-balance-ms , 3
http://www.healthcentral.com/cold-flu/cf/slideshows/8-tips-food-and-water-safety-international-travelers , 3
http://www.healthcentral.com/sexual-health/cf/slideshows/8-myths-about-hepatitis-c , 3
http://www.healthcentral.com/skin-care/cf/slideshows/8-things-i-wish-i-d-known-about-psoriasis , 3
http://www.healthcentral.com/skin-care/cf/slideshows/top-10-ways-to-live-with-psoriasis , 3
http://www.healthcentral.com/cold-flu/cf/slideshows/5-things-with-unexpected-germ-killing-power , 3
http://www.healthcentral.com/copd/cf/slideshows/5-signs-you-need-go-er-your-copd , 3
http://www.healthcentral.com/sexual-health/cf/slideshows/6-hepatitis-c-terms-you-should-know , 3
http://www.healthcentral.com/obesity/cf/slideshows/8-foods-you-never-knew-had-sugar-them , 3
http://www.healthcentral.com/obesity/cf/slideshows/6-things-you-think-you-know-about-weight-loss-but-don-t , 3
http://www.healthcentral.com/cholesterol/cf/slideshows/8-restaurant-meals-that-are-bad-for-your-heart , 3
http://www.healthcentral.com/asthma/cf/slideshows/5-ways-pets-influence-your-health , 3
http://www.healthcentral.com/skin-care/cf/slideshows/6-conditions-linked-to-psoriasis , 3
http://www.healthcentral.com/skin-care/cf/slideshows/top-10-ways-live-psoriasis , 3
http://www.healthcentral.com/bipolar/c/role/1 , 4
http://www.healthcentral.com/rheumatoid-arthritis/c/role/3 , 4
http://www.healthcentral.com/schizophrenia/c/role/5 , 4
http://www.healthcentral.com/cholesterol/c/membership/2 , 4
http://www.healthcentral.com/sexual-health/c/role/5 , 4
http://www.healthcentral.com/adhd/c/all , 4
http://www.healthcentral.com/chronic-pain/c/role/1 , 4
http://www.healthcentral.com/menopause/c/role/5 , 4
http://www.healthcentral.com/diet-exercise/c/all , 4
http://www.healthcentral.com/diet-exercise/c/membership/2 , 4
http://www.healthcentral.com/chronic-pain/c/role/5 , 4
http://www.healthcentral.com/copd/c/all , 4
http://www.healthcentral.com/cholesterol/c/role/5 , 4
http://www.healthcentral.com/diabetes/c/role/1 , 4
http://www.healthcentral.com/breast-cancer/c/role/2 , 4
http://www.healthcentral.com/osteoporosis/c/role/5 , 4
http://www.healthcentral.com/heart-disease/c/role/6 , 4
http://www.healthcentral.com/adhd/c/membership/2 , 4
http://www.healthcentral.com/bipolar/c/role/3 , 4
http://www.healthcentral.com/genital-herpes/c/role/5 , 4
http://www.healthcentral.com/anxiety/c/role/1 , 4
http://www.healthcentral.com/sleep-disorders/c/membership/2 , 4
http://www.healthcentral.com/sleep-disorders/c/all , 4
http://www.healthcentral.com/depression/c/role/5 , 4
http://www.healthcentral.com/skin-care/c/role/5 , 4
http://www.healthcentral.com/cold-flu/c/all , 4
http://www.healthcentral.com/diet-exercise/c/role/6 , 4
http://www.healthcentral.com/depression/c/role/1 , 4
http://www.healthcentral.com/adhd/c/role/5 , 4
http://www.healthcentral.com/acid-reflux/c/all , 4
http://www.healthcentral.com/obesity/c/role/6 , 4
http://www.healthcentral.com/skin-cancer/c/role/5 , 4
http://www.healthcentral.com/acid-reflux/c/membership/2 , 4
http://www.healthcentral.com/obesity/c/role/5 , 4
http://www.healthcentral.com/osteoarthritis/c/role/1 , 4
http://www.healthcentral.com/diabetes/c/role/6 , 4
http://www.healthcentral.com/cholesterol/c/all , 4
http://www.healthcentral.com/asthma/c/role/6 , 4
http://www.healthcentral.com/migraine/c/role/1 , 4
http://www.healthcentral.com/anxiety/c/role/5 , 4
http://www.healthcentral.com/diet-exercise/c/role/5 , 4
http://www.healthcentral.com/adhd/c/role/3 , 4
http://www.healthcentral.com/diabetes/c/17/170713/trouble-protein-diabetes/ , 5
http://www.healthcentral.com/bipolar/c/15/170770/lives-night-sky-ruminations , 5
http://www.healthcentral.com/bipolar/c/15/170615/peak-experiences/ , 5
http://www.healthcentral.com/bipolar/c/15/170879/relationships-reassuring-normal , 5
http://www.healthcentral.com/diabetes/c/17/170946/3-reasons-people-diabetes-jog , 5
http://www.healthcentral.com/autism/c/1443/170949/children-outgrow-autism/ , 5
http://www.healthcentral.com/skin-cancer/c/1443/170957/child-school-sun-smart , 5
http://www.healthcentral.com/diabetes/c/17/170344/exercise-people-diabetes , 5
http://www.healthcentral.com/bipolar/c/15/170753/helping-bipolar-begins-reality/ , 5
http://www.healthcentral.com/bipolar/c/15/171136/robin-williams-truth , 5
http://www.healthcentral.com/diabetes/c/17/170674/great-yogurts-people-diabetes/ , 5
http://www.healthcentral.com/diabetes/c/17/170434/reasons-diabetes-organic-food , 5
http://www.healthcentral.com/diabetes/c/17/171078/mindful-diabetes-stress-a1c , 5
http://www.healthcentral.com/diabetes/c/17/170344/exercise-people-diabetes/ , 5
http://www.healthcentral.com/depression/c/15/170772/antidepressant-short-answer/ , 5
http://www.healthcentral.com/diabetes/c/17/170811/dreamfields-people-diabetes/ , 5
http://www.healthcentral.com/diabetes/c/17/170811/dreamfields-people-diabetes , 5
http://www.healthcentral.com/autism/c/84292/137688/message/ , 5
http://www.healthcentral.com/alzheimers/c/62/166420/fish-preserve-brain-cells/ , 5
http://www.healthcentral.com/alzheimers/c/62/166420/fish-preserve-brain-cells , 5
http://www.healthcentral.com/autism/c/84292/137688/message , 5
http://www.healthcentral.com/sexual-health/c/1443/168294/coinfection-hepatitis , 5
http://www.healthcentral.com/bipolar/c/15/170615/peak-experiences , 5
http://www.healthcentral.com/diabetes/c/17/170535/negotiate-diabetes-drugs/ , 5
http://www.healthcentral.com/diabetes/c/17/170535/negotiate-diabetes-drugs , 5
http://www.healthcentral.com/diabetes/c/17/170434/reasons-diabetes-organic-food/ , 5
http://www.healthcentral.com/diabetes/c/17/170343/exercise-people-diabetes/ , 5
http://www.healthcentral.com/diabetes/c/17/170945/3-reasons-people-diabetes-jog/ , 5
http://www.healthcentral.com/diabetes/c/17/170674/great-yogurts-people-diabetes , 5
http://www.healthcentral.com/diabetes/c/17/170945/3-reasons-people-diabetes-jog , 5
http://www.healthcentral.com/bipolar/c/15/170753/helping-bipolar-begins-reality , 5
http://www.healthcentral.com/diabetes/c/17/170713/trouble-protein-diabetes , 5
http://www.healthcentral.com/depression/c/15/170772/antidepressant-short-answer , 5
http://www.healthcentral.com/autism/c/1443/170949/children-outgrow-autism , 5
http://www.healthcentral.com/depression/c/15/170836/taking-holiday-health-depend , 5
http://www.healthcentral.com/diabetes/c/17/170343/exercise-people-diabetes , 5
http://www.healthcentral.com/asthma/c/52325/170688/high-diets-asthma-children/ , 5
http://www.healthcentral.com/sexual-health/c/1443/171067/talking-college-child , 5
http://www.healthcentral.com/diabetes/r/medications/ , 6
http://www.healthcentral.com/rheumatoid-arthritis/r/medications/ , 6
http://www.healthcentral.com/cholesterol/r/medications/ , 6
http://www.healthcentral.com/alzheimers/r/medications/ , 6
http://www.healthcentral.com/cold-flu/r/medications/ , 6
http://www.healthcentral.com/chronic-pain/r/medications/ , 6
http://www.healthcentral.com/diet-exercise/r/medications/ , 6
http://www.healthcentral.com/depression/r/medications/ , 6
http://www.healthcentral.com/high-blood-pressure/r/medications/ , 6
http://www.healthcentral.com/heart-disease/r/medications/ , 6
http://www.healthcentral.com/genital-herpes/r/medications/ , 6
http://www.healthcentral.com/skin-cancer/r/medications/ , 6
http://www.healthcentral.com/multiple-sclerosis/r/medications/ , 6
http://www.healthcentral.com/osteoarthritis/r/medications/ , 6
http://www.healthcentral.com/adhd/r/medications/ , 6
http://www.healthcentral.com/bipolar/r/medications/ , 6
http://www.healthcentral.com/osteoporosis/r/medications/ , 6
http://www.healthcentral.com/incontinence/r/medications/ , 6
http://www.healthcentral.com/menopause/r/medications/ , 6
http://www.healthcentral.com/anxiety/r/medications/ , 6
http://www.healthcentral.com/copd/r/medications/ , 6
http://www.healthcentral.com/obesity/r/medications/ , 6
http://www.healthcentral.com/ibd/r/medications/ , 6
http://www.healthcentral.com/asthma/r/medications/ , 6
http://www.healthcentral.com/breast-cancer/r/medications/ , 6
http://www.healthcentral.com/prostate/r/medications/ , 6
http://www.healthcentral.com/migraine/r/medications/ , 6
http://www.healthcentral.com/sexual-health/r/medications/ , 6
http://www.healthcentral.com/erectile-dysfunction/r/medications/ , 6
http://www.healthcentral.com/sleep-disorders/r/medications/ , 6
http://www.healthcentral.com/skin-care/r/medications/ , 6
http://www.healthcentral.com/acid-reflux/r/medications/ , 6
http://www.healthcentral.com/allergy/r/medications/ , 6
http://www.healthcentral.com/schizophrenia/r/medications/ , 6
http://www.healthcentral.com/videos/cf/multiple-sclerosis , 7
http://www.healthcentral.com/videos/cf/cholesterol , 7
http://www.healthcentral.com/videos/cf/incontinence , 7
http://www.healthcentral.com/videos/cf/sexual-health , 7
http://www.healthcentral.com/videos/cf/rheumatoid-arthritis , 7
http://www.healthcentral.com/videos/cf/asthma , 7
http://www.healthcentral.com/videos/cf/diet-exercise , 7
http://www.healthcentral.com/videos/cf/breast-cancer , 7
http://www.healthcentral.com/videos/cf/heart-disease , 7
http://www.healthcentral.com/videos/cf/chronic-pain , 7
http://www.healthcentral.com/videos/cf/migraine , 7
http://www.healthcentral.com/videos/cf/skin-care , 7
http://www.healthcentral.com/videos/cf/adhd , 7
http://www.healthcentral.com/videos/cf/allergy , 7
http://www.healthcentral.com/videos/cf/osteoarthritis , 7
http://www.healthcentral.com/videos/cf/autism/ , 7
http://www.healthcentral.com/videos/cf/alzheimers , 7
http://www.healthcentral.com/videos/cf/autism , 7
http://www.healthcentral.com/videos/cf/diabetes , 7
http://www.healthcentral.com/videos/cf/high-blood-pressure , 7
http://www.healthcentral.com/videos/cf/bipolar , 7
http://www.healthcentral.com/videos/cf/cold-flu , 7
http://www.healthcentral.com/videos/cf/depression , 7
http://www.healthcentral.com/videos/cf/caregiver , 7
http://www.healthcentral.com/videos/cf/adhd/ , 7
http://www.healthcentral.com/videos/cf/caregiver/ , 7
http://www.healthcentral.com/videos/cf/sleep , 7
http://www.healthcentral.com/videos/cf/ibd , 7
http://www.healthcentral.com/videos/cf/sleep/ , 7
http://www.healthcentral.com/alzheimers/c/general/diagnosis , 8
http://www.healthcentral.com/anxiety/c/general/introduction , 8
http://www.healthcentral.com/obesity/c/general/living-with , 8
http://www.healthcentral.com/anxiety/c/general/treatment , 8
http://www.healthcentral.com/asthma/c/general/introduction , 8
http://www.healthcentral.com/obesity/c/general/introduction , 8
http://www.healthcentral.com/alzheimers/c/general/caregiving , 8
http://www.healthcentral.com/alzheimers/c/general/related-conditions , 8
http://www.healthcentral.com/anxiety/c/general/related-conditions , 8
http://www.healthcentral.com/alzheimers/c/general/introduction , 8
http://www.healthcentral.com/obesity/c/general/care , 8
http://www.healthcentral.com/anxiety/c/general/living-with , 8
http://www.healthcentral.com/alzheimers/c/general/treatment , 8
http://www.healthcentral.com/alzheimers/c/general/prevention , 8
http://www.healthcentral.com/copd/c/general/treatment , 8
http://www.healthcentral.com/obesity/c/general/related-conditions , 8
http://www.healthcentral.com/copd/c/general/living-with , 8
http://www.healthcentral.com/obesity/c/general/treatment , 8
http://www.healthcentral.com/asthma/c/general/living-with , 8
http://www.healthcentral.com/asthma/c/general/care , 8
http://www.healthcentral.com/copd/c/general/diagnosis , 8
http://www.healthcentral.com/anxiety/c/general/diagnosis , 8
http://www.healthcentral.com/copd/c/general/introduction , 8
http://www.healthcentral.com/asthma/c/general/treatment , 8
http://www.healthcentral.com/chronic-pain/ , 9
http://www.healthcentral.com/diabetes/ , 9
http://www.healthcentral.com/migraine/ , 9
http://www.healthcentral.com/incontinence/ , 9
http://www.healthcentral.com/bipolar/ , 9
http://www.healthcentral.com/breast-cancer/ , 9
http://www.healthcentral.com/osteoporosis/ , 9
http://www.healthcentral.com/cold-flu/ , 9
http://www.healthcentral.com/anxiety/ , 9
http://www.healthcentral.com/high-blood-pressure/ , 9
http://www.healthcentral.com/alzheimers/ , 9
http://www.healthcentral.com/genital-herpes/ , 9
http://www.healthcentral.com/obesity/ , 9
http://www.healthcentral.com/depression/ , 9
http://www.healthcentral.com/rheumatoid-arthritis/ , 9
http://www.healthcentral.com/skin-care/ , 9
http://www.healthcentral.com/multiple-sclerosis/ , 9
http://www.healthcentral.com/sexual-health/ , 9
http://www.healthcentral.com/erectile-dysfunction/ , 9
http://www.healthcentral.com/sleep-disorders/ , 9
http://www.healthcentral.com/schizophrenia/ , 9
http://www.healthcentral.com/diet-exercise/ , 9
http://www.healthcentral.com/menopause/ , 9
http://www.healthcentral.com/dailydose/cf/2014/08/15/smokers_with_low_education_have_greater_risk_of_stroke?ic=2600 , 10
http://www.healthcentral.com/dailydose/cf/2014/08/11/astronauts_relied_on_sleeping_pills_in_space?ic=2599 , 10
http://www.healthcentral.com/dailydose/cf/2014/08/08/astronauts_relied_on_sleeping_pills_in_space , 10
http://www.healthcentral.com/dailydose/cf/2014/08/15/new_hampshire_declares_state_of_emergency_over_synthetic_pot?ic=2607 , 10
http://www.healthcentral.com/dailydose/cf/2014/08/15/smokers_with_low_education_have_greater_risk_of_stroke , 10
http://www.healthcentral.com/dailydose/cf/2014/08/15/new_hampshire_declares_state_of_emergency_over_synthetic_pot/comments , 10
http://www.healthcentral.com/dailydose/cf/2014/08/15/are_ramen_noodles_bad_for_your_heart?ic=2599 , 10
http://www.healthcentral.com/dailydose/cf/2014/08/15/new_hampshire_declares_state_of_emergency_over_synthetic_pot?ic=2600 , 10
http://www.healthcentral.com/dailydose/cf/2014/08/15/poor_sleep_raises_suicide_risk_in_older_adults , 10
http://www.healthcentral.com/dailydose/cf/2014/08/15/can_a_ticking_sound_speed_up_woman_s_biological_clock?ic=2609 , 10
http://www.healthcentral.com/dailydose/cf/2014/08/15/new_hampshire_declares_state_of_emergency_over_synthetic_pot?ic=2609 , 10
http://www.healthcentral.com/dailydose/cf/2014/08/15/new_hampshire_declares_state_of_emergency_over_synthetic_pot , 10
http://www.healthcentral.com/dailydose/cf/2014/08/15/are_ramen_noodles_bad_for_your_heart , 10
http://www.healthcentral.com/dailydose/cf/2014/08/15/can_a_ticking_sound_speed_up_woman_s_biological_clock , 10
http://www.healthcentral.com/dailydose/cf/2014/08/15/poor_sleep_raises_suicide_risk_in_older_adults?ic=2609 , 10
http://www.healthcentral.com/dailydose/cf/2014/08/15/are_ramen_noodles_bad_for_your_heart?ic=2609 , 10
http://www.healthcentral.com/dailydose/cf/2014/08/15/can_a_ticking_sound_speed_up_woman_s_biological_clock?ic=2599 , 10
http://www.healthcentral.com/dailydose/cf/2014/08/15/smokers_with_low_education_have_greater_risk_of_stroke?ic=2609 , 10
http://www.healthcentral.com/dailydose/cf/2014/08/15/smokers_with_low_education_have_greater_risk_of_stroke?ic=2607 , 10
http://www.healthcentral.com/dailydose/cf/2014/08/15/are_ramen_noodles_bad_for_your_heart/comments , 10
http://www.healthcentral.com/diet-exercise/c/59238/169736/healthy-grocer/ , 11
http://www.healthcentral.com/skin-care/c/1443/170473/treating-common-bug-bites/ , 11
http://www.healthcentral.com/asthma/c/52325/143507/obesity-asthma , 11
http://www.healthcentral.com/ibd/c/11407/164530/doctor-crohn-disease-treatments , 11
http://www.healthcentral.com/asthma/c/58313/122313/seasonal-control , 11
http://www.healthcentral.com/sexual-health/c/1443/168477/hepatitis-overview/ , 11
http://www.healthcentral.com/obesity/c/59238/169584/worried-cancer-assess-weight/ , 11
http://www.healthcentral.com/sexual-health/c/1443/168133/progression-hepatitis , 11
http://www.healthcentral.com/asthma/c/58313/122313/seasonal-control/ , 11
http://www.healthcentral.com/asthma/c/58313/72302/sensitivity-thought/ , 11
http://www.healthcentral.com/obesity/c/59238/170639/brother-mother-influencing , 11
http://www.healthcentral.com/sexual-health/c/1443/167963/diagnosing-hepatitis/ , 11
http://www.healthcentral.com/asthma/c/52325/143507/obesity-asthma/ , 11
http://www.healthcentral.com/sexual-health/c/1443/168477/hepatitis-overview , 11
http://www.healthcentral.com/diet-exercise/c/59238/169736/healthy-grocer , 11
http://www.healthcentral.com/obesity/c/59238/169584/worried-cancer-assess-weight , 11
http://www.healthcentral.com/asthma/c/58313/72302/sensitivity-thought , 11
http://www.healthcentral.com/obesity/c/59238/170639/brother-mother-influencing/ , 11
http://www.healthcentral.com/diet-exercise/h/where-does-carbohydrates-come-from.html , 12
http://www.healthcentral.com/sleep-disorders/h/what-causes-body-essential-tremors-while-sleeping.html , 12
http://www.healthcentral.com/diet-exercise/h/does-lactose-intolerance-cause-weight-gain.html , 12
http://www.healthcentral.com/cholesterol/h/cholesterol-function-in-human-body.html , 12
http://www.healthcentral.com/sleep-disorders/h/what-causes-shaking-while-sleeping.html , 12
http://www.healthcentral.com/cholesterol/h/can-you-drink-coffee-when-fasting-for-a-cholesterol-test.html , 12
http://www.healthcentral.com/cholesterol/h/what-is-ldl-direct.html , 12
http://www.healthcentral.com/diet-exercise/h/does-eating-sugar-cause-cirrhosis-of-the-liver.html , 12
http://www.healthcentral.com/sleep-disorders/h/tips-on-stopping-nightmares-in-teens.html , 12
http://www.healthcentral.com/sleep-disorders/h/why-do-you-get-a-tension-headache-after-sleeping-too-much.html , 12
http://www.healthcentral.com/sleep-disorders/h/Zoloft--to--treat--insomnia.html , 12
http://www.healthcentral.com/diet-exercise/h/natural-cures-for-cervical-polyps.html , 12
http://www.healthcentral.com/sleep-disorders/h/vitamin-deficiency-causes-sleep-disorder.html , 12
http://www.healthcentral.com/sleep-disorders/h/pineal-gland-sleep-disorders-brain.html , 12
http://www.healthcentral.com/cholesterol/h/how-many-hours-should-i-fast-before-a-cholesterol-test.html , 12
http://www.healthcentral.com/dailydose/cf/2014/08/01/medicare_is_born_july_30_1965 , 13
http://www.healthcentral.com/dailydose/cf/2014/07/28/medicare_is_born_july_30_1965 , 13
http://www.healthcentral.com/dailydose/cf/2014/08/04/first_use_of_electric_chair_aug_6_1890 , 13
http://www.healthcentral.com/dailydose/cf/2014/07/14/kissing_banned_july_16_1439 , 13
http://www.healthcentral.com/dailydose/cf/2014/08/11/aspirin_created_aug_10_1897/comments , 13
http://www.healthcentral.com/dailydose/cf/2014/08/15/aspirin_created_aug_10_1897/comments , 13
http://www.healthcentral.com/dailydose/cf/2014/08/15/aspirin_created_aug_10_1897?ic=2609 , 13
http://www.healthcentral.com/dailydose/cf/2014/07/07/seat_belt_patented_july_10_1962 , 13
http://www.healthcentral.com/dailydose/cf/2014/08/15/aspirin_created_aug_10_1897 , 13
http://www.healthcentral.com/dailydose/cf/2014/07/25/first_test_tube_baby_july_25_1978 , 13
http://www.healthcentral.com/dailydose/cf/2014/07/21/first_test_tube_baby_july_25_1978 , 13
http://www.healthcentral.com/dailydose/cf/2014/08/08/first_use_of_electric_chair_aug_6_1890 , 13
http://www.healthcentral.com/dailydose/cf/2014/07/18/kissing_banned_july_16_1439 , 13
http://www.healthcentral.com/dailydose/cf/2014/07/11/seat_belt_patented_july_10_1962 , 13
http://www.healthcentral.com/dailydose/cf/2014/08/11/aspirin_created_aug_10_1897 , 13
http://www.healthcentral.com/acid-reflux/c/general/caring-for-children/school , 14
http://www.healthcentral.com/acid-reflux/c/general/introduction/symptoms , 14
http://www.healthcentral.com/acid-reflux/c/general/treatment/bard-endocinch-surgery , 14
http://www.healthcentral.com/acid-reflux/c/general/introduction/complications , 14
http://www.healthcentral.com/acid-reflux/c/general/treatment/h2-histamine-blocker-medications , 14
http://www.healthcentral.com/acid-reflux/c/general/introduction/is-it-heartburn-or-indigestion , 14
http://www.healthcentral.com/acid-reflux/c/general/treatment/proton-pump-inhibitors , 14
http://www.healthcentral.com/acid-reflux/c/general/introduction/causes , 14
http://www.healthcentral.com/acid-reflux/c/general/introduction/what-is-acid-reflux , 14
http://www.healthcentral.com/acid-reflux/c/general/introduction/risks , 14
http://www.healthcentral.com/acid-reflux/c/general/treatment/nissen-fundoplication-surgery , 14
http://www.healthcentral.com/acid-reflux/c/general/treatment/antacid-medications , 14
http://www.healthcentral.com/ibd/c/2623/29200/miscellaneous , 15
http://www.healthcentral.com/breast-cancer/c/2385/12635/light-report/ , 15
http://www.healthcentral.com/diet-exercise/c/26240/37879/beneficial , 15
http://www.healthcentral.com/ibd/c/50082/55656/crohn-colon-cancer , 15
http://www.healthcentral.com/ibd/c/50082/16969/bowel-colon-cancer , 15
http://www.healthcentral.com/ibd/c/2623/124222/screening-researched/ , 15
http://www.healthcentral.com/ibd/c/2623/124222/screening-researched , 15
http://www.healthcentral.com/ibd/c/2623/29200/miscellaneous/ , 15
http://www.healthcentral.com/ibd/c/50082/16969/bowel-colon-cancer/ , 15
http://www.healthcentral.com/diet-exercise/c/26240/37879/beneficial/ , 15
http://www.healthcentral.com/ibd/c/50082/55656/crohn-colon-cancer/ , 15
http://www.healthcentral.com/breast-cancer/c/2385/12635/light-report , 15
http://www.healthcentral.com/profiles/c/9692 , 16
http://www.healthcentral.com/profiles/c/59238 , 16
http://www.healthcentral.com/profiles/c/2385 , 16
http://www.healthcentral.com/profiles/c/52325 , 16
http://www.healthcentral.com/profiles/c/45112 , 16
http://www.healthcentral.com/profiles/c/17 , 16
http://www.healthcentral.com/profiles/c/19065 , 16
http://www.healthcentral.com/profiles/c/58313 , 16
http://www.healthcentral.com/profiles/c/2623 , 16
http://www.healthcentral.com/profiles/c/458275 , 16
http://www.healthcentral.com/profiles/c/906496 , 16
http://www.healthcentral.com/profiles/c/50082 , 16
http://www.healthcentral.com/sexual-health/c/458275/167861/hepatitis-infographic/ , 17
http://www.healthcentral.com/ibd/c/11407/165227/foods-avoid-crohn-disease/ , 17
http://www.healthcentral.com/epilepsy/c/906496/169778/6-common-epilepsy-myths , 17
http://www.healthcentral.com/ibd/c/11407/169093/manage-crohn-flares , 17
http://www.healthcentral.com/multiple-sclerosis/c/458275/167591/infographic , 17
http://www.healthcentral.com/epilepsy/c/67813/169779/epilepsy-infographic , 17
http://www.healthcentral.com/rheumatoid-arthritis/c/906496/165262/rheumatoid/ , 17
http://www.healthcentral.com/ibd/c/11407/164666/smoking-crohn-disease/ , 17
http://www.healthcentral.com/migraine/c/11407/167494/create-migraine-diary/ , 17
http://www.healthcentral.com/multiple-sclerosis/c/255251/169091/sclerosis-avoid/ , 17
http://www.healthcentral.com/ibd/c/458275/164556/disease-affects-infographic , 17
http://www.healthcentral.com/cholesterol/h/how-to-remove-cholesterol-deposits-from-eyes.html , 18
http://www.healthcentral.com/cholesterol/h/flush-free-niacin-to-lower-bad-cholesterol.html , 18
http://www.healthcentral.com/diet-exercise/h/is-there-a-special-diet-for-lymphedema.html , 18
http://www.healthcentral.com/cholesterol/h/does-rice-increase-cholesterol-level.html , 18
http://www.healthcentral.com/cholesterol/h/is-simvastatin-generic-for-lipitor.html , 18
http://www.healthcentral.com/sleep-disorders/h/will-tramadol-help-me-sleep.html , 18
http://www.healthcentral.com/cholesterol/h/lipanthyl-fenofibrates.html , 18
http://www.healthcentral.com/cholesterol/h/will-taking-glucosamine-increase-cholesterol.html , 18
http://www.healthcentral.com/sleep-disorders/h/melatonin-along-with-ambien-for-insomnia.html , 18
http://www.healthcentral.com/cholesterol/h/simvastatin:-interactions-with-grapefruit.html , 18
http://www.healthcentral.com/colon-cancer/h/colon-cancer-center/what-is-colon-cancer.html , 19
http://www.healthcentral.com/colon-cancer/h/colon-cancer-center/who-is-at-risk-for-colon-cancer.html , 19
http://www.healthcentral.com/colon-cancer/h/colon-cancer-center/screening-tests-and-diagnosis.html , 19
http://www.healthcentral.com/colon-cancer/h/colon-cancer-center/colon-cancer-recurrence.html , 19
http://www.healthcentral.com/colon-cancer/h/colon-cancer-center/what-are-the-symptoms-of-colon-cancer.html , 19
http://www.healthcentral.com/colon-cancer/h/colon-cancer-center/colon-cancer-prognosis.html , 19
http://www.healthcentral.com/colon-cancer/h/colon-cancer-center/colon-cancer-surgery.html , 19
http://www.healthcentral.com/colon-cancer/h/colon-cancer-center/medical-treatments.html , 19
http://www.healthcentral.com/colon-cancer/ , 19
http://www.healthcentral.com/videos/cf/ibd/crohns-disease-foods-to-avoid , 20
http://www.healthcentral.com/videos/cf/migraine/epilepsy-6-common-myths/ , 20
http://www.healthcentral.com/videos/cf/rheumatoid-arthritis/rheumatoid-arthritis-myths?ap=2000 , 20
http://www.healthcentral.com/videos/cf/bipolar/bipolar-disorder-7-common-myths/ , 20
http://www.healthcentral.com/videos/cf/bipolar/bipolar-disorder-7-common-myths , 20
http://www.healthcentral.com/videos/cf/migraine/epilepsy-6-common-myths , 20
http://www.healthcentral.com/videos/cf/ibd/crohns-disease-foods-to-avoid/ , 20
http://www.healthcentral.com/videos/cf/sexual-health/hepatitis-c-8-risks , 20
http://www.healthcentral.com/videos/cf/sexual-health/hepatitis-c-8-risks/ , 20
http://www.healthcentral.com/skin-care/c/1443/170959/care-tips-college-students , 21
http://www.healthcentral.com/autism/c/1443/171045/early-signs-autism/ , 21
http://www.healthcentral.com/skin-care/c/1443/171046/back-school-head-lice , 21
http://www.healthcentral.com/asthma/c/58313/66948/tobacco-tobacco/ , 21
http://www.healthcentral.com/anxiety/c/1443/171023/anxiety-working-child-teacher , 21
http://www.healthcentral.com/autism/c/1443/171045/early-signs-autism , 21
http://www.healthcentral.com/asthma/c/58313/66948/tobacco-tobacco , 21
http://www.healthcentral.com/asthma/c/58313/62416/linked-nose-stomach , 21
http://www.healthcentral.com/asthma/c/58313/62416/linked-nose-stomach/ , 21
http://www.healthcentral.com/medications/r/conditions/parkinsons , 22
http://www.healthcentral.com/medications/r/conditions/nausea-vomiting , 22
http://www.healthcentral.com/medications/r/conditions/other , 22
http://www.healthcentral.com/medications/r/conditions/eye-conditions , 22
http://www.healthcentral.com/medications/r/conditions/ear-nose-and-throat , 22
http://www.healthcentral.com/medications/r/conditions/epilepsy , 22
http://www.healthcentral.com/medications/r/conditions/bacterial-infection , 22
http://www.healthcentral.com/medications/r/conditions/oral-health , 22
http://www.healthcentral.com/medications/r/conditions/cancer , 22
http://www.healthcentral.com/rheumatoid-arthritis/d/LBLN/living-with-ra/launch/ , 23
http://www.healthcentral.com/ibd/d/LBLN/living-with-crohns/launch/ , 23
http://www.healthcentral.com/multiple-sclerosis/d/LBLN/living-with-ms/launch/ , 23
http://www.healthcentral.com/multiple-sclerosis/d/LBLN/living-with-ms/launch , 23
http://www.healthcentral.com/skin-care/d/LBLN/living-with-psoriasis/launch/ , 23
http://www.healthcentral.com/rheumatoid-arthritis/d/LBLN/living-with-ra/launch , 23
http://www.healthcentral.com/skin-care/d/LBLN/living-with-psoriasis/launch , 23
http://www.healthcentral.com/ibd/d/LBLN/living-with-crohns/launch , 23
http://www.healthcentral.com/ibd/d/LBLN/living-with-crohns/completed , 23
http://www.healthcentral.com/dailydose/ , 24
http://www.healthcentral.com/dailydose/cf/2014/08/14?ic=2605 , 24
http://www.healthcentral.com/dailydose/cf/2014/08/15 , 24
http://www.healthcentral.com/dailydose/cf/2014/08/11 , 24
http://www.healthcentral.com/dailydose/cf/2014/08/14 , 24
http://www.healthcentral.com/dailydose/cf/2014/08/15?ic=2606 , 24
http://www.healthcentral.com/dailydose/cf/2014/08/11?ic=2606 , 24
http://www.healthcentral.com/dailydose , 24
http://www.healthcentral.com/depression/c/create , 25
http://www.healthcentral.com/adhd/c/create , 25
http://www.healthcentral.com/alzheimers/c/create , 25
http://www.healthcentral.com/acid-reflux/c/create , 25
http://www.healthcentral.com/copd/c/create , 25
http://www.healthcentral.com/asthma/c/create , 25
http://www.healthcentral.com/anxiety/c/create , 25
http://www.healthcentral.com/obesity/c/create , 25
http://www.healthcentral.com/cold-flu/c/question/all , 26
http://www.healthcentral.com/adhd/c/question/all , 26
http://www.healthcentral.com/obesity/c/question/all , 26
http://www.healthcentral.com/acid-reflux/c/question/all , 26
http://www.healthcentral.com/copd/c/question/all , 26
http://www.healthcentral.com/cholesterol/c/question/all , 26
http://www.healthcentral.com/sleep-disorders/c/question/all , 26
http://www.healthcentral.com/diet-exercise/c/question/all , 26
http://www.healthcentral.com/profiles/c/register , 27
http://www.healthcentral.com/profiles/c/login , 27
http://www.healthcentral.com/acid-reflux/c/register , 27
http://www.healthcentral.com/adhd/c/register , 27
http://www.healthcentral.com/diet-exercise/c/register , 27
http://www.healthcentral.com/cholesterol/c/register , 27
http://www.healthcentral.com/sleep-disorders/c/register , 27
http://www.healthcentral.com/ibd/d/LBLN/living-with-crohns , 28
http://www.healthcentral.com/rheumatoid-arthritis/d/LBLN/living-with-ra , 28
http://www.healthcentral.com/skin-care/d/LBLN/living-with-psoriasis , 28
http://www.healthcentral.com/migraine/d/understanding-migraines/taking-control , 28
http://www.healthcentral.com/multiple-sclerosis/d/LBLN/living-with-ms , 28
http://www.healthcentral.com/sexual-health/d/relationships/hepatitis-c , 28
http://www.healthcentral.com/sexual-health/d/mens-sexual-health/hepatitis-c , 28
http://www.healthcentral.com/cold-flu/cf/slideshows , 29
http://www.healthcentral.com/cholesterol/cf/slideshows , 29
http://www.healthcentral.com/obesity/cf/slideshows , 29
http://www.healthcentral.com/adhd/cf/slideshows?ic=8800 , 29
http://www.healthcentral.com/copd/cf/slideshows , 29
http://www.healthcentral.com/high-blood-pressure/cf/slideshows?ic=8800 , 29
http://www.healthcentral.com/heart-disease/cf/slideshows?ic=8800 , 29
http://www.healthcentral.com/cold-flu/c/create , 30
http://www.healthcentral.com/cholesterol//c/create , 30
http://www.healthcentral.com/skin-care/c/create , 30
http://www.healthcentral.com/cholesterol/c/create , 30
http://www.healthcentral.com/sleep-disorders/c/create , 30
http://www.healthcentral.com/diet-exercise/c/create , 30
http://www.healthcentral.com/skin-cancer/c/create , 30
http://www.healthcentral.com/multiple-sclerosis/c/19065/167422/identifying-ms/comment , 31
http://www.healthcentral.com/migraine/c/123/167463/chronic-essential-information/comment , 31
http://www.healthcentral.com/diet-exercise/c/458275/170844/fermented-infographic/comment , 31
http://www.healthcentral.com/skin-care/c/1443/170473/treating-common-bug-bites/comment , 31
http://www.healthcentral.com/asthma/c/52325/170688/high-diets-asthma-children/comment , 31
http://www.healthcentral.com/alzheimers/c/62/170874/preserve-function-improve/comment , 31
http://www.healthcentral.com/depression/c/674/170562/myths-male-depression/comment , 31
http://www.healthcentral.com/ibd/cf/slideshows/7-tips-traveling-crohns-disease , 32
http://www.healthcentral.com/ibd/cf/slideshows/6-ways-prepare-crohns-flare , 32
http://www.healthcentral.com/alzheimers/cf/slideshows/7-ways-communicate-declining-elders , 32
http://www.healthcentral.com/cholesterol/cf/slideshows/triglycerides-why-they-matter-and-how-to-lower-them , 32
http://www.healthcentral.com/depression/cf/slideshows/8-frequently-asked-questions-about-psychiatrists , 32
http://www.healthcentral.com/migraine/cf/slideshows/migraine-management-goals , 32
http://www.healthcentral.com/anxiety/cf/slideshows/7-tips-overcoming-fear-flying , 32
http://www.healthcentral.com/ency/408/guides/000055_15.html , 33
http://www.healthcentral.com/ency/408/002071.html , 33
http://www.healthcentral.com/ency/408/000262trt.html , 33
http://www.healthcentral.com/ency/408/guides/000055_10.html , 33
http://www.healthcentral.com/ency/408/007006.html , 33
http://www.healthcentral.com/ency/408/guides/000055_14.html , 33
http://www.healthcentral.com/cholesterol/h/does-fresh-garlic-lower-blood-pressure-and-lower-cholesterol.html , 34
http://www.healthcentral.com/diet-exercise/h/can-bacteria-from-probiotics-cause-bad-breath.html , 34
http://www.healthcentral.com/cholesterol/h/can-diet-lower-ldl-particle-number.html , 34
http://www.healthcentral.com/cholesterol/h/can-statin-cause-weight-gain.html , 34
http://www.healthcentral.com/cholesterol/h/dry-roasted-peanuts--cholesterol.html , 34
http://www.healthcentral.com/cholesterol/h/what-does-cholesterol-level-of-145-mean.html , 34
http://www.healthcentral.com/acid-reflux/h/list_1.html , 35
http://www.healthcentral.com/cholesterol/h/list_1.html , 35
http://www.healthcentral.com/obesity/h/list_1.html , 35
http://www.healthcentral.com/cold-flu/h/list_1.html , 35
http://www.healthcentral.com/adhd/h/list_1.html , 35
http://www.healthcentral.com/copd/h/list_1.html , 35
http://www.healthcentral.com/cholesterol/ , 36
http://www.healthcentral.com/heart-disease/ , 36
http://www.healthcentral.com/asthma/ , 36
http://www.healthcentral.com/copd/ , 36
http://www.healthcentral.com/allergy/ , 36
http://www.healthcentral.com/epilepsy/ , 36
http://www.healthcentral.com/adhd/cf/quizzes/ , 37
http://www.healthcentral.com/cholesterol/cf/quizzes , 37
http://www.healthcentral.com/cold-flu/cf/quizzes , 37
http://www.healthcentral.com/acid-reflux/cf/quizzes/ , 37
http://www.healthcentral.com/adhd/cf/assessments/ , 37
http://www.healthcentral.com/cholesterol/c/question , 38
http://www.healthcentral.com/acid-reflux/c/question , 38
http://www.healthcentral.com/sleep-disorders/c/question , 38
http://www.healthcentral.com/epilepsy/c/question , 38
http://www.healthcentral.com/diet-exercise/c/question , 38
http://www.healthcentral.com/skin-care/eczema.html , 39
http://www.healthcentral.com/cholesterol/calculators.html , 39
http://www.healthcentral.com/cholesterol/treatment.html , 39
http://www.healthcentral.com/skin-care/psoriasis.html , 39
http://www.healthcentral.com/diet-exercise/ideal-body-weight.html , 39
http://www.healthcentral.com/profiles/c/15 , 40
http://www.healthcentral.com/profiles/c/78 , 40
http://www.healthcentral.com/profiles/c/26240 , 40
http://www.healthcentral.com/profiles/c/1443 , 40
http://www.healthcentral.com/diet-exercise/c/458275/170844/fermented-infographic/ , 41
http://www.healthcentral.com/autism/c/353552/137681/share-thoughts/ , 41
http://www.healthcentral.com/autism/c/353552/137681/share-thoughts , 41
http://www.healthcentral.com/diet-exercise/c/458275/170844/fermented-infographic , 41
http://www.healthcentral.com/profiles/c/17/album , 42
http://www.healthcentral.com/profiles/c/58313/album , 42
http://www.healthcentral.com/profiles/c/123/album , 42
http://www.healthcentral.com/profiles/c/15/album , 42
http://www.healthcentral.com/sexual-health/d/quizzes/do-you-know-how-hepatitis-c-spread , 43
http://www.healthcentral.com/migraine/d/quizzes/how-much-do-you-know-about-chronic-migraine , 43
http://www.healthcentral.com/ibd/d/quizzes/do-you-know-difference-between-crohns-disease-and-ulcerative-colitis , 43
http://www.healthcentral.com/multiple-sclerosis/d/quizzes/faq-about-ms , 43
http://www.healthcentral.com/breast-cancer/cf/quizzes/do-you-know-your-breast-cancer-symptoms/question-1/ , 44
http://www.healthcentral.com/diet-exercise/cf/quizzes/which-activities-burn-more-calories/mowing-the-lawn-or-raking-the-lawn/ , 44
http://www.healthcentral.com/rheumatoid-arthritis/cf/quizzes/test-your-knowledge-of-rheumatoid-arthritis/ra-is-risk-factor-for-osteoporosis/ , 44
http://www.healthcentral.com/ency/408/007006prv.html , 45
http://www.healthcentral.com/ency/408/002071prv.html , 45
http://www.healthcentral.com/ency/408/000262prv.html , 45
http://www.healthcentral.com/migraine/triggers.html , 46
http://www.healthcentral.com/skin-care/other-skin-conditions.html , 46
http://www.healthcentral.com/skin-care/tanning.html , 46
http://www.healthcentral.com/acid-reflux/ , 47
http://www.healthcentral.com/ibd/ , 47
http://www.healthcentral.com/skin-cancer/ , 47
http://www.healthcentral.com/profiles/c/123 , 48
http://www.healthcentral.com/profiles/c/4182 , 48
http://www.healthcentral.com/profiles/c/674 , 48
http://www.healthcentral.com/cold-flu/d/quizzes/do-you-make-these-food-safety-mistakes , 49
http://www.healthcentral.com/sexual-health/d/quizzes/how-much-do-you-know-about-hepatitis-c , 49
http://www.healthcentral.com/epilepsy/d/quizzes/true-or-false-epilepsy , 49
http://www.healthcentral.com/obesity/c/276918/170258/chicken-roasted-vegetables/ , 50
http://www.healthcentral.com/migraine/c/123/170895/understanding-characteristics , 50
http://www.healthcentral.com/migraine/c/123/170895/understanding-characteristics/ , 50
http://www.healthcentral.com/about/advertising/reaching-parents-during-back-to-school-fall-allergy-and-cold-and-flu-seasons/ , 51
http://www.healthcentral.com/about/healthcentral-privacy-policy/ , 51
http://www.healthcentral.com/about/healthcentral-advertising-policy/ , 51
http://www.healthcentral.com/heart-disease/c/45112/110534/taking-care/ , 52
http://www.healthcentral.com/heart-disease/c/45112/110534/taking-care , 52
http://www.healthcentral.com/cholesterol/find-32230-5.html , 53
http://www.healthcentral.com/cholesterol/lifestyle-36509-5.html , 53
http://www.healthcentral.com/breast-cancer/c/78/169587/breast-everyday-chemicals , 54
http://www.healthcentral.com/breast-cancer/c/78/169587/breast-everyday-chemicals/ , 54
http://www.healthcentral.com/migraine/c/123/170831/migraine-medications-question/ , 55
http://www.healthcentral.com/migraine/c/123/170831/migraine-medications-question , 55
http://www.healthcentral.com/multiple-sclerosis/d/LBLN/living-with-ms/reminders , 56
http://www.healthcentral.com/ibd/d/LBLN/living-with-crohns/reminders , 56
http://www.healthcentral.com/migraine/c/123/166505/migraine-headache-treatment/ , 57
http://www.healthcentral.com/migraine/c/123/166505/migraine-headache-treatment , 57
http://www.healthcentral.com/rheumatoid-arthritis/arthritis-checkup-3061-143.html , 58
http://www.healthcentral.com/cholesterol/home-body-fat-test-2774-143.html , 58
http://www.healthcentral.com/profiles/c/create/ , 59
http://www.healthcentral.com/profiles/c/create , 59
http://www.healthcentral.com/cold-flu/flu-symptoms.html , 60
http://www.healthcentral.com/cold-flu/common-cold-symptoms.html , 60
http://www.healthcentral.com/migraine/c/123/170837/migraine-migraine-symptoms/ , 61
http://www.healthcentral.com/migraine/c/123/170837/migraine-migraine-symptoms , 61
http://www.healthcentral.com/migraine/doctors-254944-5.html , 62
http://www.healthcentral.com/cholesterol/lifestyle-26194-5.html , 62
http://www.healthcentral.com/dailydose/cf/2014/08/11/the_united_states_of_obesity , 63
http://www.healthcentral.com/dailydose/cf/2014/08/15/the_united_states_of_obesity , 63
http://www.healthcentral.com/migraine/c/123/170931/heating-cooling-migraine-heat , 64
http://www.healthcentral.com/migraine/c/123/170931/heating-cooling-migraine-heat/ , 64
http://www.healthcentral.com/skin-care/aging-skin.html , 65
http://www.healthcentral.com/skin-care/sunscreen.html , 65
http://www.healthcentral.com/autism/ , 66
http://www.healthcentral.com/sites/all/modules/custom/assets_pipeline/vendor/polyfill/respond-proxy.html , 66
http://www.healthcentral.com/asthma/c/58313/110175/asthma-severity/ , 67
http://www.healthcentral.com/asthma/c/58313/110175/asthma-severity , 67
http://www.healthcentral.com/copd/c/52325/170677/copd-action-plan/ , 68
http://www.healthcentral.com/copd/c/52325/169890/heart-lungs-work/ , 68
http://www.healthcentral.com/medications/r/medications/ , 69
http://www.healthcentral.com/medications/r/medications/?ic=2202 , 69
http://www.healthcentral.com/autism/c/656089/137481/psychological/ , 70
http://www.healthcentral.com/autism/c/656089/137481/psychological , 70
http://www.healthcentral.com/breast-cancer/c/78/169774/livebold-cancer-step-time , 71
http://www.healthcentral.com/breast-cancer/c/78/169774/livebold-cancer-step-time/ , 71
http://www.healthcentral.com/breast-cancer/c/9692/154837/patients/ , 72
http://www.healthcentral.com/breast-cancer/c/9692/154837/patients , 72
http://www.healthcentral.com/skin-care/c/978365/152351/mosquito-itch , 73
http://www.healthcentral.com/skin-care/c/978365/152351/mosquito-itch/ , 73
http://www.healthcentral.com/migraine/c/123/170796/migraine-healthcentral-july , 74
http://www.healthcentral.com/migraine/c/123/170796/migraine-healthcentral-july/ , 74
http://www.healthcentral.com/about/healthcentral-editorial-policy/ , 75
http://www.healthcentral.com/about/?p=6274 , 75
http://www.healthcentral.com/encyclopedia/408/index_A.html , 76
http://www.healthcentral.com/ency/408/sympidxa.html , 76
http://www.healthcentral.com/autism/c/353552/137667/talk , 77
http://www.healthcentral.com/autism/c/353552/137667/talk/ , 77
http://www.healthcentral.com/asthma/c/52325/151047/24-things-asthma/ , 78
http://www.healthcentral.com/asthma/c/52325/151047/24-things-asthma , 78
http://www.healthcentral.com/diet-exercise/c/59238/169888/broadway-inspires-hard , 79
http://www.healthcentral.com/diet-exercise/c/59238/169888/broadway-inspires-hard/ , 79
http://www.healthcentral.com/animation/408/index.html , 80
http://www.healthcentral.com/cold-flu/c/3989/170170/recommended-vaccination/ , 81
http://www.healthcentral.com/cholesterol/check-your-cholesterol-3059-143.html , 82
http://www.healthcentral.com/videos/cf/migraine/migraine-diary-how-to?ap=2000 , 83
http://www.healthcentral.com/adhd/c/question , 84
http://www.healthcentral.com/colon-cancer/h/colon-cancer-center/colostomy-bag.html , 85
http://www.healthcentral.com/osteoarthritis/ , 86
http://www.healthcentral.com/skin-cancer/prevention.html , 87
http://www.healthcentral.com/cold-flu/respiratory-illnesses.html , 88
http://www.healthcentral.com/skin-care/acne-treatment.html , 89
http://www.healthcentral.com/about/faqs-about-healthcentrals-anti-spam-policy/ , 90
http://www.healthcentral.com/rheumatoid-arthritis/cf/slideshows/holiday-health-tips , 91
http://www.healthcentral.com/diet-exercise/c/56/3124/real-deal-diet/ , 92
http://www.healthcentral.com/sleep-disorders/sleep-deprived-test-3057-143.html , 93
http://www.healthcentral.com/skin-care/rosacea.html , 94
http://www.healthcentral.com/about/past-events-appearances-in-the-news/ , 95
http://www.healthcentral.com/diet-exercise/ask-expert.html , 96
http://www.healthcentral.com/alzheimers/c/62/170874/preserve-function-improve/ , 97
http://www.healthcentral.com/skin-cancer/skin-cancer-treatment.html , 98
http://www.healthcentral.com/about/healthcentral-terms-of-use/ , 99
http://www.healthcentral.com/profiles/c/62 , 100
http://www.healthcentral.com/cooltools/women/duedate.aspx , 101
http://www.healthcentral.com/allergy/allergy-quiz-3494-143.html , 102
http://www.healthcentral.com/peoplespharmacy/408/index.html , 103
http://www.healthcentral.com/migraine/triggers-22175-5.html , 104
http://www.healthcentral.com/dailydose/cf/archive , 105
http://www.healthcentral.com/skin-cancer/understanding-skin-cancer.html , 106
http://www.healthcentral.com/diabeteens/ , 107
http://www.healthcentral.com/skin-cancer/tests.html , 108
http://www.healthcentral.com/migraine/c/123/167463/chronic-essential-information/ , 109
http://www.healthcentral.com/videos/ , 110
http://www.healthcentral.com/about/ , 111
http://www.healthcentral.com/type-1/type1-diabetes-statistics.html , 112
http://www.healthcentral.com/profiles/c/78/album , 113
http://www.healthcentral.com/cholesterol/treatment-26019-5.html , 114
http://www.healthcentral.com/sexual-health/c/906496/168337/comments , 115
http://www.healthcentral.com/migraine/c/123/167137/complementary-aromatherapy/ , 116
http://www.healthcentral.com/copd/c/52325/170987/copd-patients-expect-er-visit/ , 117
http://www.healthcentral.com/migraine/c/82083/162449/chronic-migraine-impossible/ , 118
http://www.healthcentral.com/cholesterol/cf/slideshows/foods-that-can-raise-your-good-cholesterol-level , 119
http://www.healthcentral.com/asthma/c/52325/70734/interesting-asthma/ , 120
http://www.healthcentral.com/diet-exercise/quizzes-252050.html , 121
http://www.healthcentral.com/sleep-disorders/stress-test-3454-143.html , 122
http://www.healthcentral.com/cooltools/sexrelationships/couplequiz.aspx , 123
http://www.healthcentral.com/diet-exercise/protein-intake-3074-143.html , 124
http://www.healthcentral.com/adhd/cf/quizzes/evaluating-adhd-myths/increased-diagnosis/?ic=8800 , 125
http://www.healthcentral.com/autism/c/role/3 , 126
http://www.healthcentral.com/about/contact-us/ , 127
http://www.healthcentral.com/depression/c/general/diagnosis/assessments , 128
http://www.healthcentral.com/adhd/ , 129
http://www.healthcentral.com/epilepsy/c/login , 130
http://www.healthcentral.com/cold-flu/prevention.html , 131
http://www.healthcentral.com/migraine/tools-190553-5.html , 132
http://www.healthcentral.com/cholesterol/lifestyle.html , 133
http://www.healthcentral.com/skin-care/cf/slideshows/9-tips-spring-cleaning-your-makeup , 134
http://www.healthcentral.com/cholesterol/dailyfat-3432-143.html , 135
http://www.healthcentral.com/diet-exercise/index-1688-143.html , 136
http://www.healthcentral.com/sleep-disorders/h/i-cant-breathe-out-through-my-nose-at-night.html , 137
http://www.healthcentral.com/obesity/c/all , 138
http://www.healthcentral.com/cholesterol/h/a-weeks-menu-to-lower-triglycerides.html , 139
http://www.healthcentral.com/migraine/c/123/170982/migraines-migraine-question , 140
http://www.healthcentral.com/sohealth/ , 141
http://www.healthcentral.com/obesity/c/276918/171070/running-injury/ , 142
http://www.healthcentral.com/migraine/d/tracker , 143
http://www.healthcentral.com/profiles/c/1443/album , 144
http://www.healthcentral.com/sleep-disorders/insomnia-introduction-000027_3-145.html , 145
http://www.healthcentral.com/ency/408/guides/index.html , 146
http://www.healthcentral.com/heart-disease/waist-to-hip-ratio-3458-143.html , 147
http://www.healthcentral.com/migraine/c/123/171042/migraines-helpful-reducing , 148
http://www.healthcentral.com/cholesterol/understanding-cholesterol.html , 149
http://www.healthcentral.com/channel/408/index.html , 150
http://www.healthcentral.com/tools/408/smoking.html , 151
http://www.healthcentral.com/skin-cancer/just-diagnosed.html , 152
http://www.healthcentral.com/high-blood-pressure/c/role/5 , 153
http://www.healthcentral.com/diet-exercise/ideal-body-weight-3146-143.html , 154
http://www.healthcentral.com/migraine/medications-161082-5.html , 155
http://www.healthcentral.com/obesity/c/276918/169263/controlling-emotional-loss/ , 156
http://www.healthcentral.com/prostate/ , 157
http://www.healthcentral.com/utils/news/healthcentral/subscriptions.html , 158
http://www.healthcentral.com/migraine/c/123/167752/migraines-matter-lesions , 159
http://www.healthcentral.com/videos/cf/copd , 160
http://www.healthcentral.com/ , 161
http://www.healthcentral.com/about/web-analytics-intern/ , 162
http://www.healthcentral.com/migraine/medications-32544-5.html , 163
http://www.healthcentral.com/diet-exercise/cold-flu-quiz-26809-40.html , 164
http://www.healthcentral.com/sleep-disorders/trazodone.html , 165
http://www.healthcentral.com/cholesterol/symptom-checker.html , 166
http://www.healthcentral.com/sleep-disorders/h/xanax-used-to-treat-sleep-disorder.html , 167
http://www.healthcentral.com/cholesterol/cf/slideshows/five-things-you-need-to-know-about-low-carb-dieting , 168
http://www.healthcentral.com/profiles/c/question/home , 169
http://www.healthcentral.com/about/account-manager-2/ , 170
http://www.healthcentral.com/tools/408/index.html , 171
http://www.healthcentral.com/obesity/c/276918/170941/interesting-headlines-2014/ , 172
http://www.healthcentral.com/autism/autism-aspergers-center/ , 173
http://www.healthcentral.com/colon-cancer/r/medications/ , 174
http://www.healthcentral.com/migraine/c/123/155417/migraine-children , 175
http://www.healthcentral.com/diet-exercise/exercise.html , 176
http://www.healthcentral.com/migraine/c/123/171044/simplifying-traveling-tsa-pre , 177
