http://www.myrecipes.com/t/chicken/grilled-chicken/ , 0
http://www.myrecipes.com/t/drinks/non-alcoholic/lemonades/ , 0
http://www.myrecipes.com/t/halloween/desserts/ , 0
http://www.myrecipes.com/t/thanksgiving/side-dishes/ , 0
http://www.myrecipes.com/t/chicken/chicken-and-dumplings/ , 0
http://www.myrecipes.com/t/thanksgiving/turkey/ , 0
http://www.myrecipes.com/t/halloween/kids/ , 0
http://www.myrecipes.com/t/slow-cooker/pork/ , 0
http://www.myrecipes.com/t/slow-cooker/main-dishes/ , 0
http://www.myrecipes.com/t/chicken/baked-chicken/ , 0
http://www.myrecipes.com/t/appetizers/shrimp/ , 0
http://www.myrecipes.com/t/salads/chicken/ , 0
http://www.myrecipes.com/t/vegetarian/easy-vegetarian-recipes/ , 0
http://www.myrecipes.com/t/breakfast-and-brunch/quiche/ , 0
http://www.myrecipes.com/t/kid-friendly/dinners/ , 0
http://www.myrecipes.com/t/gluten-free/desserts/ , 0
http://www.myrecipes.com/t/kid-friendly/snacks/ , 0
http://www.myrecipes.com/t/make-ahead/breakfast/ , 0
http://www.myrecipes.com/t/chicken/fried-chicken/ , 0
http://www.myrecipes.com/t/appetizers/seafood/ , 0
http://www.myrecipes.com/t/halloween/snacks/ , 0
http://www.myrecipes.com/t/vegetarian/casseroles/ , 0
http://www.myrecipes.com/t/gluten-free/main-dishes/ , 0
http://www.myrecipes.com/t/make-ahead/casseroles/ , 0
http://www.myrecipes.com/t/breakfast-and-brunch/french-toast/ , 0
http://www.myrecipes.com/t/appetizers/deviled-egg/ , 0
http://www.myrecipes.com/t/christmas/pies/ , 0
http://www.myrecipes.com/t/thanksgiving/stuffings-and-dressings/ , 0
http://www.myrecipes.com/t/weddings-and-showers/punch/ , 0
http://www.myrecipes.com/t/christmas/cookies/ , 0
http://www.myrecipes.com/t/appetizers/vegetable/ , 0
http://www.myrecipes.com/t/valentines-day/chocolate/ , 0
http://www.myrecipes.com/t/make-ahead/main-dishes/ , 0
http://www.myrecipes.com/t/vegetarian/pizza/ , 0
http://www.myrecipes.com/t/vegetarian/main-dishes/ , 0
http://www.myrecipes.com/t/chicken/chicken-thighs/ , 0
http://www.myrecipes.com/t/birthday-party/cakes/ , 0
http://www.myrecipes.com/t/chicken/chicken-breasts/ , 0
http://www.myrecipes.com/t/appetizers/easy/ , 0
http://www.myrecipes.com/t/weddings-and-showers/cakes/ , 0
http://www.myrecipes.com/t/chicken/rotisserie-chicken/ , 0
http://www.myrecipes.com/t/healthy/quick-and-healthy-recipes/ , 0
http://www.myrecipes.com/t/thanksgiving/desserts/ , 0
http://www.myrecipes.com/t/no-cook/salads/ , 0
http://www.myrecipes.com/t/chicken/barbecued-chicken/ , 0
http://www.myrecipes.com/t/vegetarian/healthy-vegetarian-recipes/ , 0
http://www.myrecipes.com/t/diabetic/side-dishes/ , 0
http://www.myrecipes.com/t/make-ahead/appetizers/ , 0
http://www.myrecipes.com/t/halloween/pumpkin/ , 0
http://www.myrecipes.com/t/appetizers/finger-foods-and-hors-doeuvres/ , 0
http://www.myrecipes.com/t/weddings-and-showers/appetizers/ , 0
http://www.myrecipes.com/t/no-cook/appetizers/ , 0
http://www.myrecipes.com/t/easter/desserts/ , 0
http://www.myrecipes.com/t/breakfast-and-brunch/eggs/ , 0
http://www.myrecipes.com/t/chicken/roasted-chicken/ , 0
http://www.myrecipes.com/t/valentines-day/desserts/ , 0
http://www.myrecipes.com/t/christmas/cakes/ , 0
http://www.myrecipes.com/t/birthday-party/cupcakes/ , 0
http://www.myrecipes.com/t/thanksgiving/main-dishes/ , 0
http://www.myrecipes.com/t/vegetarian/pasta/ , 0
http://www.myrecipes.com/t/easter/main-dishes/ , 0
http://www.myrecipes.com/t/salads/pasta/ , 0
http://www.myrecipes.com/t/no-cook/main-dishes/ , 0
http://www.myrecipes.com/t/appetizers/cheese/ , 0
http://www.myrecipes.com/t/make-ahead/desserts/ , 0
http://www.myrecipes.com/t/breakfast-and-brunch/breakfast-casseroles/ , 0
http://www.myrecipes.com/t/diabetic/main-dishes/ , 0
http://www.myrecipes.com/t/halloween/drinks/ , 0
http://www.myrecipes.com/t/christmas/appetizers/ , 0
http://www.myrecipes.com/t/chicken/chicken-salads/ , 0
http://www.myrecipes.com/t/slow-cooker/chicken/ , 0
http://www.myrecipes.com/recipe/asparagus-morel-quiche-10000001973701/ , 1
http://www.myrecipes.com/recipe/sour-cream-dinner-rolls-10000000519982/ , 1
http://www.myrecipes.com/recipe/roasted-vegetables-10000001842424/ , 1
http://www.myrecipes.com/recipe/marinated-lamb-with-orange-chimichurri-10000001173780/ , 1
http://www.myrecipes.com/recipe/chinese-potstickers-10000001867573/ , 1
http://www.myrecipes.com/recipe/stir-fried-shrimp-with-garlic-chile-sauce-10000001867580/ , 1
http://www.myrecipes.com/recipe/snickers-cheesecake-50400000115489/ , 1
http://www.myrecipes.com/recipe/peanut-squash-soup-10000001134061/ , 1
http://www.myrecipes.com/recipe/hot-chocolate-fudge-cakes-10000001860091/ , 1
http://www.myrecipes.com/recipe/phyllo-wrapped-asparagus-50400000117854/ , 1
http://www.myrecipes.com/recipe/cheese-guinness-spread-10000001892148/ , 1
http://www.myrecipes.com/recipe/pasta-carbonara-10000001572914/ , 1
http://www.myrecipes.com/recipe/pear-cranberry-pie-with-oatmeal-streusel-10000001673034/ , 1
http://www.myrecipes.com/recipe/toasted-coconut-chocolate-chunk-cookies-10000001973633/ , 1
http://www.myrecipes.com/recipe/tomato-basil-soup-10000000225897/ , 1
http://www.myrecipes.com/recipe/new-orleans-beignets-50400000109955/ , 1
http://www.myrecipes.com/recipe/extra-easy-lasagna-10000000258144/ , 1
http://www.myrecipes.com/recipe/cranberry-meatballs-10000001133800/ , 1
http://www.myrecipes.com/recipe/brown-sugar-glazed-capon-50400000111128/ , 1
http://www.myrecipes.com/recipe/turkey-panini-with-watercress-citrus-aioli-10000001981719/ , 1
http://www.myrecipes.com/recipe/heirloom-tomato-avocado-stack-10000001809109/ , 1
http://www.myrecipes.com/recipe/mocha-double-fudge-brownies-10000000223141/ , 1
http://www.myrecipes.com/recipe/brandied-apricot-peach-pies-10000001536763/ , 1
http://www.myrecipes.com/recipe/beer-can-chicken-with-cola-barbecue-sauce-10000000635581/ , 1
http://www.myrecipes.com/recipe/easy-mini-muffulettas-10000001673187/ , 1
http://www.myrecipes.com/recipe/lemon-scented-blueberry-cupcakes-10000001571446/ , 1
http://www.myrecipes.com/recipe/pancetta-crisps-with-goat-cheese-pear-10000001673220/ , 1
http://www.myrecipes.com/recipe/lime-sweet-potatoes-10000000389673/ , 1
http://www.myrecipes.com/recipe/new-years-rice-cake-10000000356643/ , 1
http://www.myrecipes.com/recipe/easy-refrigerator-pickles-10000001646440/ , 1
http://www.myrecipes.com/recipe/sweet-hot-baby-back-ribs-10000001646464/ , 1
http://www.myrecipes.com/recipe/basic-grilled-steak-10000001215910/ , 1
http://www.myrecipes.com/recipe/holiday-cream-cheese-coffee-cake-10000001687537/ , 1
http://www.myrecipes.com/recipe/long-life-noodles-10000001867575/ , 1
http://www.myrecipes.com/recipe/best-carrot-cake-10000000257583/ , 1
http://www.myrecipes.com/recipe/asparagus-risotto-10000001973660/ , 1
http://www.myrecipes.com/recipe/easy-peach-cobbler-10000000257827/ , 1
http://www.myrecipes.com/recipe/brisket-with-olives-preserved-lemons-10000001723398/ , 1
http://www.myrecipes.com/recipe/five-spice-sweet-potato-pie-10000001134062/ , 1
http://www.myrecipes.com/recipe/fried-zucchini-straws-50400000129184/ , 1
http://www.myrecipes.com/recipe/classic-banana-bread-10000000549764/ , 1
http://www.myrecipes.com/recipe/smoky-chicken-chili-10000001665318/ , 1
http://www.myrecipes.com/recipe/pineapple-teriyaki-salmon-10000001185371/ , 1
http://www.myrecipes.com/recipe/cheddar-cheese-straws-10000001168119/ , 1
http://www.myrecipes.com/recipe/cranberry-pumpkin-upside-down-cake-10000001673096/ , 1
http://www.myrecipes.com/recipe/christmas-cookies-4-ways-10000001875513/ , 1
http://www.myrecipes.com/recipe/mushroom-puffs-50400000117058/ , 1
http://www.myrecipes.com/recipe/honey-glazed-carrots-10000001134029/ , 1
http://www.myrecipes.com/recipe/spaghetti-with-peppery-no-cook-tomato-sauce-10000001072139/ , 1
http://www.myrecipes.com/recipe/peanut-butter-pie-10000000521693/ , 1
http://www.myrecipes.com/recipe/red-pepper-hummus-cucumber-cups-10000001892084/ , 1
http://www.myrecipes.com/recipe/spicy-cheddar-stuffed-burgers-10000001069620/ , 1
http://www.myrecipes.com/recipe/soft-chicken-tacos-10000001227897/ , 1
http://www.myrecipes.com/recipe/grilled-cheesy-corn-50400000111533/ , 1
http://www.myrecipes.com/recipe/johns-creole-red-beans-10000001168049/ , 1
http://www.myrecipes.com/recipe/bourbon-pecan-tart-with-chocolate-drizzle-10000001673138/ , 1
http://www.myrecipes.com/recipe/strawberry-lemonade-layer-cake-50400000134449/ , 1
http://www.myrecipes.com/recipe/arugula-pizza-poached-egg-50400000115200/ , 1
http://www.myrecipes.com/recipe/crawfish-touffe-10000000259139/ , 1
http://www.myrecipes.com/recipe/strawberry-rose-cupcakes-50400000110994/ , 1
http://www.myrecipes.com/recipe/apple-galette-10000000630050/ , 1
http://www.myrecipes.com/recipe/strawberry-orange-trifle-10000001713127/ , 1
http://www.myrecipes.com/recipe/tuscan-white-bean-soup-50400000118614/ , 1
http://www.myrecipes.com/recipe/rosemary-roasted-almonds-10000001918491/ , 1
http://www.myrecipes.com/recipe/key-lime-pie-ice-cream-50400000113415/ , 1
http://www.myrecipes.com/recipe/stuffed-portobello-mushrooms-10000001031689/ , 1
http://www.myrecipes.com/recipe/sweet-potato-bean-empanadas-50400000108386/ , 1
http://www.myrecipes.com/recipe/vegetable-meat-loaf-50400000119679/ , 1
http://www.myrecipes.com/recipe/bacon-wrapped-barbecue-burgers-10000001816164/ , 1
http://www.myrecipes.com/recipe/lentil-barley-burgers-with-fiery-fruit-salsa-10000001964003/ , 1
http://www.myrecipes.com/recipe/irish-cream-brownies-10000001536703/ , 1
http://www.myrecipes.com/m/recipe/arugula-pizza-poached-egg-50400000115200/ , 2
http://www.myrecipes.com/m/recipe/pasta-carbonara-10000001572914/ , 2
http://www.myrecipes.com/m/recipe/holiday-cream-cheese-coffee-cake-10000001687537/ , 2
http://www.myrecipes.com/m/recipe/spicy-bacon-brew-muffins-50400000135389/ , 2
http://www.myrecipes.com/m/recipe/johnsonville-skillet-mac-cheese-kielbasa-00420000026800/ , 2
http://www.myrecipes.com/m/recipe/key-lime-ice-cream-pie-50400000129231/ , 2
http://www.myrecipes.com/m/recipe/easy-peach-cobbler-10000000257827/ , 2
http://www.myrecipes.com/m/recipe/asparagus-risotto-10000001973660/ , 2
http://www.myrecipes.com/m/recipe/new-years-rice-cake-10000000356643/ , 2
http://www.myrecipes.com/m/recipe/pear-cranberry-pie-with-oatmeal-streusel-10000001673034/ , 2
http://www.myrecipes.com/m/recipe/pancetta-crisps-with-goat-cheese-pear-10000001673220/ , 2
http://www.myrecipes.com/m/recipe/strawberry-rose-cupcakes-50400000110994/ , 2
http://www.myrecipes.com/m/recipe/easy-refrigerator-pickles-10000001646440/ , 2
http://www.myrecipes.com/m/recipe/sour-cream-dinner-rolls-10000000519982/ , 2
http://www.myrecipes.com/m/recipe/tomato-basil-soup-10000000225897/ , 2
http://www.myrecipes.com/m/recipe/toasted-coconut-chocolate-chunk-cookies-10000001973633/ , 2
http://www.myrecipes.com/m/recipe/classic-banana-bread-10000000549764/ , 2
http://www.myrecipes.com/m/recipe/lime-sweet-potatoes-10000000389673/ , 2
http://www.myrecipes.com/m/recipe/lemon-scented-blueberry-cupcakes-10000001571446/ , 2
http://www.myrecipes.com/m/recipe/rosemary-roasted-almonds-10000001918491/ , 2
http://www.myrecipes.com/m/recipe/five-spice-sweet-potato-pie-10000001134062/ , 2
http://www.myrecipes.com/m/recipe/irish-cream-brownies-10000001536703/ , 2
http://www.myrecipes.com/m/recipe/soft-chicken-tacos-10000001227897/ , 2
http://www.myrecipes.com/m/recipe/cranberry-meatballs-10000001133800/ , 2
http://www.myrecipes.com/m/recipe/long-life-noodles-10000001867575/ , 2
http://www.myrecipes.com/m/recipe/bourbon-pecan-tart-with-chocolate-drizzle-10000001673138/ , 2
http://www.myrecipes.com/m/recipe/best-carrot-cake-10000000257583/ , 2
http://www.myrecipes.com/m/recipe/shredded-celery-root-and-carrot-slaw-10000000520365/ , 2
http://www.myrecipes.com/m/recipe/chocolate-mousse-10000001732858/ , 2
http://www.myrecipes.com/m/recipe/red-pepper-hummus-cucumber-cups-10000001892084/ , 2
http://www.myrecipes.com/m/recipe/mocha-double-fudge-brownies-10000000223141/ , 2
http://www.myrecipes.com/m/recipe/royal-icing-10000001875514/ , 2
http://www.myrecipes.com/m/recipe/new-orleans-beignets-50400000109955/ , 2
http://www.myrecipes.com/m/recipe/balsamic-vinaigrette-chicken-over-gourmet-greens-10000000222202/ , 2
http://www.myrecipes.com/m/recipe/buitoni-pasta-chicken-roasted-pepper-cream-sauce-lighter-00420000029161/ , 2
http://www.myrecipes.com/m/recipe/pineapple-teriyaki-salmon-10000001185371/ , 2
http://www.myrecipes.com/m/recipe/crawfish-touffe-10000000259139/ , 2
http://www.myrecipes.com/m/recipe/spicy-white-bean-dip-10000001585381/ , 2
http://www.myrecipes.com/m/recipe/asparagus-morel-quiche-10000001973701/ , 2
http://www.myrecipes.com/m/recipe/smoky-chicken-chili-10000001665318/ , 2
http://www.myrecipes.com/m/recipe/hot-chocolate-fudge-cakes-10000001860091/ , 2
http://www.myrecipes.com/m/recipe/chicken-shrimp-ham-jambalaya-10000001589382/ , 2
http://www.myrecipes.com/m/recipe/peanut-butter-pie-10000000521693/ , 2
http://www.myrecipes.com/m/recipe/snickers-cheesecake-50400000115489/ , 2
http://www.myrecipes.com/m/recipe/mushroom-squash-bread-pudding-50400000117168/ , 2
http://www.myrecipes.com/m/recipe/chinese-potstickers-10000001867573/ , 2
http://www.myrecipes.com/m/recipe/stuffed-portobello-mushrooms-10000001031689/ , 2
http://www.myrecipes.com/m/recipe/open-faced-st-patty-melts-10000001875093/ , 2
http://www.myrecipes.com/m/recipe/brisket-with-olives-preserved-lemons-10000001723398/ , 2
http://www.myrecipes.com/m/recipe/marinated-lamb-with-orange-chimichurri-10000001173780/ , 2
http://www.myrecipes.com/m/recipe/raspberry-mocha-cake-10000001733365/ , 2
http://www.myrecipes.com/m/recipe/cheese-guinness-spread-10000001892148/ , 2
http://www.myrecipes.com/m/recipe/easy-mini-muffulettas-10000001673187/ , 2
http://www.myrecipes.com/m/recipe/cranberry-pumpkin-upside-down-cake-10000001673096/ , 2
http://www.myrecipes.com/m/recipe/buitoni-four-cheese-ravioli-eggplant-marjoram-pesto-00420000029153/ , 2
http://www.myrecipes.com/m/recipe/herbed-cheese-dip-with-crudits-10000001892051/ , 2
http://www.myrecipes.com/m/recipe/strawberry-orange-trifle-10000001713127/ , 2
http://www.myrecipes.com/m/recipe/lentil-barley-burgers-with-fiery-fruit-salsa-10000001964003/ , 2
http://www.myrecipes.com/m/recipe/peanut-squash-soup-10000001134061/ , 2
http://www.myrecipes.com/m/recipe/tuscan-white-bean-soup-50400000118614/ , 2
http://www.myrecipes.com/m/recipe/brandied-apricot-peach-pies-10000001536763/ , 2
http://www.myrecipes.com/m/recipe/stir-fried-shrimp-with-garlic-chile-sauce-10000001867580/ , 2
http://www.myrecipes.com/m/recipe/basic-grilled-steak-10000001215910/ , 2
http://www.myrecipes.com/m/recipe/fried-zucchini-straws-50400000129184/ , 2
http://www.myrecipes.com/m/recipe/peanut-butter-and-jelly-sandwich-cookies-10000001733306/ , 2
http://www.myrecipes.com/m/recipe/extra-easy-lasagna-10000000258144/ , 2
http://www.myrecipes.com/m/recipe/buitoni-garlic-shrimp-three-cheese-tortellini-00420000029159/ , 2
http://www.myrecipes.com/m/recipe/sparkling-cranberry-blush-10000000232620/ , 2
http://www.myrecipes.com/how-to/video/low-sugar-ice-cream-sandwich-dessert-10000001856950/ , 3
http://www.myrecipes.com/how-to/video/how-to-make-chocolate-cherry-heart-smart-cookies-00420000028428/ , 3
http://www.myrecipes.com/how-to/video/how-to-make-barbecue-chicken-sandwiches-00420000026745/ , 3
http://www.myrecipes.com/how-to/video/bacon-for-a-crowd-00420000029502/ , 3
http://www.myrecipes.com/how-to/video/how-to-make-baked-oatmeal-00420000022172/ , 3
http://www.myrecipes.com/how-to/video/how-to-make-loaded-baked-potato-dip-00420000028421/ , 3
http://www.myrecipes.com/how-to/video/how-to-make-broccoli-grape-pasta-salad-00420000022107/ , 3
http://www.myrecipes.com/how-to/video/how-to-make-cinnamon-apple-cake-00420000026329/ , 3
http://www.myrecipes.com/how-to/video/how-to-make-captain-america-cupcake-toppers-00420000028595/ , 3
http://www.myrecipes.com/how-to/video/how-to-make-classic-baked-macaroni-cheese-00420000026158/ , 3
http://www.myrecipes.com/how-to/cooking-questions/how-to-blanch-00420000029218/ , 3
http://www.myrecipes.com/how-to/video/how-to-make-skillet-cornbread-00420000029691/ , 3
http://www.myrecipes.com/how-to/video/low-sugar-cookies-cream-crunch-10000001856946/ , 3
http://www.myrecipes.com/how-to/cooking-questions/how-can-i-keep-salad-fresh-in-lunch-box-00420000029083/ , 3
http://www.myrecipes.com/how-to/5-to-try/5-to-try-no-cook-appetizers-10000001903412/ , 3
http://www.myrecipes.com/how-to/video/how-to-make-peanut-butter-banana-spirals-00420000028418/ , 3
http://www.myrecipes.com/how-to/video/how-to-cook-beer-can-chicken-00420000028383/ , 3
http://www.myrecipes.com/how-to/video/how-to-grill-ribs-00420000028373/ , 3
http://www.myrecipes.com/how-to/video/how-to-make-cheesecake-factory-original-cheesecake-00420000025818/ , 3
http://www.myrecipes.com/how-to/video/how-to-cook-chicken-enchiladas-00420000028416/ , 3
http://www.myrecipes.com/how-to/video/how-to-make-tuscan-pasta-tomato-basil-cream-00420000027674/ , 3
http://www.myrecipes.com/how-to/video/how-to-make-superman-cupcake-toppers-00420000029650/ , 3
http://www.myrecipes.com/how-to/video/easiest-way-to-freeze-casseroles-00420000029188/ , 3
http://www.myrecipes.com/how-to/video/how-to-brine-chicken-00420000028347/ , 3
http://www.myrecipes.com/how-to/video/how-to-make-eggnog-pound-cake-00420000026032/ , 3
http://www.myrecipes.com/how-to/video/low-sugar-fudgy-cream-cheese-brownies-10000001856948/ , 3
http://www.myrecipes.com/how-to/video/low-sugar-black-forest-trifle-10000001856939/ , 3
http://www.myrecipes.com/how-to/video/how-to-make-strawberry-margarita-jell-o-shots-00420000029416/ , 3
http://www.myrecipes.com/how-to/video/how-to-make-slow-cooker-classic-beef-stew-00420000022287/ , 3
http://www.myrecipes.com/how-to/video/how-to-make-mini-caprese-bites-00420000028419/ , 3
http://www.myrecipes.com/how-to/video/how-to-make-candied-yams-00420000025815/ , 3
http://www.myrecipes.com/how-to/video/easy-ways-to-freeze-soups-stews-00420000029189/ , 3
http://www.myrecipes.com/how-to/video/how-to-make-cheesy-bbq-sloppy-joes-00420000028140/ , 3
http://www.myrecipes.com/how-to/video/how-to-make-chicken-salad-grapes-pecans-00420000026348/ , 3
http://www.myrecipes.com/how-to/video/how-to-make-grilled-stuffed-jalapenos-00420000026755/ , 3
http://www.myrecipes.com/how-to/video/debunking-heart-healthy-diet-myths-10000001874818/ , 3
http://www.myrecipes.com/how-to/video/how-to-make-slow-cooker-pulled-pork-00420000025989/ , 3
http://www.myrecipes.com/how-to/video/how-to-make-bbq-chicken-blue-cheese-pizza-00420000027664/ , 3
http://www.myrecipes.com/how-to/video/how-to-make-wonder-woman-cupcake-toppers-00420000029649/ , 3
http://www.myrecipes.com/how-to/video/how-to-make-easy-peach-cobbler-00420000022272/ , 3
http://www.myrecipes.com/how-to/video/how-to-make-batman-cupcake-toppers-00420000028593/ , 3
http://www.myrecipes.com/how-to/video/how-to-make-the-flash-cupcake-toppers-00420000029572/ , 3
http://www.myrecipes.com/how-to/video/how-to-make-three-cheese-pasta-bake-00420000024926/ , 3
http://www.myrecipes.com/how-to/video/how-to-make-party-bean-dip-baked-tortilla-chips-00420000027646/ , 3
http://www.myrecipes.com/how-to/video/how-to-make-salted-caramel-chocolate-pecan-pie-00420000026792/ , 3
http://www.myrecipes.com/how-to/video/how-to-make-no-cook-tomato-sauce-00420000029186/ , 3
http://www.myrecipes.com/how-to/video/how-to-make-spiderman-cupcake-toppers-00420000029573/ , 3
http://www.myrecipes.com/how-to/video/how-to-make-slow-cooker-chicken-thighs-00420000022284/ , 3
http://www.myrecipes.com/t/low-fat/cake/ , 4
http://www.myrecipes.com/t/low-fat/muffins/ , 4
http://www.myrecipes.com/t/low-fat/cookies/ , 4
http://www.myrecipes.com/t/low-fat/casseroles/ , 4
http://www.myrecipes.com/t/diabetic/desserts/ , 4
http://www.myrecipes.com/t/mexican/fajitas/ , 4
http://www.myrecipes.com/t/appetizers/crudite/ , 4
http://www.myrecipes.com/t/appetizers/meatball/ , 4
http://www.myrecipes.com/t/sandwiches/burgers/ , 4
http://www.myrecipes.com/t/low-fat/desserts/ , 4
http://www.myrecipes.com/t/chicken/chicken-wings/ , 4
http://www.myrecipes.com/t/diabetic/breads/ , 4
http://www.myrecipes.com/t/gluten-free/side-dishes/ , 4
http://www.myrecipes.com/t/chicken/chicken-nuggets/ , 4
http://www.myrecipes.com/t/diabetic/easy-diabetic-recipes/ , 4
http://www.myrecipes.com/t/chicken/chicken-pot-pie/ , 4
http://www.myrecipes.com/t/appetizers/bruschetta/ , 4
http://www.myrecipes.com/t/appetizers/dumplings/ , 4
http://www.myrecipes.com/t/low-fat/breads/ , 4
http://www.myrecipes.com/t/appetizers/antipasto/ , 4
http://www.myrecipes.com/t/chicken/crock-pot-chicken/ , 4
http://www.myrecipes.com/t/appetizers/canapes/ , 4
http://www.myrecipes.com/t/low-fat/side-dishes/ , 4
http://www.myrecipes.com/t/valentines-day/snacks/ , 4
http://www.myrecipes.com/t/breakfast-and-brunch/breakfast-pizzas/ , 4
http://www.myrecipes.com/t/low-fat/snacks/ , 4
http://www.myrecipes.com/t/weddings-and-showers/cookies/ , 4
http://www.myrecipes.com/t/vegetarian/soups/ , 4
http://www.myrecipes.com/t/appetizers/nachos/ , 4
http://www.myrecipes.com/t/appetizers/crostini/ , 4
http://www.myrecipes.com/t/gluten-free/soups/ , 4
http://www.myrecipes.com/t/diabetic/breakfasts/ , 4
http://www.myrecipes.com/t/appetizers/lettuce-wraps/ , 4
http://www.myrecipes.com/t/mexican/burritos/ , 4
http://www.myrecipes.com/t/gluten-free/snacks/ , 4
http://www.myrecipes.com/t/gluten-free/appetizers/ , 4
http://www.myrecipes.com/t/weddings-and-showers/cupcakes/ , 4
http://www.myrecipes.com/healthy-diet/calorie-counts/healthy-chili-recipes-10000001873037/ , 5
http://www.myrecipes.com/healthy-diet/calorie-counts/healthy-shrimp-recipes-00420000005602/ , 5
http://www.myrecipes.com/healthy-diet/healthy-sandwich-ideas-10000001647016/ , 5
http://www.myrecipes.com/healthy-diet/calorie-counts/healthy-casserole-recipes-10000001668794/ , 5
http://www.myrecipes.com/healthy-diet/calorie-counts/quiche-recipes-under-300-calories-00420000011057/ , 5
http://www.myrecipes.com/healthy-diet/calorie-counts/healthy-chicken-recipes-10000001963950/ , 5
http://www.myrecipes.com/healthy-diet/super-foods/health-benefits-of-tomatoes-10000001643840/ , 5
http://www.myrecipes.com/healthy-diet/calorie-counts/healthy-vegetarian-entrees-00420000003450/ , 5
http://www.myrecipes.com/healthy-diet/healthy-tailgating-recipes-10000001841357/ , 5
http://www.myrecipes.com/healthy-diet/calorie-counts/healthy-breakfast-recipes-10000001981813/ , 5
http://www.myrecipes.com/healthy-diet/gluten-free-pasta-recipes-00420000013938/ , 5
http://www.myrecipes.com/healthy-diet/gluten-free-sandwich-recipes-00420000013937/ , 5
http://www.myrecipes.com/healthy-diet/super-foods/health-benefits-of-eggplant-00420000005798/ , 5
http://www.myrecipes.com/healthy-diet/gluten-free-seafood-dishes-00420000014243/ , 5
http://www.myrecipes.com/healthy-diet/calorie-counts/low-calorie-grilled-recipes-00420000011571/ , 5
http://www.myrecipes.com/healthy-diet/super-foods/health-benefits-of-red-and-green-bell-peppers-10000001822613/ , 5
http://www.myrecipes.com/healthy-diet/calorie-counts/low-calorie-superfast-dinner-recipes-00420000004620/ , 5
http://www.myrecipes.com/healthy-diet/super-foods/health-benefits-of-oats-10000001931472/ , 5
http://www.myrecipes.com/healthy-diet/gluten-free-pizza-calzones-00420000013983/ , 5
http://www.myrecipes.com/healthy-diet/super-foods/health-benefits-of-mint-10000001913472/ , 5
http://www.myrecipes.com/healthy-diet/calorie-counts/healthy-snacks-under-75-calories-10000001918697/ , 5
http://www.myrecipes.com/healthy-diet/best-gluten-free-desserts-10000001685998/ , 5
http://www.myrecipes.com/healthy-diet/calorie-counts/healthy-ground-beef-recipes-10000001838890/ , 5
http://www.myrecipes.com/healthy-diet/super-foods/health-benefits-of-strawberries-10000001893154/ , 5
http://www.myrecipes.com/healthy-diet/calorie-counts/healthy-soup-recipes-10000001701480/ , 5
http://www.myrecipes.com/healthy-diet/healthy-slow-cooker-meals-10000001863046/ , 5
http://www.myrecipes.com/healthy-diet/super-foods/healthy-carrot-recipes-00420000003507/ , 5
http://www.myrecipes.com/healthy-diet/calorie-counts/healthy-mediterranean-recipes-10000001990411/ , 5
http://www.myrecipes.com/healthy-diet/healthy-holiday-desserts-10000001866471/ , 5
http://www.myrecipes.com/healthy-diet/super-foods/health-benefits-of-salmon-10000001879504/ , 5
http://www.myrecipes.com/healthy-diet/best-gluten-free-appetizers-10000001685975/ , 5
http://www.myrecipes.com/healthy-diet/calorie-counts/low-calorie-slow-cooker-recipes-00420000001431/ , 5
http://www.myrecipes.com/healthy-diet/calorie-counts/healthy-dip-recipes-under-100-calories-00420000001851/ , 5
http://www.myrecipes.com/healthy-diet/super-foods/health-benefits-of-blueberries-10000001901081/ , 5
http://www.myrecipes.com/m/recipe/phyllo-wrapped-asparagus-50400000117854/ , 6
http://www.myrecipes.com/m/recipe/chile-roasted-turkey-with-chorizo-corn-bread-stuffing-10000000650875/ , 6
http://www.myrecipes.com/m/recipe/brown-sugar-glazed-capon-50400000111128/ , 6
http://www.myrecipes.com/m/recipe/mosaic-tea-sandwiches-50400000134461/ , 6
http://www.myrecipes.com/m/recipe/beer-can-chicken-with-cola-barbecue-sauce-10000000635581/ , 6
http://www.myrecipes.com/m/recipe/apple-galette-10000000630050/ , 6
http://www.myrecipes.com/m/recipe/wine-braised-short-ribs-with-parsnips-carrots-artichokes-10000001886183/ , 6
http://www.myrecipes.com/m/recipe/christmas-cookies-4-ways-10000001875513/ , 6
http://www.myrecipes.com/m/recipe/sweet-potato-bean-empanadas-50400000108386/ , 6
http://www.myrecipes.com/m/recipe/sweet-hot-baby-back-ribs-10000001646464/ , 6
http://www.myrecipes.com/m/recipe/vegetable-meat-loaf-50400000119679/ , 6
http://www.myrecipes.com/m/recipe/red-wine-onion-braised-brisket-50400000120350/ , 6
http://www.myrecipes.com/m/recipe/roasted-asparagus-tomato-penne-50400000112004/ , 6
http://www.myrecipes.com/m/recipe/mushroom-puffs-50400000117058/ , 6
http://www.myrecipes.com/m/recipe/key-lime-pie-ice-cream-50400000113415/ , 6
http://www.myrecipes.com/m/recipe/cheddar-cheese-straws-10000001168119/ , 6
http://www.myrecipes.com/m/recipe/johns-creole-red-beans-10000001168049/ , 6
http://www.myrecipes.com/m/recipe/double-chocolate-bombe-10000000257857/ , 6
http://www.myrecipes.com/m/recipe/st-patricks-day-cupcakes-50400000133891/ , 6
http://www.myrecipes.com/m/recipe/panko-crusted-crab-cake-bites-with-roasted-pepper-chive-aioli-10000000656208/ , 6
http://www.myrecipes.com/m/recipe/strawberry-lemonade-layer-cake-50400000134449/ , 6
http://www.myrecipes.com/super-bowl-recipes/ , 7
http://www.myrecipes.com/mothers-day-recipes/ , 7
http://www.myrecipes.com/memorial-day-recipes/ , 7
http://www.myrecipes.com/passover-recipes/ , 7
http://www.myrecipes.com/july-4th-recipes/ , 7
http://www.myrecipes.com/valentines-day-recipes/ , 7
http://www.myrecipes.com/easter-recipes/ , 7
http://www.myrecipes.com/birthday-party-recipes/ , 7
http://www.myrecipes.com/thanksgiving-recipes/ , 7
http://www.myrecipes.com/st-patricks-day-recipes/ , 7
http://www.myrecipes.com/christmas-recipes/ , 7
http://www.myrecipes.com/new-year-recipes/ , 7
http://www.myrecipes.com/resolution-recipes/ , 7
http://www.myrecipes.com/wedding-and-shower-recipes/ , 7
http://www.myrecipes.com/labor-day-recipes/ , 7
http://www.myrecipes.com/tailgating-recipes/ , 7
http://www.myrecipes.com/halloween-recipes/ , 7
http://www.myrecipes.com/cinco-de-mayo-recipes/ , 7
http://www.myrecipes.com/mardi-gras-recipes/ , 7
http://www.myrecipes.com/recipe/open-faced-st-patty-melts-10000001875093/ , 8
http://www.myrecipes.com/recipe/johnsonville-classic-meatballs-and-spaghetti-00420000026698/ , 8
http://www.myrecipes.com/recipe/johnsonville-strawberry-apple-chicken-sausage-salad-00420000026726/ , 8
http://www.myrecipes.com/recipe/buitoni-pasta-chicken-roasted-pepper-cream-sauce-lighter-00420000029161/ , 8
http://www.myrecipes.com/recipe/balsamic-vinaigrette-chicken-over-gourmet-greens-10000000222202/ , 8
http://www.myrecipes.com/recipe/buitoni-four-cheese-ravioli-eggplant-marjoram-pesto-00420000029153/ , 8
http://www.myrecipes.com/recipe/buitoni-garlic-shrimp-three-cheese-tortellini-00420000029159/ , 8
http://www.myrecipes.com/recipe/no-cook-strawberry-jam-53420000015722/ , 8
http://www.myrecipes.com/recipe/shredded-celery-root-and-carrot-slaw-10000000520365/ , 8
http://www.myrecipes.com/recipe/chocolate-mousse-10000001732858/ , 8
http://www.myrecipes.com/recipe/raspberry-mocha-cake-10000001733365/ , 8
http://www.myrecipes.com/recipe/salmoriglio-sauce-10000000366248/ , 8
http://www.myrecipes.com/recipe/peanut-butter-and-jelly-sandwich-cookies-10000001733306/ , 8
http://www.myrecipes.com/recipe/spicy-white-bean-dip-10000001585381/ , 8
http://www.myrecipes.com/recipe/nutty-irishman-50400000133877/ , 8
http://www.myrecipes.com/recipe/herbed-cheese-dip-with-crudits-10000001892051/ , 8
http://www.myrecipes.com/how-to/7-ways-with/recipes-using-fresh-tomatoes-10000001809865/ , 9
http://www.myrecipes.com/how-to/5-to-try/party-punch-recipes-10000001983596/ , 9
http://www.myrecipes.com/how-to/5-to-try/ideas-for-summer-appetizers-10000001903404/ , 9
http://www.myrecipes.com/how-to/5-to-try/quick-holiday-desserts-10000001946868/ , 9
http://www.myrecipes.com/how-to/7-ways-with/recipes-using-blueberries-10000001809930/ , 9
http://www.myrecipes.com/how-to/7-ways-with/ways-to-cook-zucchini-10000001811517/ , 9
http://www.myrecipes.com/how-to/5-to-try/brown-bag-lunch-ideas-10000001887820/ , 9
http://www.myrecipes.com/how-to/guide-to-alternative-flours-00420000005904/ , 9
http://www.myrecipes.com/how-to/5-to-try/finger-sandwich-recipes-10000001969709/ , 9
http://www.myrecipes.com/how-to/7-ways-with/recipes-using-watermelon-10000001646567/ , 9
http://www.myrecipes.com/how-to/7-ways-with/recipes-using-cherries-10000001814951/ , 9
http://www.myrecipes.com/how-to/7-ways-with/ways-to-cook-with-jalapenos-10000001736096/ , 9
http://www.myrecipes.com/how-to/7-ways-with/recipes-using-fresh-peaches-10000001813891/ , 9
http://www.myrecipes.com/how-to/7-ways-with/cooking-with-limes-10000001879427/ , 9
http://www.myrecipes.com/how-to/7-ways-with/cooking-with-fresh-figs-00420000012142/ , 9
http://www.myrecipes.com/how-to/7-ways-with/recipes-using-mint-10000001736602/ , 9
http://www.myrecipes.com/t/desserts/ice-cream/ , 10
http://www.myrecipes.com/t/slow-cooker/rice/ , 10
http://www.myrecipes.com/t/slow-cooker/chili/ , 10
http://www.myrecipes.com/t/slow-cooker/side-dishes/ , 10
http://www.myrecipes.com/t/slow-cooker/desserts/ , 10
http://www.myrecipes.com/t/slow-cooker/pot-roasts/ , 10
http://www.myrecipes.com/t/slow-cooker/beef/ , 10
http://www.myrecipes.com/t/slow-cooker/roasts/ , 10
http://www.myrecipes.com/t/desserts/smoothies/ , 10
http://www.myrecipes.com/t/desserts/chocolate-desserts/ , 10
http://www.myrecipes.com/t/desserts/puddings/ , 10
http://www.myrecipes.com/t/desserts/trifles/ , 10
http://www.myrecipes.com/t/desserts/candy/ , 10
http://www.myrecipes.com/t/desserts/cobblers/ , 10
http://www.myrecipes.com/t/slow-cooker/beans/ , 10
http://www.myrecipes.com/t/desserts/shakes/ , 10
http://www.myrecipes.com/m/healthy-diet/super-foods/health-benefits-of-mint-10000001913472/ , 11
http://www.myrecipes.com/m/healthy-diet/healthy-tailgating-recipes-10000001841357/ , 11
http://www.myrecipes.com/m/healthy-diet/super-foods/health-benefits-of-tomatoes-10000001643840/ , 11
http://www.myrecipes.com/m/healthy-diet/100-calorie-snack-recipes-10000001712459/ , 11
http://www.myrecipes.com/m/healthy-diet/healthy-sandwich-ideas-10000001647016/ , 11
http://www.myrecipes.com/m/healthy-diet/best-gluten-free-appetizers-10000001685975/ , 11
http://www.myrecipes.com/m/healthy-diet/super-foods/healthy-carrot-recipes-00420000003507/ , 11
http://www.myrecipes.com/m/healthy-diet/super-foods/health-benefits-of-salmon-10000001879504/ , 11
http://www.myrecipes.com/m/healthy-diet/calorie-counts/healthy-breakfast-recipes-10000001981813/ , 11
http://www.myrecipes.com/m/healthy-diet/super-foods/health-benefits-of-strawberries-10000001893154/ , 11
http://www.myrecipes.com/m/healthy-diet/super-foods/health-benefits-of-red-and-green-bell-peppers-10000001822613/ , 11
http://www.myrecipes.com/m/healthy-diet/calorie-counts/healthy-snacks-under-75-calories-10000001918697/ , 11
http://www.myrecipes.com/m/healthy-diet/calorie-counts/healthy-dip-recipes-under-100-calories-00420000001851/ , 11
http://www.myrecipes.com/m/healthy-diet/super-foods/health-benefits-of-blueberries-10000001901081/ , 11
http://www.myrecipes.com/m/healthy-diet/super-foods/health-benefits-of-eggplant-00420000005798/ , 11
http://www.myrecipes.com/m/how-to/cooking-pork-roast-a-slow-cooker-10000001925766/ , 12
http://www.myrecipes.com/m/how-to/video/how-to-make-skillet-cornbread-00420000029691/ , 12
http://www.myrecipes.com/m/how-to/making-lasagna-a-slow-cooker-10000001925761/ , 12
http://www.myrecipes.com/m/how-to/cooking-questions/how-to-blanch-00420000029218/ , 12
http://www.myrecipes.com/m/how-to/video/how-to-make-strawberry-margarita-jell-o-shots-00420000029416/ , 12
http://www.myrecipes.com/m/how-to/video/how-to-make-candied-yams-00420000025815/ , 12
http://www.myrecipes.com/m/how-to/video/easiest-way-to-freeze-casseroles-00420000029188/ , 12
http://www.myrecipes.com/m/how-to/video/easy-ways-to-freeze-soups-stews-00420000029189/ , 12
http://www.myrecipes.com/m/how-to/video/how-to-make-slow-cooker-chicken-thighs-00420000022284/ , 12
http://www.myrecipes.com/m/how-to/making-candy-a-slow-cooker-10000001925767/ , 12
http://www.myrecipes.com/m/how-to/video/how-to-make-easy-peach-cobbler-00420000022272/ , 12
http://www.myrecipes.com/m/how-to/video/how-to-make-bbq-chicken-blue-cheese-pizza-00420000027664/ , 12
http://www.myrecipes.com/m/how-to/video/bacon-for-a-crowd-00420000029502/ , 12
http://www.myrecipes.com/m/how-to/video/how-to-make-wonder-woman-cupcake-toppers-00420000029649/ , 12
http://www.myrecipes.com/summer-grilling/meats/easy-barbecue-chicken-recipes-10000001891720/ , 13
http://www.myrecipes.com/summer-grilling/grilled-appetizers-00420000005175/ , 13
http://www.myrecipes.com/summer-grilling/meats/grilled-chicken-menus-10000001990425/ , 13
http://www.myrecipes.com/summer-grilling/desserts/grilled-desserts-10000001738597/ , 13
http://www.myrecipes.com/summer-grilling/summer-drinks/fresh-squeezed-lemonade-10000001736842/ , 13
http://www.myrecipes.com/summer-grilling/meats/unique-burger-recipes-10000001608634/ , 13
http://www.myrecipes.com/summer-grilling/summer-menus/cool-dishes-hot-days-10000001827270/ , 13
http://www.myrecipes.com/summer-grilling/sides/cooking-corn-on-the-grill-10000001812536/ , 13
http://www.myrecipes.com/summer-grilling/desserts/best-peach-desserts-00420000004465/ , 13
http://www.myrecipes.com/summer-grilling/gluten-free-grilling-00420000028329/ , 13
http://www.myrecipes.com/summer-grilling/sides/best-potato-salad-recipes-10000001622930/ , 13
http://www.myrecipes.com/summer-grilling/sides/summer-pasta-salads-10000001631891/ , 13
http://www.myrecipes.com/summer-grilling/meats/steak-recipes-for-the-grill-10000001618081/ , 13
http://www.myrecipes.com/summer-grilling/summer-drinks/flavored-iced-tea-recipes-10000001736767/ , 13
http://www.myrecipes.com/healthy-diet/calorie-counts/healthy-frozen-treats-recipes-00420000000164/ , 14
http://www.myrecipes.com/healthy-diet/100-calorie-snack-recipes-10000001712459/ , 14
http://www.myrecipes.com/healthy-diet/10-no-cook-summer-salads-10000001815805/ , 14
http://www.myrecipes.com/healthy-diet/diabetic-diets-10000001933252/ , 14
http://www.myrecipes.com/healthy-diet/gluten-free-casein-free-desserts-10000001725108/ , 14
http://www.myrecipes.com/healthy-diet/superfood-recipes-with-watermelon-00420000000515/ , 14
http://www.myrecipes.com/healthy-diet/low-fat-high-fiber-recipes-10000001717155/ , 14
http://www.myrecipes.com/healthy-diet/sources-of-omega-3-10000001964952/ , 14
http://www.myrecipes.com/healthy-diet/heart-healthy-meals-10000001711371/ , 14
http://www.myrecipes.com/healthy-diet/vegetarian-advisory-7-necessary-nutrients-10000001731018/ , 14
http://www.myrecipes.com/healthy-diet/super-foods/guide-to-superfoods-10000001914526/ , 14
http://www.myrecipes.com/healthy-diet/low-sugar-snack-recipes-10000001670924/ , 14
http://www.myrecipes.com/healthy-diet/heart-healthy-eating-10000001708308/ , 14
http://www.myrecipes.com/quick-and-easy/dinner-tonight/how-to-cook-southwest-salsa-burgers-00420000000237/ , 15
http://www.myrecipes.com/quick-and-easy/dinner-tonight/how-to-cook-dcaprese-wraps-with-chicken-10000001986056/ , 15
http://www.myrecipes.com/quick-and-easy/dinner-tonight/how-to-make-kung-pao-chicken-00420000004274/ , 15
http://www.myrecipes.com/quick-and-easy/dinner-tonight/how-to-cook-shiitake-sweet-pea-risotto-10000001966516/ , 15
http://www.myrecipes.com/quick-and-easy/dinner-tonight/how-to-cook-turkey-panini-with-watercress-citrus-aioli-10000001986058/ , 15
http://www.myrecipes.com/quick-and-easy/5-ingredients-or-less/how-to-cook-milk-chocolate-peanut-butter-mousse-00420000010389/ , 15
http://www.myrecipes.com/quick-and-easy/dinner-tonight/how-to-cook-eggplant-goat-cheese-sandwiches-10000001926592/ , 15
http://www.myrecipes.com/quick-and-easy/5-ingredients-or-less/easy-roast-chicken-00420000007817/ , 15
http://www.myrecipes.com/quick-and-easy/dinner-tonight/how-to-make-avocado-chicken-salad-00420000020147/ , 15
http://www.myrecipes.com/quick-and-easy/dinner-tonight/how-to-cook-chicken-and-broccoli-rice-bowl-00420000020146/ , 15
http://www.myrecipes.com/quick-and-easy/5-ingredients-or-less/how-to-cook-chicken-tortilla-pie-00420000006248/ , 15
http://www.myrecipes.com/quick-and-easy/dinner-tonight/how-to-cook-black-bean-burrito-bake-10000001857203/ , 15
http://www.myrecipes.com/quick-and-easy/dinner-tonight/how-to-cook-chicken-black-bean-stuffed-burritos-00420000004294/ , 15
http://www.myrecipes.com/recipe/chile-roasted-turkey-with-chorizo-corn-bread-stuffing-10000000650875/ , 16
http://www.myrecipes.com/recipe/double-chocolate-bombe-10000000257857/ , 16
http://www.myrecipes.com/recipe/wine-braised-short-ribs-with-parsnips-carrots-artichokes-10000001886183/ , 16
http://www.myrecipes.com/recipe/key-lime-ice-cream-pie-50400000129231/ , 16
http://www.myrecipes.com/recipe/red-wine-onion-braised-brisket-50400000120350/ , 16
http://www.myrecipes.com/recipe/mosaic-tea-sandwiches-50400000134461/ , 16
http://www.myrecipes.com/recipe/johnsonville-skillet-mac-cheese-kielbasa-00420000026800/ , 16
http://www.myrecipes.com/recipe/royal-icing-10000001875514/ , 16
http://www.myrecipes.com/recipe/st-patricks-day-cupcakes-50400000133891/ , 16
http://www.myrecipes.com/recipe/chicken-shrimp-ham-jambalaya-10000001589382/ , 16
http://www.myrecipes.com/recipe/spicy-bacon-brew-muffins-50400000135389/ , 16
http://www.myrecipes.com/recipe/mushroom-squash-bread-pudding-50400000117168/ , 16
http://www.myrecipes.com/quick-and-easy/quick-and-simple-weeknight-meals-10000001940007/ , 17
http://www.myrecipes.com/quick-and-easy/5-ingredients-or-less/5-ingredient-summer-desserts-00420000012619/ , 17
http://www.myrecipes.com/quick-and-easy/no-cook-side-dishes-00420000000606/ , 17
http://www.myrecipes.com/quick-and-easy/6-ingredient-vegetable-side-dishes-10000001865198/ , 17
http://www.myrecipes.com/quick-and-easy/quick-easy-pizza-recipes-10000001663151/ , 17
http://www.myrecipes.com/quick-and-easy/15-minute-recipes/quick-chicken-dishes-10000001832096/ , 17
http://www.myrecipes.com/quick-and-easy/15-minute-recipes/quick-sweet-treats-10000001858312/ , 17
http://www.myrecipes.com/quick-and-easy/15-minute-recipes/easy-scallop-dishes-10000001970005/ , 17
http://www.myrecipes.com/quick-and-easy/easy-chicken-menus-00420000005523/ , 17
http://www.myrecipes.com/quick-and-easy/5-ingredients-or-less/simple-dinner-recipes-for-the-family-10000001823014/ , 17
http://www.myrecipes.com/quick-and-easy/5-ingredients-or-less/5-ingredient-recipes-for-entertaining-00420000008622/ , 17
http://www.myrecipes.com/quick-and-easy/15-minute-recipes/quick-fish-dinners-10000001712080/ , 17
http://www.myrecipes.com/menus/inexpensive-party-food-ideas-10000001890703/ , 18
http://www.myrecipes.com/menus/easy-finger-food-recipes-10000001926557/ , 18
http://www.myrecipes.com/menus/martie-knows-parties/tequila-bar-party-00420000001119/ , 18
http://www.myrecipes.com/menus/party-cocktails-10000001712626/ , 18
http://www.myrecipes.com/menus/tailgating-menus-10000001661292/ , 18
http://www.myrecipes.com/menus/mexican-grill-recipes-10000001636325/ , 18
http://www.myrecipes.com/menus/summer-appetizers-10000001627864/ , 18
http://www.myrecipes.com/menus/easy-gourmet-appetizers-10000001940282/ , 18
http://www.myrecipes.com/menus/tailgating-dips-10000001621256/ , 18
http://www.myrecipes.com/menus/al-fresco-menu-10000001608191/ , 18
http://www.myrecipes.com/menus/pool-party-menu-10000001646034/ , 18
http://www.myrecipes.com/healthy-diet/heart-disease-facts-every-woman-should-know-10000001958743/ , 19
http://www.myrecipes.com/healthy-diet/salt-high-blood-pressure-10000001828569/ , 19
http://www.myrecipes.com/healthy-diet/new-gluten-free-label-laws-00420000022434/ , 19
http://www.myrecipes.com/healthy-diet/health-benefits-of-cinnamon-00420000026657/ , 19
http://www.myrecipes.com/healthy-diet/health-benefits-of-coconut-water-00420000026823/ , 19
http://www.myrecipes.com/healthy-diet/fight-heart-disease-potassium-10000001876518/ , 19
http://www.myrecipes.com/healthy-diet/health-benefits-of-cider-vinegar-00420000026666/ , 19
http://www.myrecipes.com/healthy-diet/baking-with-gluten-free-flour-00420000022683/ , 19
http://www.myrecipes.com/healthy-diet/gluten-free-holiday-tips-10000001858214/ , 19
http://www.myrecipes.com/healthy-diet/health-benefits-wine-10000001942502/ , 19
http://www.myrecipes.com/healthy-diet/health-benefits-of-honey-00420000026821/ , 19
http://www.myrecipes.com/salad-recipes/ , 20
http://www.myrecipes.com/sandwich-recipes/ , 20
http://www.myrecipes.com/breakfast-and-brunch-recipes/ , 20
http://www.myrecipes.com/pie-recipes/ , 20
http://www.myrecipes.com/snack-recipes/ , 20
http://www.myrecipes.com/casserole-recipes/ , 20
http://www.myrecipes.com/soup-recipes/ , 20
http://www.myrecipes.com/bread-recipes/ , 20
http://www.myrecipes.com/cookie-recipes/ , 20
http://www.myrecipes.com/drink-recipes/ , 20
http://www.myrecipes.com/appetizer-recipes/ , 20
http://www.myrecipes.com/m/how-to/7-ways-with/recipes-using-blueberries-10000001809930/ , 21
http://www.myrecipes.com/m/how-to/7-ways-with/recipes-using-cherries-10000001814951/ , 21
http://www.myrecipes.com/m/how-to/7-ways-with/ways-to-cook-with-jalapenos-10000001736096/ , 21
http://www.myrecipes.com/m/how-to/7-ways-with/recipes-using-mint-10000001736602/ , 21
http://www.myrecipes.com/m/how-to/7-ways-with/recipes-using-watermelon-10000001646567/ , 21
http://www.myrecipes.com/m/how-to/7-ways-with/cooking-with-fresh-figs-00420000012142/ , 21
http://www.myrecipes.com/m/how-to/7-ways-with/cooking-with-limes-10000001879427/ , 21
http://www.myrecipes.com/m/how-to/7-ways-with/ways-to-cook-zucchini-10000001811517/ , 21
http://www.myrecipes.com/m/how-to/7-ways-with/recipes-using-fresh-tomatoes-10000001809865/ , 21
http://www.myrecipes.com/m/how-to/7-ways-with/recipes-using-fresh-peaches-10000001813891/ , 21
http://www.myrecipes.com/m/how-to/5-to-try/ideas-for-summer-appetizers-10000001903404/ , 21
http://www.myrecipes.com/holidays-and-occasions/wedding-and-shower-recipes/wedding-cake-alternatives-00420000013988/ , 22
http://www.myrecipes.com/holidays-and-occasions/christmas-recipes/gourmet-hors-doeuvres-10000001832968/ , 22
http://www.myrecipes.com/holidays/desserts/no-bake-holiday-desserts-10000001682697/ , 22
http://www.myrecipes.com/holidays-and-occasions/christmas-recipes/homemade-pie-recipes-10000001674403/ , 22
http://www.myrecipes.com/holidays-and-occasions/wedding-and-shower-recipes/mason-jar-drink-recipes-00420000013950/ , 22
http://www.myrecipes.com/holidays-and-occasions/wedding-and-shower-recipes/diy-wedding-favor-ideas-00420000013981/ , 22
http://www.myrecipes.com/holidays-and-occasions/wedding-and-shower-recipes/ultimate-wedding-menus-00420000004447/ , 22
http://www.myrecipes.com/holidays/healthy/diabetic-holiday-main-dishes-10000001855915/ , 22
http://www.myrecipes.com/holidays-and-occasions/tailgating-recipes/5-ingredient-tailgate-appetizers-00420000012848/ , 22
http://www.myrecipes.com/holidays-and-occasions/wedding-and-shower-recipes/wedding-reception-ideas-00420000013980/ , 22
http://www.myrecipes.com/holidays/desserts/editors-favorite-holiday-desserts-00420000015076/ , 22
http://www.myrecipes.com/m/soup-recipes/ , 23
http://www.myrecipes.com/m/sandwich-recipes/ , 23
http://www.myrecipes.com/m/cookie-recipes/ , 23
http://www.myrecipes.com/m/breakfast-and-brunch-recipes/ , 23
http://www.myrecipes.com/m/cake-recipes/ , 23
http://www.myrecipes.com/m/casserole-recipes/ , 23
http://www.myrecipes.com/m/snack-recipes/ , 23
http://www.myrecipes.com/m/salad-recipes/ , 23
http://www.myrecipes.com/m/appetizer-recipes/ , 23
http://www.myrecipes.com/m/dessert-recipes/ , 23
http://www.myrecipes.com/m/pie-recipes/ , 23
http://www.myrecipes.com/ingredients/beef-recipes/ground-beef-meals-10000001825633/ , 24
http://www.myrecipes.com/ingredients/chicken-recipes/slow-cooker-chicken-recipes-10000001882100/ , 24
http://www.myrecipes.com/ingredients/beef-recipes/food-and-wine-beef-recipes-00420000018749/ , 24
http://www.myrecipes.com/ingredients/chicken-recipes/5-ingredient-chicken-recipes-10000001883792/ , 24
http://www.myrecipes.com/ingredients/chicken-recipes/easy-chicken-stir-fry-10000001885075/ , 24
http://www.myrecipes.com/ingredients/chicken-recipes/easy-recipes-rotisserie-chicken-10000001906789/ , 24
http://www.myrecipes.com/ingredients/chicken-recipes/gooseberry-patch-chicken-recipes-00420000011286/ , 24
http://www.myrecipes.com/ingredients/chicken-recipes/best-chicken-salad-10000001890721/ , 24
http://www.myrecipes.com/ingredients/chicken-recipes/chicken-dinners-10000001703754/ , 24
http://www.myrecipes.com/ingredients/chicken-recipes/hot-chicken-sandwiches-10000001878880/ , 24
http://www.myrecipes.com/m/summer-grilling/meats/steak-recipes-for-the-grill-10000001618081/ , 25
http://www.myrecipes.com/m/summer-grilling/summer-drinks/fresh-squeezed-lemonade-10000001736842/ , 25
http://www.myrecipes.com/m/summer-grilling/summer-menus/cool-dishes-hot-days-10000001827270/ , 25
http://www.myrecipes.com/m/summer-grilling/sides/best-potato-salad-recipes-10000001622930/ , 25
http://www.myrecipes.com/m/summer-grilling/meats/unique-burger-recipes-10000001608634/ , 25
http://www.myrecipes.com/m/summer-grilling/desserts/grilled-desserts-10000001738597/ , 25
http://www.myrecipes.com/m/summer-grilling/summer-drinks/flavored-iced-tea-recipes-10000001736767/ , 25
http://www.myrecipes.com/m/summer-grilling/sides/cooking-corn-on-the-grill-10000001812536/ , 25
http://www.myrecipes.com/m/summer-grilling/gluten-free-grilling-00420000028329/ , 25
http://www.myrecipes.com/m/summer-grilling/desserts/best-peach-desserts-00420000004465/ , 25
http://www.myrecipes.com/menus/weeknight-meal-planner-00420000011371/ , 26
http://www.myrecipes.com/menus/weeknight-meal-planner-00420000011342/ , 26
http://www.myrecipes.com/menus/weeknight-meal-planner-00420000029625/ , 26
http://www.myrecipes.com/menus/weeknight-meal-planner-00420000011529/ , 26
http://www.myrecipes.com/menus/weeknight-meal-planner-00420000029862/ , 26
http://www.myrecipes.com/menus/weeknight-meal-planner-00420000011373/ , 26
http://www.myrecipes.com/menus/weeknight-meal-planner-00420000029686/ , 26
http://www.myrecipes.com/menus/weeknight-meal-planner-00420000011341/ , 26
http://www.myrecipes.com/menus/weeknight-meal-planner-00420000030014/ , 26
http://www.myrecipes.com/t/kid-friendly/lunches-and-sandwiches/ , 27
http://www.myrecipes.com/t/mexican/tacos/ , 27
http://www.myrecipes.com/t/fruit/berries/ , 27
http://www.myrecipes.com/t/mexican/enchiladas/ , 27
http://www.myrecipes.com/t/appetizers/dips-and-spreads/ , 27
http://www.myrecipes.com/t/low-fat/dinners/ , 27
http://www.myrecipes.com/t/fruit/berries/blueberries/ , 27
http://www.myrecipes.com/t/soups/chilis/ , 27
http://www.myrecipes.com/t/drinks/cocktails/ , 27
http://www.myrecipes.com/gluten-free-recipes/ , 28
http://www.myrecipes.com/weight-loss-recipes/ , 28
http://www.myrecipes.com/healthy-recipes/ , 28
http://www.myrecipes.com/low-fat-recipes/ , 28
http://www.myrecipes.com/vegetarian-recipes/ , 28
http://www.myrecipes.com/low-carbohydrate-recipes/ , 28
http://www.myrecipes.com/low-calorie-recipes/ , 28
http://www.myrecipes.com/diabetic-recipes/ , 28
http://www.myrecipes.com/heart-healthy-recipes/ , 28
http://www.myrecipes.com/course/appetizer-recipes/portable-appetizers-00420000001298/ , 29
http://www.myrecipes.com/course/dessert-recipes/best-chocolate-desserts-00420000003236/ , 29
http://www.myrecipes.com/course/breakfast-and-brunch-recipes/best-breakfast-casseroles-00420000001303/ , 29
http://www.myrecipes.com/course/appetizer-recipes/easy-appetizers-from-gooseberry-patch-00420000020204/ , 29
http://www.myrecipes.com/course/dessert-recipes/blueberry-cobblers-pies-00420000011389/ , 29
http://www.myrecipes.com/course/salad-recipes/superfast-summer-salads-00420000028784/ , 29
http://www.myrecipes.com/course/appetizer-recipes/5-ingredient-appetizers-00420000001301/ , 29
http://www.myrecipes.com/course/appetizer-recipes/last-minute-appetizers-00420000001299/ , 29
http://www.myrecipes.com/course/appetizer-recipes/cooking-light-appetizers-10000001932289/ , 29
http://www.myrecipes.com/m/weight-loss-recipes/ , 30
http://www.myrecipes.com/m/diabetic-recipes/ , 30
http://www.myrecipes.com/m/low-carbohydrate-recipes/ , 30
http://www.myrecipes.com/m/healthy-recipes/ , 30
http://www.myrecipes.com/m/gluten-free-recipes/ , 30
http://www.myrecipes.com/m/low-calorie-recipes/ , 30
http://www.myrecipes.com/m/vegetarian-recipes/ , 30
http://www.myrecipes.com/m/heart-healthy-recipes/ , 30
http://www.myrecipes.com/special-diet/vegetarian-recipes/vegetarian-sandwich-recipes-10000001726286/ , 31
http://www.myrecipes.com/special-diet/gluten-free-recipes/best-gluten-free-soups-10000001685842/ , 31
http://www.myrecipes.com/special-diet/vegetarian-recipes/grilled-meatless-main-dish-recipes-00420000005539/ , 31
http://www.myrecipes.com/special-diet/vegetarian-recipes/bean-main-dishes-10000001724756/ , 31
http://www.myrecipes.com/special-diet/vegetarian-recipes/vegetarian-pasta-dishes-10000001724681/ , 31
http://www.myrecipes.com/special-diet/diabetic-recipes/diabetic-holiday-sides-salads-00420000001201/ , 31
http://www.myrecipes.com/special-diet/diabetic-recipes/low-sugar-party-foods-10000001855968/ , 31
http://www.myrecipes.com/special-diet/vegetarian-recipes/easy-vegetarian-meals-00420000001297/ , 31
http://www.myrecipes.com/how-to/video/how-to-use-kitchen-equipment-videos-00420000006931/ , 32
http://www.myrecipes.com/how-to/video/basic-cooking-skills-videos-00420000005919/ , 32
http://www.myrecipes.com/how-to/video/how-to-cook-meats-and-poultry-videos-00420000006934/ , 32
http://www.myrecipes.com/how-to/video/sandwich-school-00420000029776/ , 32
http://www.myrecipes.com/how-to/video/how-to-cook-breads-videos-00420000010144/ , 32
http://www.myrecipes.com/how-to/video/how-to-cook-desserts-videos-00420000005872/ , 32
http://www.myrecipes.com/how-to/cooking-questions/ask-the-expert-00420000013488/ , 32
http://www.myrecipes.com/how-to/video/how-to-cook-seafood-videos-00420000008618/ , 32
http://www.myrecipes.com/recipe/panko-crusted-crab-cake-bites-with-roasted-pepper-chive-aioli-10000000656208/ , 33
http://www.myrecipes.com/recipe/horseradish-mustard-crusted-beef-tenderloin-10000000833320/ , 33
http://www.myrecipes.com/recipe/roasted-asparagus-tomato-penne-50400000112004/ , 33
http://www.myrecipes.com/recipe/cheesy-squash-casserole-10000001732805/ , 33
http://www.myrecipes.com/recipe/lizard-pumpkin-pie-00420000012842/ , 33
http://www.myrecipes.com/recipe/rosemary-green-beans-10000001120161/ , 33
http://www.myrecipes.com/recipe/mixed-citrus-green-salad-10000001963999/ , 33
http://www.myrecipes.com/recipe/broccoli-apple-salad-10000001227845/ , 33
http://www.myrecipes.com/m/labor-day-recipes/ , 34
http://www.myrecipes.com/m/chinese-new-year-recipes/ , 34
http://www.myrecipes.com/m/birthday-party-recipes/ , 34
http://www.myrecipes.com/m/tailgating-recipes/ , 34
http://www.myrecipes.com/m/wedding-and-shower-recipes/ , 34
http://www.myrecipes.com/m/halloween-recipes/ , 34
http://www.myrecipes.com/m/cinco-de-mayo-recipes/ , 34
http://www.myrecipes.com/m/christmas-recipes/ , 34
http://www.myrecipes.com/m/budget-recipes/ , 35
http://www.myrecipes.com/m/canning-and-preserving-recipes/ , 35
http://www.myrecipes.com/m/freezer-recipes/ , 35
http://www.myrecipes.com/m/family-recipes/ , 35
http://www.myrecipes.com/m/make-ahead-recipes/ , 35
http://www.myrecipes.com/m/no-cook-recipes/ , 35
http://www.myrecipes.com/m/comfort-food-recipes/ , 35
http://www.myrecipes.com/kids/lunchbox-snacks-10000001915764/ , 36
http://www.myrecipes.com/kids/kid-approved-spinach-recipes-00420000000599/ , 36
http://www.myrecipes.com/kids/kid-approved/getting-kids-to-eat-vegetables-10000001988515/ , 36
http://www.myrecipes.com/kids/kids-lunch-box-ideas-00420000001911/ , 36
http://www.myrecipes.com/kids/kid-approved-broccoli-recipes-00420000000603/ , 36
http://www.myrecipes.com/kids/kid-approved/kid-friendly-slow-cooker-recipes-10000001960512/ , 36
http://www.myrecipes.com/kids/kid-approved/play-with-your-food-10000001913290/ , 36
http://www.myrecipes.com/cooking-method/slow-cooker-recipes/slow-cooker-drinks-10000001924170/ , 37
http://www.myrecipes.com/cooking-method/slow-cooker-recipes/slow-cooker-soup-recipes-10000001921024/ , 37
http://www.myrecipes.com/cooking-method/slow-cooker-recipes/slow-cooker-desserts-10000001924457/ , 37
http://www.myrecipes.com/cooking-method/slow-cooker-recipes/slow-cooker-side-dishes-10000001925474/ , 37
http://www.myrecipes.com/cooking-method/slow-cooker-recipes/beef-slow-cooker-recipes-10000001920321/ , 37
http://www.myrecipes.com/cooking-method/slow-cooker-recipes/summer-slow-cooker-recipes-00420000011460/ , 37
http://www.myrecipes.com/cooking-method/slow-cooker-recipes/slow-cooker-new-years-recipes-00420000017456/ , 37
http://www.myrecipes.com/m/quick-and-easy/dinner-tonight/how-to-cook-turkey-panini-with-watercress-citrus-aioli-10000001986058/ , 38
http://www.myrecipes.com/m/quick-and-easy/dinner-tonight/how-to-cook-chicken-and-broccoli-rice-bowl-00420000020146/ , 38
http://www.myrecipes.com/m/quick-and-easy/dinner-tonight/how-to-make-kung-pao-chicken-00420000004274/ , 38
http://www.myrecipes.com/m/quick-and-easy/dinner-tonight/how-to-cook-chicken-black-bean-stuffed-burritos-00420000004294/ , 38
http://www.myrecipes.com/m/quick-and-easy/dinner-tonight/how-to-cook-dcaprese-wraps-with-chicken-10000001986056/ , 38
http://www.myrecipes.com/m/quick-and-easy/5-ingredients-or-less/easy-roast-chicken-00420000007817/ , 38
http://www.myrecipes.com/m/quick-and-easy/5-ingredients-or-less/how-to-cook-chicken-tortilla-pie-00420000006248/ , 38
http://www.myrecipes.com/m/menus/pool-party-menu-10000001646034/ , 39
http://www.myrecipes.com/m/menus/al-fresco-menu-10000001608191/ , 39
http://www.myrecipes.com/m/menus/tailgating-menus-10000001661292/ , 39
http://www.myrecipes.com/m/menus/party-cocktails-10000001712626/ , 39
http://www.myrecipes.com/m/menus/summer-appetizers-10000001627864/ , 39
http://www.myrecipes.com/m/menus/mexican-grill-recipes-10000001636325/ , 39
http://www.myrecipes.com/lamb-recipes/ , 40
http://www.myrecipes.com/chicken-recipes/ , 40
http://www.myrecipes.com/fish-recipes/ , 40
http://www.myrecipes.com/cheese-recipes/ , 40
http://www.myrecipes.com/beef-recipes/ , 40
http://www.myrecipes.com/chocolate-recipes/ , 40
http://www.myrecipes.com/magazines-and-cookbooks/cooking-light-recipes/recipe-collection-cooking-light-june-2014-00420000028693/?autosave=1 , 41
http://www.myrecipes.com/magazines-and-cookbooks/all-you-recipes/recipe-collection-all-you-june-2014-00420000028692/ , 41
http://www.myrecipes.com/magazines-and-cookbooks/all-you-recipes/recipe-collection-all-you-june-2014-00420000028692/?autosave=1 , 41
http://www.myrecipes.com/magazines-and-cookbooks/sunset-recipes/june-2014-00420000028540/?autosave=1 , 41
http://www.myrecipes.com/magazines-and-cookbooks/sunset-recipes/june-2014-00420000028540/ , 41
http://www.myrecipes.com/magazines-and-cookbooks/cooking-light-recipes/recipe-collection-cooking-light-june-2014-00420000028693/ , 41
http://www.myrecipes.com/m/bread-machine-recipes/ , 42
http://www.myrecipes.com/m/barbecue-recipes/ , 42
http://www.myrecipes.com/m/convection-oven-recipes/ , 42
http://www.myrecipes.com/m/blender-recipes/ , 42
http://www.myrecipes.com/m/slow-cooker-recipes/ , 42
http://www.myrecipes.com/m/baking-recipes/ , 42
http://www.myrecipes.com/m/lamb-recipes/ , 43
http://www.myrecipes.com/m/chocolate-recipes/ , 43
http://www.myrecipes.com/m/cheese-recipes/ , 43
http://www.myrecipes.com/m/chicken-recipes/ , 43
http://www.myrecipes.com/m/beef-recipes/ , 43
http://www.myrecipes.com/m/fish-recipes/ , 43
http://www.myrecipes.com/kids/kid-approved/sandwich-recipes-for-kids-10000001969472/ , 44
http://www.myrecipes.com/kids/kid-approved/kids-favorite-dinner-recipes-10000001913311/ , 44
http://www.myrecipes.com/kids/healthy-kids/healthy-recipes-for-picky-eaters-10000001967177/ , 44
http://www.myrecipes.com/kids/kid-approved/quick-kid-friendly-meals-10000001955235/ , 44
http://www.myrecipes.com/kids/kid-approved/kid-friendly-breakfast-recipes-10000001913224/ , 44
http://www.myrecipes.com/kids/healthy-kids/secrets-to-raising-vegetable-eaters-00420000004023/ , 44
http://www.myrecipes.com/holidays/videos/gluten-free-stuffing-10000001858458/ , 45
http://www.myrecipes.com/holidays/videos/10-tips-a-gluten-free-holiday-10000001858475/ , 45
http://www.myrecipes.com/holidays/videos/gluten-free-pecan-pie-10000001858462/ , 45
http://www.myrecipes.com/holidays/videos/gluten-free-turkey-10000001858454/ , 45
http://www.myrecipes.com/holidays/videos/how-to-make-candy-truffles-00420000008543/ , 45
http://www.myrecipes.com/holidays/videos/gluten-free-traditional-sweet-potato-casserole-10000001858464/ , 45
http://www.myrecipes.com/m/american-recipes/ , 46
http://www.myrecipes.com/m/asian-recipes/ , 46
http://www.myrecipes.com/m/caribbean-recipes/ , 46
http://www.myrecipes.com/m/cajun-and-creole-recipes/ , 46
http://www.myrecipes.com/m/african-recipes/ , 46
http://www.myrecipes.com/kids/play-with-your-food/themed-sweet-treats-for-kids-10000001956006/ , 47
http://www.myrecipes.com/kids/healthy-kids/homemade-popsicles-10000001891814/ , 47
http://www.myrecipes.com/kids/healthy-kids/low-calorie-family-meals-10000001985162/ , 47
http://www.myrecipes.com/kids/pack-lunch-with-healthy-punch-10000001661709/ , 47
http://www.myrecipes.com/kids/back-to-school-brain-food-00420000005885/ , 47
http://www.myrecipes.com/budget-recipes/ , 48
http://www.myrecipes.com/comfort-food-recipes/ , 48
http://www.myrecipes.com/family-recipes/ , 48
http://www.myrecipes.com/no-cook-recipes/ , 48
http://www.myrecipes.com/make-ahead-recipes/ , 48
http://www.myrecipes.com/quick-and-easy/15-minute-recipes/15-minute-meals-10000001832080/ , 49
http://www.myrecipes.com/quick-and-easy/5-ingredients-or-less/5-ingredient-main-dishes-00420000012228/ , 49
http://www.myrecipes.com/quick-and-easy/15-minute-recipes/broiled-recipes-10000001843776/ , 49
http://www.myrecipes.com/quick-and-easy/15-minute-recipes/fast-vegetarian-dinners-10000001832128/ , 49
http://www.myrecipes.com/quick-and-easy/5-ingredient-sandwiches-00420000000865/ , 49
http://www.myrecipes.com/m/kids/healthy-kids/homemade-popsicles-10000001891814/ , 50
http://www.myrecipes.com/m/kids/pack-lunch-with-healthy-punch-10000001661709/ , 50
http://www.myrecipes.com/m/kids/healthy-kids/secrets-to-raising-vegetable-eaters-00420000004023/ , 50
http://www.myrecipes.com/m/kids/kid-approved/sandwich-recipes-for-kids-10000001969472/ , 50
http://www.myrecipes.com/m/kids/back-to-school-brain-food-00420000005885/ , 50
http://www.myrecipes.com/m/healthy-diet/health-benefits-of-cinnamon-00420000026657/ , 51
http://www.myrecipes.com/m/healthy-diet/new-gluten-free-label-laws-00420000022434/ , 51
http://www.myrecipes.com/m/healthy-diet/health-benefits-of-coconut-water-00420000026823/ , 51
http://www.myrecipes.com/m/healthy-diet/health-benefits-of-honey-00420000026821/ , 51
http://www.myrecipes.com/m/healthy-diet/health-benefits-of-cider-vinegar-00420000026666/ , 51
http://www.myrecipes.com/special-diet/diabetic-recipes/diabetic-desserts-00420000001200/ , 52
http://www.myrecipes.com/special-diet/gluten-free-recipes/best-gluten-free-cookout-foods-00420000028319/ , 52
http://www.myrecipes.com/special-diet/healthy-recipes/high-potassium-recipes-00420000001236/ , 52
http://www.myrecipes.com/special-diet/vegetarian-recipes/vegan-meals-00420000001296/ , 52
http://www.myrecipes.com/special-diet/diabetic-recipes/diabetes-friendly-breads-00420000001202/ , 52
http://www.myrecipes.com/m/quick-and-easy/15-minute-recipes/quick-fish-dinners-10000001712080/ , 53
http://www.myrecipes.com/m/quick-and-easy/6-ingredient-vegetable-side-dishes-10000001865198/ , 53
http://www.myrecipes.com/m/quick-and-easy/5-ingredients-or-less/5-ingredient-recipes-for-entertaining-00420000008622/ , 53
http://www.myrecipes.com/m/quick-and-easy/5-ingredients-or-less/5-ingredient-summer-desserts-00420000012619/ , 53
http://www.myrecipes.com/how-to/making-candy-a-slow-cooker-10000001925767/ , 54
http://www.myrecipes.com/how-to/making-lasagna-a-slow-cooker-10000001925761/ , 54
http://www.myrecipes.com/how-to/baking-cake-a-slow-cooker-10000001925760/ , 54
http://www.myrecipes.com/how-to/cooking-pork-roast-a-slow-cooker-10000001925766/ , 54
http://www.myrecipes.com/m/healthy-diet/super-foods/guide-to-superfoods-10000001914526/ , 55
http://www.myrecipes.com/m/healthy-diet/gluten-free-casein-free-desserts-10000001725108/ , 55
http://www.myrecipes.com/m/healthy-diet/sources-of-omega-3-10000001964952/ , 55
http://www.myrecipes.com/m/healthy-diet/superfood-recipes-with-watermelon-00420000000515/ , 55
http://www.myrecipes.com/health-magazine-recipes/ , 56
http://www.myrecipes.com/real-simple-recipes/ , 56
http://www.myrecipes.com/coastal-living-recipes/ , 56
http://www.myrecipes.com/all-you-recipes/ , 56
http://www.myrecipes.com/m/recipe/nutty-irishman-50400000133877/ , 57
http://www.myrecipes.com/m/recipe/johnsonville-strawberry-apple-chicken-sausage-salad-00420000026726/ , 57
http://www.myrecipes.com/m/recipe/salmoriglio-sauce-10000000366248/ , 57
http://www.myrecipes.com/m/recipe/johnsonville-classic-meatballs-and-spaghetti-00420000026698/ , 57
http://www.myrecipes.com/bread-machine-recipes/ , 58
http://www.myrecipes.com/barbecue-recipes/ , 58
http://www.myrecipes.com/baking-recipes/ , 58
http://www.myrecipes.com/slow-cooker-recipes/ , 58
http://www.myrecipes.com/m/recipe/cheesy-squash-casserole-10000001732805/ , 59
http://www.myrecipes.com/m/recipe/horseradish-mustard-crusted-beef-tenderloin-10000000833320/ , 59
http://www.myrecipes.com/m/recipe/broccoli-apple-salad-10000001227845/ , 59
http://www.myrecipes.com/m/recipe/rosemary-green-beans-10000001120161/ , 59
http://www.myrecipes.com/m/real-simple-recipes/ , 60
http://www.myrecipes.com/m/coastal-living-recipes/ , 60
http://www.myrecipes.com/m/health-magazine-recipes/ , 60
http://www.myrecipes.com/m/all-you-recipes/ , 60
http://www.myrecipes.com/m/ingredients/chicken-recipes/gooseberry-patch-chicken-recipes-00420000011286/ , 61
http://www.myrecipes.com/m/ingredients/chicken-recipes/easy-recipes-rotisserie-chicken-10000001906789/ , 61
http://www.myrecipes.com/m/ingredients/chicken-recipes/chicken-dinners-10000001703754/ , 61
http://www.myrecipes.com/m/ingredients/beef-recipes/food-and-wine-beef-recipes-00420000018749/ , 61
http://www.myrecipes.com/kids/homemade-baby-food-tips-00420000003526/ , 62
http://www.myrecipes.com/kids/one-minute-lunchbox-ham-sandwich-00420000027105/ , 62
http://www.myrecipes.com/kids/one-minute-lunchbox-turkey-sandwich-00420000027103/ , 62
http://www.myrecipes.com/kids/one-minute-lunchbox-pbj-bagel-00420000027104/ , 62
http://www.myrecipes.com/menus/back-to-school-pizza-party-menu-10000001828263/ , 63
http://www.myrecipes.com/menus/registering-for-wedding-kitchen-10000001817553/ , 63
http://www.myrecipes.com/menus/freeze-ahead-party-food-10000001683287/ , 63
http://www.myrecipes.com/menus/store-bought-appetizers-party-10000001602653/ , 63
http://www.myrecipes.com/caribbean-recipes/ , 64
http://www.myrecipes.com/american-recipes/ , 64
http://www.myrecipes.com/asian-recipes/ , 64
http://www.myrecipes.com/cajun-and-creole-recipes/ , 64
http://www.myrecipes.com/t/low-fat/soups/ , 65
http://www.myrecipes.com/t/valentines-day/main-dishes/ , 65
http://www.myrecipes.com/t/low-fat/breakfasts/ , 65
http://www.myrecipes.com/m/recipe/nature-valley-granola-crusted-salmon-00420000029563/ , 66
http://www.myrecipes.com/m/recipe/nature-valley-vanilla-yogurt-pie-00420000029561/ , 66
http://www.myrecipes.com/m/recipe/nature-valley-crunchy-kale-salad-yogurt-vinaigrette-00420000029565/ , 66
http://www.myrecipes.com/t/breakfast-and-brunch/breads-and-pastries/ , 67
http://www.myrecipes.com/t/easter/baked-ham/ , 67
http://www.myrecipes.com/t/christmas/dinner-and-menus/ , 67
http://www.myrecipes.com/recipe/nature-valley-vanilla-yogurt-pie-00420000029561/ , 68
http://www.myrecipes.com/recipe/nature-valley-granola-crusted-salmon-00420000029563/ , 68
http://www.myrecipes.com/recipe/nature-valley-crunchy-kale-salad-yogurt-vinaigrette-00420000029565/ , 68
http://www.myrecipes.com/quick-and-easy/dinner-tonight/ , 69
http://www.myrecipes.com/quick-and-easy//5-ingredients-or-less/ , 69
http://www.myrecipes.com/quick-and-easy/5-ingredients-or-less/ , 69
http://www.myrecipes.com/healthy-diet/month-heart-healthy-recipes-00420000009758/ , 70
http://www.myrecipes.com/healthy-diet/calorie-counts/month-of-100-calorie-snacks-10000001695507/ , 70
http://www.myrecipes.com/healthy-diet/calorie-counts/100-calorie-snacks-00420000016823/ , 70
http://www.myrecipes.com/course/side-dish-recipes/100-summer-side-dishes-00420000011891/ , 71
http://www.myrecipes.com/course/dessert-recipes/pumpkin-desserts-10000001841344/ , 71
http://www.myrecipes.com/course/casserole-recipes/gooseberry-patch-casserole-recipes-00420000011288/ , 71
http://www.myrecipes.com/m/kids/play-with-your-food/alphabet-chicken-soup-10000001915548/ , 72
http://www.myrecipes.com/m/kids/play-with-your-food/incredible-edible-nutty-putty-10000001916934/ , 72
http://www.myrecipes.com/m/kids/homemade-baby-food-tips-00420000003526/ , 72
http://www.myrecipes.com/general/ingredient-chef/ingredient-chef-00420000010081/ , 73
http://www.myrecipes.com/general/ingredient-chef/ingredient-chef-00420000010081/?pid=ic-hp-promo , 73
http://www.myrecipes.com/general/ingredient-chef/ingredient-chef-00420000010081/?pid=ingredient-search , 73
http://www.myrecipes.com/m/course/appetizer-recipes/cooking-light-appetizers-10000001932289/ , 74
http://www.myrecipes.com/m/course/salad-recipes/superfast-summer-salads-00420000028784/ , 74
http://www.myrecipes.com/m/course/dessert-recipes/blueberry-cobblers-pies-00420000011389/ , 74
http://www.myrecipes.com/m/holidays/videos/10-tips-a-gluten-free-holiday-10000001858475/ , 75
http://www.myrecipes.com/m/holidays/videos/gluten-free-turkey-10000001858454/ , 75
http://www.myrecipes.com/m/holidays/videos/gluten-free-stuffing-10000001858458/ , 75
http://www.myrecipes.com/quick-and-easy/15-minute-recipes/ , 76
http://www.myrecipes.com/quick-and-easy/ , 76
http://www.myrecipes.com/general/press-00420000000039/ , 77
http://www.myrecipes.com/general/about-us-00420000000028/ , 77
http://www.myrecipes.com/m/recipe/vanilla-cheesecake-with-cherry-topping-10000000385225/ , 78
http://www.myrecipes.com/m/recipe/watermelon-bellinis-10000001918502/ , 78
http://www.myrecipes.com/menu/grooms-chocolate-table-10000001840600/ , 79
http://www.myrecipes.com/menu/bridesmaids-luncheon-menu-10000001828775/ , 79
http://www.myrecipes.com/holidays-and-occasions/wedding-and-shower-recipes/elegant-wedding-cakes-00420000001288/ , 80
http://www.myrecipes.com/holidays-and-occasions/easter-recipes/make-ahead-desserts-10000001648554/ , 80
http://www.myrecipes.com/m/menus/registering-for-wedding-kitchen-10000001817553/ , 81
http://www.myrecipes.com/m/menus/back-to-school-pizza-party-menu-10000001828263/ , 81
http://www.myrecipes.com/kids/kids-mini-player-00420000010638/ , 82
http://www.myrecipes.com/static/generic/meal-machine/ , 82
http://www.myrecipes.com/kids/play-with-your-food/incredible-edible-nutty-putty-10000001916934/ , 83
http://www.myrecipes.com/kids/play-with-your-food/alphabet-chicken-soup-10000001915548/ , 83
http://www.myrecipes.com/m/kids/kids-lunch-box-ideas-00420000001911/ , 84
http://www.myrecipes.com/m/kids/kid-approved/play-with-your-food-10000001913290/ , 84
http://www.myrecipes.com/how-to/5-to-try/slow-cooker-ideas-10000001882046/ , 85
http://www.myrecipes.com/how-to/5-to-try/5-creamy-fruit-smoothie-recipes-00420000000135/ , 85
http://www.myrecipes.com/m/r/my_recipe_file/ , 86
http://www.myrecipes.com/m/r/my_recipe_file/?trAu=1&returnUrl=http://www.myrecipes.com/m/r/my_recipe_file/shopping_lists , 86
http://www.myrecipes.com/m/kids/ , 87
http://www.myrecipes.com/m/kids/healthy-kids/ , 87
http://www.myrecipes.com/recipe/watermelon-bellinis-10000001918502/ , 88
http://www.myrecipes.com/recipe/vanilla-cheesecake-with-cherry-topping-10000000385225/ , 88
http://www.myrecipes.com/m/quick-and-easy/ , 89
http://www.myrecipes.com/m/quick-and-easy/15-minute-recipes/ , 89
http://www.myrecipes.com/kids/ , 90
http://www.myrecipes.com/kids/healthy-kids/ , 90
http://www.myrecipes.com/convection-oven-recipes/ , 91
http://www.myrecipes.com/blender-recipes/ , 91
http://www.myrecipes.com/m/cooking-method/slow-cooker-recipes/slow-cooker-soup-recipes-10000001921024/ , 92
http://www.myrecipes.com/m/cooking-method/slow-cooker-recipes/summer-slow-cooker-recipes-00420000011460/ , 92
http://www.myrecipes.com/side-dish-recipes/ , 93
http://www.myrecipes.com/cake-recipes/ , 93
http://www.myrecipes.com/canning-and-preserving-recipes/ , 94
http://www.myrecipes.com/freezer-recipes/ , 94
http://www.myrecipes.com/convenience/no-cook-recipes/no-cook-suppers-10000001821078/ , 95
http://www.myrecipes.com/convenience/family-recipes/healthy-family-meals-10000001652837/ , 95
http://www.myrecipes.com/m/healthy-diet/calorie-counts/ , 96
http://www.myrecipes.com/m/healthy-diet/ , 96
http://www.myrecipes.com/menu/elegant-reception-at-home-10000001840046/ , 97
http://www.myrecipes.com/menu/seated-dinner-reception-menu-10000001828798/ , 97
http://www.myrecipes.com/m/menus/ , 98
http://www.myrecipes.com/m/menus/weeknight-meal-planners-00420000011372/ , 98
http://www.myrecipes.com/special-diet/vegetarian-recipes/types-of-vegetarian-diets-10000001724760/ , 99
http://www.myrecipes.com/special-diet/vegetarian-recipes/steps-to-becoming-vegetarian-10000001731196/ , 99
http://www.myrecipes.com/contests-and-sweepstakes/recipe-contests-sweepstakes-00420000000466/ , 100
http://www.myrecipes.com/static/shells/cheetahmail/newsletter-thankyou-pop.html , 101
http://www.myrecipes.com/general/slow-cooker-appetizers-10000001926051/ , 102
http://www.myrecipes.com/m/course/daily-indulgence-recipes/daily-indulgence-august-2012-00420000012620/ , 103
http://www.myrecipes.com/oxmoor-house-books-recipes/ , 104
http://www.myrecipes.com/m/how-to/video/sandwich-school-00420000029776/ , 105
http://www.myrecipes.com/m/holidays-and-occasions/ , 106
http://www.myrecipes.com/r/login/ , 107
http://www.myrecipes.com/m/summer-grilling/summer-of-bacon-00420000029531/ , 108
http://www.myrecipes.com/cooking-method/slow-cooker-recipes/slow-cooker-vegetarian-recipes-00420000014770/ , 109
http://www.myrecipes.com/convenience/family-recipes/recipes-for-busy-moms-00420000004348/ , 110
http://www.myrecipes.com/ingredients/chicken-recipes/ , 111
http://www.myrecipes.com/recipe/sparkling-cranberry-blush-10000000232620/ , 112
http://www.myrecipes.com/how-to/video/cooking-videos-00420000005876/ , 113
http://www.myrecipes.com/m/world-cuisine/mexican-recipes/mexican-dinner-menus-00420000001305/ , 114
http://www.myrecipes.com/r/my_recipe_file/ , 115
http://www.myrecipes.com/m/ , 116
http://www.myrecipes.com/m/quick-and-easy/easy-freezer-meals-10000001602670/ , 117
http://www.myrecipes.com/recipe-finder/sponsor-recipes/sponsor-recipes-00420000022880/ , 118
http://www.myrecipes.com/dessert-recipes/ , 119
http://www.myrecipes.com/ingredients/chicken-recipes/easy-greek-chicken-recipes-10000001990329/ , 120
http://www.myrecipes.com/how-to/video/how-to-prepare-and-cook-produce-videos-00420000008574/ , 121
http://www.myrecipes.com/healthy-diet/ , 122
http://www.myrecipes.com/menus/ , 123
http://www.myrecipes.com/m/summer-grilling/ , 124
http://www.myrecipes.com/special-diet/ , 125
http://www.myrecipes.com/m/r/profiles/new/ , 126
http://www.myrecipes.com/healthy-diet/calorie-counts/20-ways-to-indulge-your-cravings-10000001677315/ , 127
http://www.myrecipes.com/general/rss-00420000000033/ , 128
http://www.myrecipes.com/fathers-day-recipes/ , 129
http://www.myrecipes.com/m/recipe-finder/ , 130
http://www.myrecipes.com/m/how-to/video/cooking-videos-00420000005876/ , 131
http://www.myrecipes.com/t/hanukkah/latkes/ , 132
http://www.myrecipes.com/m/course/side-dish-recipes/100-summer-side-dishes-00420000011891/ , 133
http://www.myrecipes.com/general/recipe-of-the-day-calendars-00420000000563/ , 134
http://www.myrecipes.com/how-to/ , 135
http://www.myrecipes.com/recipe/roast-pork-sandwiches-10000001134089/ , 136
http://www.myrecipes.com/recipe/yogurt-cheese-appetizer-10000000701154/ , 137
http://www.myrecipes.com/how-to/ingredient-substitutions-00420000003012/ , 138
http://www.myrecipes.com/menus/weeknight-meal-planners-00420000011372/ , 139
http://www.myrecipes.com/menu/peaceful-wedding-weekend-menu-10000001840024/ , 140
http://www.myrecipes.com/summer-grilling/ , 141
http://www.myrecipes.com/low-sodium-recipes/ , 142
http://www.myrecipes.com/m/recipe/yogurt-cheese-appetizer-10000000701154/ , 143
http://www.myrecipes.com/summer-grilling/videos/how-to-baste-chicken-on-grill-10000001779382/ , 144
http://www.myrecipes.com/community/ , 145
http://www.myrecipes.com/m/healthy-diet/calorie-counts/20-ways-to-indulge-your-cravings-10000001677315/ , 146
http://www.myrecipes.com/course/ , 147
http://www.myrecipes.com/ingredients/ , 148
http://www.myrecipes.com/cooking-method/ , 149
http://www.myrecipes.com/holidays-and-occasions/resolution-recipes/easy-meal-planning-tips-10000001867438/ , 150
http://www.myrecipes.com/m/holidays-and-occasions/birthday-party-recipes/colorful-kids-birthday-party-00420000021794/ , 151
http://www.myrecipes.com/community/best-recipes/ , 152
http://www.myrecipes.com/m/ingredients/chicken-recipes/easy-greek-chicken-recipes-10000001990329/ , 153
http://www.myrecipes.com/convenience/ , 154
http://www.myrecipes.com/hanukkah-recipes/ , 155
http://www.myrecipes.com/holidays-and-occasions/how-to-make-gluten-free-holiday-recipes-00420000014196/ , 156
http://www.myrecipes.com/special-diet/diabetic-recipes/how-to-control-diabetes-10000001681819/ , 157
http://www.myrecipes.com/healthy-diet/calorie-counts/ , 158
http://www.myrecipes.com/quick-and-easy/easy-freezer-meals-10000001602670/ , 159
http://www.myrecipes.com/recipe-finder/ , 160
http://www.myrecipes.com/menus/menu-finder/menu-finder-00420000000247/ , 161
http://www.myrecipes.com/m/menus/holiday-party-planning-tips-10000001864538/ , 162
http://www.myrecipes.com/african-recipes/ , 163
http://www.myrecipes.com/m/quick-and-easy/5-ingredient-sandwiches-00420000000865/ , 164
http://www.myrecipes.com/general/myrecipes-ipad-app-00420000007108/ , 165
http://www.myrecipes.com/general/contact-us-00420000000030/ , 166
http://www.myrecipes.com/newsletter/ , 167
http://www.myrecipes.com/community/recipe-collection-index-00420000008972/ , 168
http://www.myrecipes.com/quick-and-easy/5-ingredients-or-less/five-and-dine-00420000006245/ , 169
http://www.myrecipes.com/general/new-recipe-emails-00420000019209/ , 170
http://www.myrecipes.com/kwanzaa-recipes/ , 171
http://www.myrecipes.com/quick-and-easy/5-ingredients-or-less/five-and-dine-player-00420000011079/ , 172
http://www.myrecipes.com/ , 173
http://www.myrecipes.com/world-cuisine/mexican-recipes/mexican-dinner-menus-00420000001305/ , 174
http://www.myrecipes.com/world-cuisine/thai-recipes/thai-chicken-recipes-00420000001306/ , 175
http://www.myrecipes.com/chinese-new-year-recipes/ , 176
http://www.myrecipes.com/holidays-and-occasions/ , 177
http://www.myrecipes.com/magazines-and-cookbooks/ , 178
http://www.myrecipes.com/r/profile/forgot_password/ , 179
http://www.myrecipes.com/world-cuisine/ , 180
http://www.myrecipes.com/holidays-and-occasions/birthday-party-recipes/colorful-kids-birthday-party-00420000021794/ , 181
http://www.myrecipes.com/m/special-diet/gluten-free-recipes/best-gluten-free-cookout-foods-00420000028319/ , 182
http://www.myrecipes.com/static/sitemap/ , 183
http://www.myrecipes.com/how-to/conversion-infographic-00420000013994/ , 184
http://www.myrecipes.com/r/profiles/new/ , 185
http://www.myrecipes.com/static/advertising/mediakit2/ , 186
http://www.myrecipes.com/m/holidays-and-occasions/wedding-and-shower-recipes/ultimate-wedding-menus-00420000004447/ , 187
http://www.myrecipes.com/summer-grilling/how-to-grill-perfect-chicken-00420000028313/ , 188
http://www.myrecipes.com/course/daily-indulgence-recipes/daily-indulgence-august-2012-00420000012620/ , 189
http://www.myrecipes.com/summer-grilling/summer-of-bacon-00420000029531/ , 190
http://www.myrecipes.com/menus/holiday-party-planning-tips-10000001864538/ , 191
http://www.myrecipes.com/m/oxmoor-house-books-recipes/ , 192
http://www.myrecipes.com/m/features/ , 193
